image_id,dataset,source_path,original_classes,binary_class,gt_box_count,viewpoint,country,resolution,notes
India_000005,RDD2022_India,RoadSentinel_datasets/rdd2022_full/India/India/train/images/India_000005.jpg,D40,road_defect,1,Forward-Facing Windshield Dashcam,India,720x720,Independent Cross-Domain Benchmark Sample
India_000010,RDD2022_India,RoadSentinel_datasets/rdd2022_full/India/India/train/images/India_000010.jpg,D44,road_defect,1,Forward-Facing Windshield Dashcam,India,720x720,Independent Cross-Domain Benchmark Sample
India_000011,RDD2022_India,RoadSentinel_datasets/rdd2022_full/India/India/train/images/India_000011.jpg,D00,road_defect,1,Forward-Facing Windshield Dashcam,India,720x720,Independent Cross-Domain Benchmark Sample
India_000014,RDD2022_India,RoadSentinel_datasets/rdd2022_full/India/India/train/images/India_000014.jpg,D20;D44,road_defect,3,Forward-Facing Windshield Dashcam,India,720x720,Independent Cross-Domain Benchmark Sample
India_000017,RDD2022_India,RoadSentinel_datasets/rdd2022_full/India/India/train/images/India_000017.jpg,D40;D44,road_defect,5,Forward-Facing Windshield Dashcam,India,720x720,Independent Cross-Domain Benchmark Sample
India_000024,RDD2022_India,RoadSentinel_datasets/rdd2022_full/India/India/train/images/India_000024.jpg,D20,road_defect,1,Forward-Facing Windshield Dashcam,India,720x720,Independent Cross-Domain Benchmark Sample
India_000027,RDD2022_India,RoadSentinel_datasets/rdd2022_full/India/India/train/images/India_000027.jpg,D20;D40,road_defect,6,Forward-Facing Windshield Dashcam,India,720x720,Independent Cross-Domain Benchmark Sample
India_000028,RDD2022_India,RoadSentinel_datasets/rdd2022_full/India/India/train/images/India_000028.jpg,D20,road_defect,1,Forward-Facing Windshield Dashcam,India,720x720,Independent Cross-Domain Benchmark Sample
India_000032,RDD2022_India,RoadSentinel_datasets/rdd2022_full/India/India/train/images/India_000032.jpg,D44,road_defect,2,Forward-Facing Windshield Dashcam,India,720x720,Independent Cross-Domain Benchmark Sample
India_000038,RDD2022_India,RoadSentinel_datasets/rdd2022_full/India/India/train/images/India_000038.jpg,D00;D01,road_defect,2,Forward-Facing Windshield Dashcam,India,720x720,Independent Cross-Domain Benchmark Sample
India_000043,RDD2022_India,RoadSentinel_datasets/rdd2022_full/India/India/train/images/India_000043.jpg,D20;D40,road_defect,7,Forward-Facing Windshield Dashcam,India,720x720,Independent Cross-Domain Benchmark Sample
India_000052,RDD2022_India,RoadSentinel_datasets/rdd2022_full/India/India/train/images/India_000052.jpg,D00;D20;D40,road_defect,9,Forward-Facing Windshield Dashcam,India,720x720,Independent Cross-Domain Benchmark Sample
India_000053,RDD2022_India,RoadSentinel_datasets/rdd2022_full/India/India/train/images/India_000053.jpg,D00;D20,road_defect,3,Forward-Facing Windshield Dashcam,India,720x720,Independent Cross-Domain Benchmark Sample
India_000054,RDD2022_India,RoadSentinel_datasets/rdd2022_full/India/India/train/images/India_000054.jpg,D00;D40,road_defect,2,Forward-Facing Windshield Dashcam,India,720x720,Independent Cross-Domain Benchmark Sample
India_000055,RDD2022_India,RoadSentinel_datasets/rdd2022_full/India/India/train/images/India_000055.jpg,D01;D11;D40,road_defect,3,Forward-Facing Windshield Dashcam,India,720x720,Independent Cross-Domain Benchmark Sample
India_000057,RDD2022_India,RoadSentinel_datasets/rdd2022_full/India/India/train/images/India_000057.jpg,D00;D40,road_defect,5,Forward-Facing Windshield Dashcam,India,720x720,Independent Cross-Domain Benchmark Sample
India_000061,RDD2022_India,RoadSentinel_datasets/rdd2022_full/India/India/train/images/India_000061.jpg,D40,road_defect,2,Forward-Facing Windshield Dashcam,India,720x720,Independent Cross-Domain Benchmark Sample
India_000067,RDD2022_India,RoadSentinel_datasets/rdd2022_full/India/India/train/images/India_000067.jpg,D20;D40,road_defect,2,Forward-Facing Windshield Dashcam,India,720x720,Independent Cross-Domain Benchmark Sample
India_000071,RDD2022_India,RoadSentinel_datasets/rdd2022_full/India/India/train/images/India_000071.jpg,D40,road_defect,2,Forward-Facing Windshield Dashcam,India,720x720,Independent Cross-Domain Benchmark Sample
India_000076,RDD2022_India,RoadSentinel_datasets/rdd2022_full/India/India/train/images/India_000076.jpg,D44,road_defect,1,Forward-Facing Windshield Dashcam,India,720x720,Independent Cross-Domain Benchmark Sample
India_000078,RDD2022_India,RoadSentinel_datasets/rdd2022_full/India/India/train/images/India_000078.jpg,D00;D11,road_defect,4,Forward-Facing Windshield Dashcam,India,720x720,Independent Cross-Domain Benchmark Sample
India_000081,RDD2022_India,RoadSentinel_datasets/rdd2022_full/India/India/train/images/India_000081.jpg,D40,road_defect,1,Forward-Facing Windshield Dashcam,India,720x720,Independent Cross-Domain Benchmark Sample
India_000086,RDD2022_India,RoadSentinel_datasets/rdd2022_full/India/India/train/images/India_000086.jpg,D00,road_defect,2,Forward-Facing Windshield Dashcam,India,720x720,Independent Cross-Domain Benchmark Sample
India_000088,RDD2022_India,RoadSentinel_datasets/rdd2022_full/India/India/train/images/India_000088.jpg,D44,road_defect,1,Forward-Facing Windshield Dashcam,India,720x720,Independent Cross-Domain Benchmark Sample
India_000090,RDD2022_India,RoadSentinel_datasets/rdd2022_full/India/India/train/images/India_000090.jpg,D00,road_defect,1,Forward-Facing Windshield Dashcam,India,720x720,Independent Cross-Domain Benchmark Sample
India_000092,RDD2022_India,RoadSentinel_datasets/rdd2022_full/India/India/train/images/India_000092.jpg,D00;D44,road_defect,4,Forward-Facing Windshield Dashcam,India,720x720,Independent Cross-Domain Benchmark Sample
India_000093,RDD2022_India,RoadSentinel_datasets/rdd2022_full/India/India/train/images/India_000093.jpg,D44,road_defect,1,Forward-Facing Windshield Dashcam,India,720x720,Independent Cross-Domain Benchmark Sample
India_000099,RDD2022_India,RoadSentinel_datasets/rdd2022_full/India/India/train/images/India_000099.jpg,D20;D44,road_defect,2,Forward-Facing Windshield Dashcam,India,720x720,Independent Cross-Domain Benchmark Sample
India_000102,RDD2022_India,RoadSentinel_datasets/rdd2022_full/India/India/train/images/India_000102.jpg,D00,road_defect,2,Forward-Facing Windshield Dashcam,India,720x720,Independent Cross-Domain Benchmark Sample
India_000103,RDD2022_India,RoadSentinel_datasets/rdd2022_full/India/India/train/images/India_000103.jpg,D40,road_defect,1,Forward-Facing Windshield Dashcam,India,720x720,Independent Cross-Domain Benchmark Sample
India_000104,RDD2022_India,RoadSentinel_datasets/rdd2022_full/India/India/train/images/India_000104.jpg,D00,road_defect,1,Forward-Facing Windshield Dashcam,India,720x720,Independent Cross-Domain Benchmark Sample
India_000105,RDD2022_India,RoadSentinel_datasets/rdd2022_full/India/India/train/images/India_000105.jpg,D40,road_defect,3,Forward-Facing Windshield Dashcam,India,720x720,Independent Cross-Domain Benchmark Sample
India_000109,RDD2022_India,RoadSentinel_datasets/rdd2022_full/India/India/train/images/India_000109.jpg,D20;D40,road_defect,2,Forward-Facing Windshield Dashcam,India,720x720,Independent Cross-Domain Benchmark Sample
India_000114,RDD2022_India,RoadSentinel_datasets/rdd2022_full/India/India/train/images/India_000114.jpg,D20,road_defect,1,Forward-Facing Windshield Dashcam,India,720x720,Independent Cross-Domain Benchmark Sample
India_000115,RDD2022_India,RoadSentinel_datasets/rdd2022_full/India/India/train/images/India_000115.jpg,D10;D40,road_defect,2,Forward-Facing Windshield Dashcam,India,720x720,Independent Cross-Domain Benchmark Sample
India_000125,RDD2022_India,RoadSentinel_datasets/rdd2022_full/India/India/train/images/India_000125.jpg,D00,road_defect,4,Forward-Facing Windshield Dashcam,India,720x720,Independent Cross-Domain Benchmark Sample
India_000126,RDD2022_India,RoadSentinel_datasets/rdd2022_full/India/India/train/images/India_000126.jpg,D20;D40,road_defect,3,Forward-Facing Windshield Dashcam,India,720x720,Independent Cross-Domain Benchmark Sample
India_000127,RDD2022_India,RoadSentinel_datasets/rdd2022_full/India/India/train/images/India_000127.jpg,D20;D40,road_defect,2,Forward-Facing Windshield Dashcam,India,720x720,Independent Cross-Domain Benchmark Sample
India_000128,RDD2022_India,RoadSentinel_datasets/rdd2022_full/India/India/train/images/India_000128.jpg,D40;D44;D50,road_defect,4,Forward-Facing Windshield Dashcam,India,720x720,Independent Cross-Domain Benchmark Sample
India_000130,RDD2022_India,RoadSentinel_datasets/rdd2022_full/India/India/train/images/India_000130.jpg,D20;D44,road_defect,2,Forward-Facing Windshield Dashcam,India,720x720,Independent Cross-Domain Benchmark Sample
India_000131,RDD2022_India,RoadSentinel_datasets/rdd2022_full/India/India/train/images/India_000131.jpg,D00;D20;D40,road_defect,3,Forward-Facing Windshield Dashcam,India,720x720,Independent Cross-Domain Benchmark Sample
India_000142,RDD2022_India,RoadSentinel_datasets/rdd2022_full/India/India/train/images/India_000142.jpg,D20;D43;D44,road_defect,3,Forward-Facing Windshield Dashcam,India,720x720,Independent Cross-Domain Benchmark Sample
India_000145,RDD2022_India,RoadSentinel_datasets/rdd2022_full/India/India/train/images/India_000145.jpg,D01;D11,road_defect,3,Forward-Facing Windshield Dashcam,India,720x720,Independent Cross-Domain Benchmark Sample
India_000146,RDD2022_India,RoadSentinel_datasets/rdd2022_full/India/India/train/images/India_000146.jpg,D44,road_defect,1,Forward-Facing Windshield Dashcam,India,720x720,Independent Cross-Domain Benchmark Sample
India_000147,RDD2022_India,RoadSentinel_datasets/rdd2022_full/India/India/train/images/India_000147.jpg,D00;D20;D40,road_defect,4,Forward-Facing Windshield Dashcam,India,720x720,Independent Cross-Domain Benchmark Sample
India_000155,RDD2022_India,RoadSentinel_datasets/rdd2022_full/India/India/train/images/India_000155.jpg,D00;D40,road_defect,2,Forward-Facing Windshield Dashcam,India,720x720,Independent Cross-Domain Benchmark Sample
India_000157,RDD2022_India,RoadSentinel_datasets/rdd2022_full/India/India/train/images/India_000157.jpg,D00;D20,road_defect,3,Forward-Facing Windshield Dashcam,India,720x720,Independent Cross-Domain Benchmark Sample
India_000158,RDD2022_India,RoadSentinel_datasets/rdd2022_full/India/India/train/images/India_000158.jpg,D20,road_defect,1,Forward-Facing Windshield Dashcam,India,720x720,Independent Cross-Domain Benchmark Sample
India_000163,RDD2022_India,RoadSentinel_datasets/rdd2022_full/India/India/train/images/India_000163.jpg,D43,road_defect,1,Forward-Facing Windshield Dashcam,India,720x720,Independent Cross-Domain Benchmark Sample
India_000164,RDD2022_India,RoadSentinel_datasets/rdd2022_full/India/India/train/images/India_000164.jpg,D20;D43,road_defect,2,Forward-Facing Windshield Dashcam,India,720x720,Independent Cross-Domain Benchmark Sample
India_000168,RDD2022_India,RoadSentinel_datasets/rdd2022_full/India/India/train/images/India_000168.jpg,D40,road_defect,3,Forward-Facing Windshield Dashcam,India,720x720,Independent Cross-Domain Benchmark Sample
India_000173,RDD2022_India,RoadSentinel_datasets/rdd2022_full/India/India/train/images/India_000173.jpg,D40,road_defect,2,Forward-Facing Windshield Dashcam,India,720x720,Independent Cross-Domain Benchmark Sample
India_000174,RDD2022_India,RoadSentinel_datasets/rdd2022_full/India/India/train/images/India_000174.jpg,D40,road_defect,4,Forward-Facing Windshield Dashcam,India,720x720,Independent Cross-Domain Benchmark Sample
India_000182,RDD2022_India,RoadSentinel_datasets/rdd2022_full/India/India/train/images/India_000182.jpg,D44,road_defect,1,Forward-Facing Windshield Dashcam,India,720x720,Independent Cross-Domain Benchmark Sample
India_000184,RDD2022_India,RoadSentinel_datasets/rdd2022_full/India/India/train/images/India_000184.jpg,D20,road_defect,1,Forward-Facing Windshield Dashcam,India,720x720,Independent Cross-Domain Benchmark Sample
India_000189,RDD2022_India,RoadSentinel_datasets/rdd2022_full/India/India/train/images/India_000189.jpg,D43,road_defect,1,Forward-Facing Windshield Dashcam,India,720x720,Independent Cross-Domain Benchmark Sample
India_000191,RDD2022_India,RoadSentinel_datasets/rdd2022_full/India/India/train/images/India_000191.jpg,D20;D44,road_defect,3,Forward-Facing Windshield Dashcam,India,720x720,Independent Cross-Domain Benchmark Sample
India_000193,RDD2022_India,RoadSentinel_datasets/rdd2022_full/India/India/train/images/India_000193.jpg,D10;D40,road_defect,3,Forward-Facing Windshield Dashcam,India,720x720,Independent Cross-Domain Benchmark Sample
India_000197,RDD2022_India,RoadSentinel_datasets/rdd2022_full/India/India/train/images/India_000197.jpg,D00;D20,road_defect,2,Forward-Facing Windshield Dashcam,India,720x720,Independent Cross-Domain Benchmark Sample
India_000199,RDD2022_India,RoadSentinel_datasets/rdd2022_full/India/India/train/images/India_000199.jpg,D00,road_defect,1,Forward-Facing Windshield Dashcam,India,720x720,Independent Cross-Domain Benchmark Sample
India_000200,RDD2022_India,RoadSentinel_datasets/rdd2022_full/India/India/train/images/India_000200.jpg,D20,road_defect,1,Forward-Facing Windshield Dashcam,India,720x720,Independent Cross-Domain Benchmark Sample
India_000201,RDD2022_India,RoadSentinel_datasets/rdd2022_full/India/India/train/images/India_000201.jpg,D44,road_defect,1,Forward-Facing Windshield Dashcam,India,720x720,Independent Cross-Domain Benchmark Sample
India_000203,RDD2022_India,RoadSentinel_datasets/rdd2022_full/India/India/train/images/India_000203.jpg,D44,road_defect,1,Forward-Facing Windshield Dashcam,India,720x720,Independent Cross-Domain Benchmark Sample
India_000205,RDD2022_India,RoadSentinel_datasets/rdd2022_full/India/India/train/images/India_000205.jpg,D00,road_defect,1,Forward-Facing Windshield Dashcam,India,720x720,Independent Cross-Domain Benchmark Sample
India_000209,RDD2022_India,RoadSentinel_datasets/rdd2022_full/India/India/train/images/India_000209.jpg,D20;D40,road_defect,7,Forward-Facing Windshield Dashcam,India,720x720,Independent Cross-Domain Benchmark Sample
India_000210,RDD2022_India,RoadSentinel_datasets/rdd2022_full/India/India/train/images/India_000210.jpg,D00,road_defect,1,Forward-Facing Windshield Dashcam,India,720x720,Independent Cross-Domain Benchmark Sample
India_000214,RDD2022_India,RoadSentinel_datasets/rdd2022_full/India/India/train/images/India_000214.jpg,D44,road_defect,1,Forward-Facing Windshield Dashcam,India,720x720,Independent Cross-Domain Benchmark Sample
India_000222,RDD2022_India,RoadSentinel_datasets/rdd2022_full/India/India/train/images/India_000222.jpg,D20;D44,road_defect,2,Forward-Facing Windshield Dashcam,India,720x720,Independent Cross-Domain Benchmark Sample
India_000223,RDD2022_India,RoadSentinel_datasets/rdd2022_full/India/India/train/images/India_000223.jpg,D00;D40,road_defect,7,Forward-Facing Windshield Dashcam,India,720x720,Independent Cross-Domain Benchmark Sample
India_000224,RDD2022_India,RoadSentinel_datasets/rdd2022_full/India/India/train/images/India_000224.jpg,D00,road_defect,1,Forward-Facing Windshield Dashcam,India,720x720,Independent Cross-Domain Benchmark Sample
India_000230,RDD2022_India,RoadSentinel_datasets/rdd2022_full/India/India/train/images/India_000230.jpg,D20;D40,road_defect,2,Forward-Facing Windshield Dashcam,India,720x720,Independent Cross-Domain Benchmark Sample
India_000232,RDD2022_India,RoadSentinel_datasets/rdd2022_full/India/India/train/images/India_000232.jpg,D00,road_defect,1,Forward-Facing Windshield Dashcam,India,720x720,Independent Cross-Domain Benchmark Sample
India_000241,RDD2022_India,RoadSentinel_datasets/rdd2022_full/India/India/train/images/India_000241.jpg,D20;D40,road_defect,2,Forward-Facing Windshield Dashcam,India,720x720,Independent Cross-Domain Benchmark Sample
India_000245,RDD2022_India,RoadSentinel_datasets/rdd2022_full/India/India/train/images/India_000245.jpg,D44,road_defect,1,Forward-Facing Windshield Dashcam,India,720x720,Independent Cross-Domain Benchmark Sample
India_000256,RDD2022_India,RoadSentinel_datasets/rdd2022_full/India/India/train/images/India_000256.jpg,D00;D44,road_defect,2,Forward-Facing Windshield Dashcam,India,720x720,Independent Cross-Domain Benchmark Sample
India_000259,RDD2022_India,RoadSentinel_datasets/rdd2022_full/India/India/train/images/India_000259.jpg,D00,road_defect,1,Forward-Facing Windshield Dashcam,India,720x720,Independent Cross-Domain Benchmark Sample
India_000260,RDD2022_India,RoadSentinel_datasets/rdd2022_full/India/India/train/images/India_000260.jpg,D44,road_defect,1,Forward-Facing Windshield Dashcam,India,720x720,Independent Cross-Domain Benchmark Sample
India_000261,RDD2022_India,RoadSentinel_datasets/rdd2022_full/India/India/train/images/India_000261.jpg,D40,road_defect,1,Forward-Facing Windshield Dashcam,India,720x720,Independent Cross-Domain Benchmark Sample
India_000267,RDD2022_India,RoadSentinel_datasets/rdd2022_full/India/India/train/images/India_000267.jpg,D00,road_defect,3,Forward-Facing Windshield Dashcam,India,720x720,Independent Cross-Domain Benchmark Sample
India_000268,RDD2022_India,RoadSentinel_datasets/rdd2022_full/India/India/train/images/India_000268.jpg,D40;D50,road_defect,2,Forward-Facing Windshield Dashcam,India,720x720,Independent Cross-Domain Benchmark Sample
India_000269,RDD2022_India,RoadSentinel_datasets/rdd2022_full/India/India/train/images/India_000269.jpg,D20,road_defect,1,Forward-Facing Windshield Dashcam,India,720x720,Independent Cross-Domain Benchmark Sample
India_000270,RDD2022_India,RoadSentinel_datasets/rdd2022_full/India/India/train/images/India_000270.jpg,D00;D20,road_defect,2,Forward-Facing Windshield Dashcam,India,720x720,Independent Cross-Domain Benchmark Sample
India_000271,RDD2022_India,RoadSentinel_datasets/rdd2022_full/India/India/train/images/India_000271.jpg,D20,road_defect,1,Forward-Facing Windshield Dashcam,India,720x720,Independent Cross-Domain Benchmark Sample
India_000272,RDD2022_India,RoadSentinel_datasets/rdd2022_full/India/India/train/images/India_000272.jpg,D20;D43;D44,road_defect,3,Forward-Facing Windshield Dashcam,India,720x720,Independent Cross-Domain Benchmark Sample
India_000274,RDD2022_India,RoadSentinel_datasets/rdd2022_full/India/India/train/images/India_000274.jpg,D20;D40,road_defect,4,Forward-Facing Windshield Dashcam,India,720x720,Independent Cross-Domain Benchmark Sample
India_000275,RDD2022_India,RoadSentinel_datasets/rdd2022_full/India/India/train/images/India_000275.jpg,D00;D44,road_defect,2,Forward-Facing Windshield Dashcam,India,720x720,Independent Cross-Domain Benchmark Sample
India_000278,RDD2022_India,RoadSentinel_datasets/rdd2022_full/India/India/train/images/India_000278.jpg,D40,road_defect,1,Forward-Facing Windshield Dashcam,India,720x720,Independent Cross-Domain Benchmark Sample
India_000283,RDD2022_India,RoadSentinel_datasets/rdd2022_full/India/India/train/images/India_000283.jpg,D20;D44,road_defect,2,Forward-Facing Windshield Dashcam,India,720x720,Independent Cross-Domain Benchmark Sample
India_000285,RDD2022_India,RoadSentinel_datasets/rdd2022_full/India/India/train/images/India_000285.jpg,D20;D43;D44,road_defect,3,Forward-Facing Windshield Dashcam,India,720x720,Independent Cross-Domain Benchmark Sample
India_000288,RDD2022_India,RoadSentinel_datasets/rdd2022_full/India/India/train/images/India_000288.jpg,D40,road_defect,2,Forward-Facing Windshield Dashcam,India,720x720,Independent Cross-Domain Benchmark Sample
India_000292,RDD2022_India,RoadSentinel_datasets/rdd2022_full/India/India/train/images/India_000292.jpg,D00;D20,road_defect,2,Forward-Facing Windshield Dashcam,India,720x720,Independent Cross-Domain Benchmark Sample
India_000293,RDD2022_India,RoadSentinel_datasets/rdd2022_full/India/India/train/images/India_000293.jpg,D00,road_defect,1,Forward-Facing Windshield Dashcam,India,720x720,Independent Cross-Domain Benchmark Sample
India_000298,RDD2022_India,RoadSentinel_datasets/rdd2022_full/India/India/train/images/India_000298.jpg,D20,road_defect,2,Forward-Facing Windshield Dashcam,India,720x720,Independent Cross-Domain Benchmark Sample
India_000299,RDD2022_India,RoadSentinel_datasets/rdd2022_full/India/India/train/images/India_000299.jpg,D00;D20,road_defect,2,Forward-Facing Windshield Dashcam,India,720x720,Independent Cross-Domain Benchmark Sample
India_000301,RDD2022_India,RoadSentinel_datasets/rdd2022_full/India/India/train/images/India_000301.jpg,D40,road_defect,2,Forward-Facing Windshield Dashcam,India,720x720,Independent Cross-Domain Benchmark Sample
India_000302,RDD2022_India,RoadSentinel_datasets/rdd2022_full/India/India/train/images/India_000302.jpg,D20,road_defect,1,Forward-Facing Windshield Dashcam,India,720x720,Independent Cross-Domain Benchmark Sample
India_000309,RDD2022_India,RoadSentinel_datasets/rdd2022_full/India/India/train/images/India_000309.jpg,D01;D20,road_defect,2,Forward-Facing Windshield Dashcam,India,720x720,Independent Cross-Domain Benchmark Sample
India_000310,RDD2022_India,RoadSentinel_datasets/rdd2022_full/India/India/train/images/India_000310.jpg,D20,road_defect,1,Forward-Facing Windshield Dashcam,India,720x720,Independent Cross-Domain Benchmark Sample
India_000312,RDD2022_India,RoadSentinel_datasets/rdd2022_full/India/India/train/images/India_000312.jpg,D00,road_defect,1,Forward-Facing Windshield Dashcam,India,720x720,Independent Cross-Domain Benchmark Sample
India_000316,RDD2022_India,RoadSentinel_datasets/rdd2022_full/India/India/train/images/India_000316.jpg,D00;D20;D40,road_defect,7,Forward-Facing Windshield Dashcam,India,720x720,Independent Cross-Domain Benchmark Sample
India_000317,RDD2022_India,RoadSentinel_datasets/rdd2022_full/India/India/train/images/India_000317.jpg,D00;D20;D40,road_defect,3,Forward-Facing Windshield Dashcam,India,720x720,Independent Cross-Domain Benchmark Sample
India_000319,RDD2022_India,RoadSentinel_datasets/rdd2022_full/India/India/train/images/India_000319.jpg,D00;D01,road_defect,2,Forward-Facing Windshield Dashcam,India,720x720,Independent Cross-Domain Benchmark Sample
India_000320,RDD2022_India,RoadSentinel_datasets/rdd2022_full/India/India/train/images/India_000320.jpg,D00;D40,road_defect,2,Forward-Facing Windshield Dashcam,India,720x720,Independent Cross-Domain Benchmark Sample
India_000323,RDD2022_India,RoadSentinel_datasets/rdd2022_full/India/India/train/images/India_000323.jpg,D20;D40,road_defect,4,Forward-Facing Windshield Dashcam,India,720x720,Independent Cross-Domain Benchmark Sample
India_000329,RDD2022_India,RoadSentinel_datasets/rdd2022_full/India/India/train/images/India_000329.jpg,D44,road_defect,1,Forward-Facing Windshield Dashcam,India,720x720,Independent Cross-Domain Benchmark Sample
India_000330,RDD2022_India,RoadSentinel_datasets/rdd2022_full/India/India/train/images/India_000330.jpg,D00,road_defect,1,Forward-Facing Windshield Dashcam,India,720x720,Independent Cross-Domain Benchmark Sample
India_000335,RDD2022_India,RoadSentinel_datasets/rdd2022_full/India/India/train/images/India_000335.jpg,D44,road_defect,1,Forward-Facing Windshield Dashcam,India,720x720,Independent Cross-Domain Benchmark Sample
India_000343,RDD2022_India,RoadSentinel_datasets/rdd2022_full/India/India/train/images/India_000343.jpg,D20;D44,road_defect,2,Forward-Facing Windshield Dashcam,India,720x720,Independent Cross-Domain Benchmark Sample
India_000348,RDD2022_India,RoadSentinel_datasets/rdd2022_full/India/India/train/images/India_000348.jpg,D20;D44,road_defect,2,Forward-Facing Windshield Dashcam,India,720x720,Independent Cross-Domain Benchmark Sample
India_000350,RDD2022_India,RoadSentinel_datasets/rdd2022_full/India/India/train/images/India_000350.jpg,D20,road_defect,1,Forward-Facing Windshield Dashcam,India,720x720,Independent Cross-Domain Benchmark Sample
India_000352,RDD2022_India,RoadSentinel_datasets/rdd2022_full/India/India/train/images/India_000352.jpg,D20;D40,road_defect,4,Forward-Facing Windshield Dashcam,India,720x720,Independent Cross-Domain Benchmark Sample
India_000353,RDD2022_India,RoadSentinel_datasets/rdd2022_full/India/India/train/images/India_000353.jpg,D20;D44,road_defect,3,Forward-Facing Windshield Dashcam,India,720x720,Independent Cross-Domain Benchmark Sample
India_000358,RDD2022_India,RoadSentinel_datasets/rdd2022_full/India/India/train/images/India_000358.jpg,D50,road_defect,1,Forward-Facing Windshield Dashcam,India,720x720,Independent Cross-Domain Benchmark Sample
India_000361,RDD2022_India,RoadSentinel_datasets/rdd2022_full/India/India/train/images/India_000361.jpg,D20;D40,road_defect,4,Forward-Facing Windshield Dashcam,India,720x720,Independent Cross-Domain Benchmark Sample
India_000362,RDD2022_India,RoadSentinel_datasets/rdd2022_full/India/India/train/images/India_000362.jpg,D00;D20,road_defect,5,Forward-Facing Windshield Dashcam,India,720x720,Independent Cross-Domain Benchmark Sample
India_000367,RDD2022_India,RoadSentinel_datasets/rdd2022_full/India/India/train/images/India_000367.jpg,D00;D20;D40,road_defect,3,Forward-Facing Windshield Dashcam,India,720x720,Independent Cross-Domain Benchmark Sample
India_000368,RDD2022_India,RoadSentinel_datasets/rdd2022_full/India/India/train/images/India_000368.jpg,D00;D40,road_defect,5,Forward-Facing Windshield Dashcam,India,720x720,Independent Cross-Domain Benchmark Sample
India_000369,RDD2022_India,RoadSentinel_datasets/rdd2022_full/India/India/train/images/India_000369.jpg,D20;D44,road_defect,2,Forward-Facing Windshield Dashcam,India,720x720,Independent Cross-Domain Benchmark Sample
India_000371,RDD2022_India,RoadSentinel_datasets/rdd2022_full/India/India/train/images/India_000371.jpg,D20;D44,road_defect,3,Forward-Facing Windshield Dashcam,India,720x720,Independent Cross-Domain Benchmark Sample
India_000373,RDD2022_India,RoadSentinel_datasets/rdd2022_full/India/India/train/images/India_000373.jpg,D00;D40,road_defect,2,Forward-Facing Windshield Dashcam,India,720x720,Independent Cross-Domain Benchmark Sample
India_000379,RDD2022_India,RoadSentinel_datasets/rdd2022_full/India/India/train/images/India_000379.jpg,D44,road_defect,1,Forward-Facing Windshield Dashcam,India,720x720,Independent Cross-Domain Benchmark Sample
India_000382,RDD2022_India,RoadSentinel_datasets/rdd2022_full/India/India/train/images/India_000382.jpg,D00;D20,road_defect,5,Forward-Facing Windshield Dashcam,India,720x720,Independent Cross-Domain Benchmark Sample
India_000383,RDD2022_India,RoadSentinel_datasets/rdd2022_full/India/India/train/images/India_000383.jpg,D20;D40,road_defect,6,Forward-Facing Windshield Dashcam,India,720x720,Independent Cross-Domain Benchmark Sample
India_000384,RDD2022_India,RoadSentinel_datasets/rdd2022_full/India/India/train/images/India_000384.jpg,D20;D40,road_defect,3,Forward-Facing Windshield Dashcam,India,720x720,Independent Cross-Domain Benchmark Sample
India_000389,RDD2022_India,RoadSentinel_datasets/rdd2022_full/India/India/train/images/India_000389.jpg,D40,road_defect,1,Forward-Facing Windshield Dashcam,India,720x720,Independent Cross-Domain Benchmark Sample
India_000391,RDD2022_India,RoadSentinel_datasets/rdd2022_full/India/India/train/images/India_000391.jpg,D00;D40;D44,road_defect,3,Forward-Facing Windshield Dashcam,India,720x720,Independent Cross-Domain Benchmark Sample
India_000392,RDD2022_India,RoadSentinel_datasets/rdd2022_full/India/India/train/images/India_000392.jpg,D40,road_defect,1,Forward-Facing Windshield Dashcam,India,720x720,Independent Cross-Domain Benchmark Sample
India_000399,RDD2022_India,RoadSentinel_datasets/rdd2022_full/India/India/train/images/India_000399.jpg,D40,road_defect,2,Forward-Facing Windshield Dashcam,India,720x720,Independent Cross-Domain Benchmark Sample
India_000402,RDD2022_India,RoadSentinel_datasets/rdd2022_full/India/India/train/images/India_000402.jpg,D40,road_defect,2,Forward-Facing Windshield Dashcam,India,720x720,Independent Cross-Domain Benchmark Sample
India_000403,RDD2022_India,RoadSentinel_datasets/rdd2022_full/India/India/train/images/India_000403.jpg,D20,road_defect,1,Forward-Facing Windshield Dashcam,India,720x720,Independent Cross-Domain Benchmark Sample
India_000407,RDD2022_India,RoadSentinel_datasets/rdd2022_full/India/India/train/images/India_000407.jpg,D44,road_defect,2,Forward-Facing Windshield Dashcam,India,720x720,Independent Cross-Domain Benchmark Sample
India_000409,RDD2022_India,RoadSentinel_datasets/rdd2022_full/India/India/train/images/India_000409.jpg,D20;D44,road_defect,2,Forward-Facing Windshield Dashcam,India,720x720,Independent Cross-Domain Benchmark Sample
India_000410,RDD2022_India,RoadSentinel_datasets/rdd2022_full/India/India/train/images/India_000410.jpg,D44,road_defect,1,Forward-Facing Windshield Dashcam,India,720x720,Independent Cross-Domain Benchmark Sample
India_000412,RDD2022_India,RoadSentinel_datasets/rdd2022_full/India/India/train/images/India_000412.jpg,D00;D20,road_defect,2,Forward-Facing Windshield Dashcam,India,720x720,Independent Cross-Domain Benchmark Sample
India_000414,RDD2022_India,RoadSentinel_datasets/rdd2022_full/India/India/train/images/India_000414.jpg,D44,road_defect,1,Forward-Facing Windshield Dashcam,India,720x720,Independent Cross-Domain Benchmark Sample
India_000416,RDD2022_India,RoadSentinel_datasets/rdd2022_full/India/India/train/images/India_000416.jpg,D20,road_defect,1,Forward-Facing Windshield Dashcam,India,720x720,Independent Cross-Domain Benchmark Sample
India_000421,RDD2022_India,RoadSentinel_datasets/rdd2022_full/India/India/train/images/India_000421.jpg,D20;D44,road_defect,2,Forward-Facing Windshield Dashcam,India,720x720,Independent Cross-Domain Benchmark Sample
India_000424,RDD2022_India,RoadSentinel_datasets/rdd2022_full/India/India/train/images/India_000424.jpg,D20,road_defect,1,Forward-Facing Windshield Dashcam,India,720x720,Independent Cross-Domain Benchmark Sample
India_000427,RDD2022_India,RoadSentinel_datasets/rdd2022_full/India/India/train/images/India_000427.jpg,D20,road_defect,1,Forward-Facing Windshield Dashcam,India,720x720,Independent Cross-Domain Benchmark Sample
India_000428,RDD2022_India,RoadSentinel_datasets/rdd2022_full/India/India/train/images/India_000428.jpg,D00,road_defect,1,Forward-Facing Windshield Dashcam,India,720x720,Independent Cross-Domain Benchmark Sample
India_000431,RDD2022_India,RoadSentinel_datasets/rdd2022_full/India/India/train/images/India_000431.jpg,D40,road_defect,1,Forward-Facing Windshield Dashcam,India,720x720,Independent Cross-Domain Benchmark Sample
India_000432,RDD2022_India,RoadSentinel_datasets/rdd2022_full/India/India/train/images/India_000432.jpg,D20,road_defect,1,Forward-Facing Windshield Dashcam,India,720x720,Independent Cross-Domain Benchmark Sample
India_000436,RDD2022_India,RoadSentinel_datasets/rdd2022_full/India/India/train/images/India_000436.jpg,D00;D20,road_defect,2,Forward-Facing Windshield Dashcam,India,720x720,Independent Cross-Domain Benchmark Sample
India_000438,RDD2022_India,RoadSentinel_datasets/rdd2022_full/India/India/train/images/India_000438.jpg,D40,road_defect,2,Forward-Facing Windshield Dashcam,India,720x720,Independent Cross-Domain Benchmark Sample
India_000439,RDD2022_India,RoadSentinel_datasets/rdd2022_full/India/India/train/images/India_000439.jpg,D20;D40,road_defect,8,Forward-Facing Windshield Dashcam,India,720x720,Independent Cross-Domain Benchmark Sample
India_000440,RDD2022_India,RoadSentinel_datasets/rdd2022_full/India/India/train/images/India_000440.jpg,D40,road_defect,1,Forward-Facing Windshield Dashcam,India,720x720,Independent Cross-Domain Benchmark Sample
India_000446,RDD2022_India,RoadSentinel_datasets/rdd2022_full/India/India/train/images/India_000446.jpg,D00,road_defect,1,Forward-Facing Windshield Dashcam,India,720x720,Independent Cross-Domain Benchmark Sample
India_000448,RDD2022_India,RoadSentinel_datasets/rdd2022_full/India/India/train/images/India_000448.jpg,D40,road_defect,3,Forward-Facing Windshield Dashcam,India,720x720,Independent Cross-Domain Benchmark Sample
India_000451,RDD2022_India,RoadSentinel_datasets/rdd2022_full/India/India/train/images/India_000451.jpg,D44,road_defect,1,Forward-Facing Windshield Dashcam,India,720x720,Independent Cross-Domain Benchmark Sample
India_000453,RDD2022_India,RoadSentinel_datasets/rdd2022_full/India/India/train/images/India_000453.jpg,D01,road_defect,1,Forward-Facing Windshield Dashcam,India,720x720,Independent Cross-Domain Benchmark Sample
India_000455,RDD2022_India,RoadSentinel_datasets/rdd2022_full/India/India/train/images/India_000455.jpg,D20,road_defect,1,Forward-Facing Windshield Dashcam,India,720x720,Independent Cross-Domain Benchmark Sample
India_000456,RDD2022_India,RoadSentinel_datasets/rdd2022_full/India/India/train/images/India_000456.jpg,D00;D40,road_defect,4,Forward-Facing Windshield Dashcam,India,720x720,Independent Cross-Domain Benchmark Sample
India_000459,RDD2022_India,RoadSentinel_datasets/rdd2022_full/India/India/train/images/India_000459.jpg,D20;D44,road_defect,2,Forward-Facing Windshield Dashcam,India,720x720,Independent Cross-Domain Benchmark Sample
India_000462,RDD2022_India,RoadSentinel_datasets/rdd2022_full/India/India/train/images/India_000462.jpg,D00;D20,road_defect,2,Forward-Facing Windshield Dashcam,India,720x720,Independent Cross-Domain Benchmark Sample
India_000466,RDD2022_India,RoadSentinel_datasets/rdd2022_full/India/India/train/images/India_000466.jpg,D20;D40,road_defect,5,Forward-Facing Windshield Dashcam,India,720x720,Independent Cross-Domain Benchmark Sample
India_000467,RDD2022_India,RoadSentinel_datasets/rdd2022_full/India/India/train/images/India_000467.jpg,D20;D44,road_defect,2,Forward-Facing Windshield Dashcam,India,720x720,Independent Cross-Domain Benchmark Sample
India_000470,RDD2022_India,RoadSentinel_datasets/rdd2022_full/India/India/train/images/India_000470.jpg,D40,road_defect,7,Forward-Facing Windshield Dashcam,India,720x720,Independent Cross-Domain Benchmark Sample
India_000471,RDD2022_India,RoadSentinel_datasets/rdd2022_full/India/India/train/images/India_000471.jpg,D20;D44,road_defect,2,Forward-Facing Windshield Dashcam,India,720x720,Independent Cross-Domain Benchmark Sample
India_000472,RDD2022_India,RoadSentinel_datasets/rdd2022_full/India/India/train/images/India_000472.jpg,D00;D20;D40,road_defect,4,Forward-Facing Windshield Dashcam,India,720x720,Independent Cross-Domain Benchmark Sample
India_000475,RDD2022_India,RoadSentinel_datasets/rdd2022_full/India/India/train/images/India_000475.jpg,D20;D40,road_defect,5,Forward-Facing Windshield Dashcam,India,720x720,Independent Cross-Domain Benchmark Sample
India_000477,RDD2022_India,RoadSentinel_datasets/rdd2022_full/India/India/train/images/India_000477.jpg,D44,road_defect,1,Forward-Facing Windshield Dashcam,India,720x720,Independent Cross-Domain Benchmark Sample
India_000478,RDD2022_India,RoadSentinel_datasets/rdd2022_full/India/India/train/images/India_000478.jpg,D00,road_defect,2,Forward-Facing Windshield Dashcam,India,720x720,Independent Cross-Domain Benchmark Sample
India_000480,RDD2022_India,RoadSentinel_datasets/rdd2022_full/India/India/train/images/India_000480.jpg,D20;D43,road_defect,2,Forward-Facing Windshield Dashcam,India,720x720,Independent Cross-Domain Benchmark Sample
India_000482,RDD2022_India,RoadSentinel_datasets/rdd2022_full/India/India/train/images/India_000482.jpg,D00,road_defect,2,Forward-Facing Windshield Dashcam,India,720x720,Independent Cross-Domain Benchmark Sample
India_000483,RDD2022_India,RoadSentinel_datasets/rdd2022_full/India/India/train/images/India_000483.jpg,D20,road_defect,1,Forward-Facing Windshield Dashcam,India,720x720,Independent Cross-Domain Benchmark Sample
India_000485,RDD2022_India,RoadSentinel_datasets/rdd2022_full/India/India/train/images/India_000485.jpg,D40,road_defect,1,Forward-Facing Windshield Dashcam,India,720x720,Independent Cross-Domain Benchmark Sample
India_000486,RDD2022_India,RoadSentinel_datasets/rdd2022_full/India/India/train/images/India_000486.jpg,D20;D40,road_defect,2,Forward-Facing Windshield Dashcam,India,720x720,Independent Cross-Domain Benchmark Sample
India_000492,RDD2022_India,RoadSentinel_datasets/rdd2022_full/India/India/train/images/India_000492.jpg,D44,road_defect,1,Forward-Facing Windshield Dashcam,India,720x720,Independent Cross-Domain Benchmark Sample
India_000493,RDD2022_India,RoadSentinel_datasets/rdd2022_full/India/India/train/images/India_000493.jpg,D20,road_defect,1,Forward-Facing Windshield Dashcam,India,720x720,Independent Cross-Domain Benchmark Sample
India_000494,RDD2022_India,RoadSentinel_datasets/rdd2022_full/India/India/train/images/India_000494.jpg,D00,road_defect,2,Forward-Facing Windshield Dashcam,India,720x720,Independent Cross-Domain Benchmark Sample
India_000495,RDD2022_India,RoadSentinel_datasets/rdd2022_full/India/India/train/images/India_000495.jpg,D44,road_defect,1,Forward-Facing Windshield Dashcam,India,720x720,Independent Cross-Domain Benchmark Sample
India_000498,RDD2022_India,RoadSentinel_datasets/rdd2022_full/India/India/train/images/India_000498.jpg,D20,road_defect,1,Forward-Facing Windshield Dashcam,India,720x720,Independent Cross-Domain Benchmark Sample
India_000500,RDD2022_India,RoadSentinel_datasets/rdd2022_full/India/India/train/images/India_000500.jpg,D20,road_defect,1,Forward-Facing Windshield Dashcam,India,720x720,Independent Cross-Domain Benchmark Sample
India_000504,RDD2022_India,RoadSentinel_datasets/rdd2022_full/India/India/train/images/India_000504.jpg,D20,road_defect,1,Forward-Facing Windshield Dashcam,India,720x720,Independent Cross-Domain Benchmark Sample
India_000511,RDD2022_India,RoadSentinel_datasets/rdd2022_full/India/India/train/images/India_000511.jpg,D00,road_defect,2,Forward-Facing Windshield Dashcam,India,720x720,Independent Cross-Domain Benchmark Sample
India_000512,RDD2022_India,RoadSentinel_datasets/rdd2022_full/India/India/train/images/India_000512.jpg,D20,road_defect,1,Forward-Facing Windshield Dashcam,India,720x720,Independent Cross-Domain Benchmark Sample
India_000514,RDD2022_India,RoadSentinel_datasets/rdd2022_full/India/India/train/images/India_000514.jpg,D00;D20,road_defect,2,Forward-Facing Windshield Dashcam,India,720x720,Independent Cross-Domain Benchmark Sample
India_000517,RDD2022_India,RoadSentinel_datasets/rdd2022_full/India/India/train/images/India_000517.jpg,D20;D40,road_defect,5,Forward-Facing Windshield Dashcam,India,720x720,Independent Cross-Domain Benchmark Sample
India_000522,RDD2022_India,RoadSentinel_datasets/rdd2022_full/India/India/train/images/India_000522.jpg,D20;D44,road_defect,2,Forward-Facing Windshield Dashcam,India,720x720,Independent Cross-Domain Benchmark Sample
India_000524,RDD2022_India,RoadSentinel_datasets/rdd2022_full/India/India/train/images/India_000524.jpg,D00;D20,road_defect,3,Forward-Facing Windshield Dashcam,India,720x720,Independent Cross-Domain Benchmark Sample
India_000525,RDD2022_India,RoadSentinel_datasets/rdd2022_full/India/India/train/images/India_000525.jpg,D20;D44,road_defect,2,Forward-Facing Windshield Dashcam,India,720x720,Independent Cross-Domain Benchmark Sample
India_000528,RDD2022_India,RoadSentinel_datasets/rdd2022_full/India/India/train/images/India_000528.jpg,D00;D10,road_defect,2,Forward-Facing Windshield Dashcam,India,720x720,Independent Cross-Domain Benchmark Sample
India_000532,RDD2022_India,RoadSentinel_datasets/rdd2022_full/India/India/train/images/India_000532.jpg,D00,road_defect,2,Forward-Facing Windshield Dashcam,India,720x720,Independent Cross-Domain Benchmark Sample
India_000534,RDD2022_India,RoadSentinel_datasets/rdd2022_full/India/India/train/images/India_000534.jpg,D44,road_defect,1,Forward-Facing Windshield Dashcam,India,720x720,Independent Cross-Domain Benchmark Sample
India_000535,RDD2022_India,RoadSentinel_datasets/rdd2022_full/India/India/train/images/India_000535.jpg,D40,road_defect,1,Forward-Facing Windshield Dashcam,India,720x720,Independent Cross-Domain Benchmark Sample
India_000537,RDD2022_India,RoadSentinel_datasets/rdd2022_full/India/India/train/images/India_000537.jpg,D00;D20;D40,road_defect,10,Forward-Facing Windshield Dashcam,India,720x720,Independent Cross-Domain Benchmark Sample
India_000542,RDD2022_India,RoadSentinel_datasets/rdd2022_full/India/India/train/images/India_000542.jpg,D00,road_defect,2,Forward-Facing Windshield Dashcam,India,720x720,Independent Cross-Domain Benchmark Sample
India_000544,RDD2022_India,RoadSentinel_datasets/rdd2022_full/India/India/train/images/India_000544.jpg,D20;D40,road_defect,4,Forward-Facing Windshield Dashcam,India,720x720,Independent Cross-Domain Benchmark Sample
India_000545,RDD2022_India,RoadSentinel_datasets/rdd2022_full/India/India/train/images/India_000545.jpg,D40,road_defect,1,Forward-Facing Windshield Dashcam,India,720x720,Independent Cross-Domain Benchmark Sample
India_000548,RDD2022_India,RoadSentinel_datasets/rdd2022_full/India/India/train/images/India_000548.jpg,D20,road_defect,1,Forward-Facing Windshield Dashcam,India,720x720,Independent Cross-Domain Benchmark Sample
India_000552,RDD2022_India,RoadSentinel_datasets/rdd2022_full/India/India/train/images/India_000552.jpg,D40,road_defect,6,Forward-Facing Windshield Dashcam,India,720x720,Independent Cross-Domain Benchmark Sample
India_000555,RDD2022_India,RoadSentinel_datasets/rdd2022_full/India/India/train/images/India_000555.jpg,D20,road_defect,2,Forward-Facing Windshield Dashcam,India,720x720,Independent Cross-Domain Benchmark Sample
India_000556,RDD2022_India,RoadSentinel_datasets/rdd2022_full/India/India/train/images/India_000556.jpg,D20,road_defect,2,Forward-Facing Windshield Dashcam,India,720x720,Independent Cross-Domain Benchmark Sample
India_000557,RDD2022_India,RoadSentinel_datasets/rdd2022_full/India/India/train/images/India_000557.jpg,D40,road_defect,5,Forward-Facing Windshield Dashcam,India,720x720,Independent Cross-Domain Benchmark Sample
India_000560,RDD2022_India,RoadSentinel_datasets/rdd2022_full/India/India/train/images/India_000560.jpg,D00,road_defect,2,Forward-Facing Windshield Dashcam,India,720x720,Independent Cross-Domain Benchmark Sample
India_000561,RDD2022_India,RoadSentinel_datasets/rdd2022_full/India/India/train/images/India_000561.jpg,D00,road_defect,1,Forward-Facing Windshield Dashcam,India,720x720,Independent Cross-Domain Benchmark Sample
India_000562,RDD2022_India,RoadSentinel_datasets/rdd2022_full/India/India/train/images/India_000562.jpg,D00;D40,road_defect,3,Forward-Facing Windshield Dashcam,India,720x720,Independent Cross-Domain Benchmark Sample
India_000563,RDD2022_India,RoadSentinel_datasets/rdd2022_full/India/India/train/images/India_000563.jpg,D20;D40,road_defect,2,Forward-Facing Windshield Dashcam,India,720x720,Independent Cross-Domain Benchmark Sample
India_000566,RDD2022_India,RoadSentinel_datasets/rdd2022_full/India/India/train/images/India_000566.jpg,D44,road_defect,1,Forward-Facing Windshield Dashcam,India,720x720,Independent Cross-Domain Benchmark Sample
India_000570,RDD2022_India,RoadSentinel_datasets/rdd2022_full/India/India/train/images/India_000570.jpg,D44,road_defect,2,Forward-Facing Windshield Dashcam,India,720x720,Independent Cross-Domain Benchmark Sample
India_000575,RDD2022_India,RoadSentinel_datasets/rdd2022_full/India/India/train/images/India_000575.jpg,D40,road_defect,2,Forward-Facing Windshield Dashcam,India,720x720,Independent Cross-Domain Benchmark Sample
India_000576,RDD2022_India,RoadSentinel_datasets/rdd2022_full/India/India/train/images/India_000576.jpg,D20;D40,road_defect,3,Forward-Facing Windshield Dashcam,India,720x720,Independent Cross-Domain Benchmark Sample
India_000578,RDD2022_India,RoadSentinel_datasets/rdd2022_full/India/India/train/images/India_000578.jpg,D00;D01,road_defect,3,Forward-Facing Windshield Dashcam,India,720x720,Independent Cross-Domain Benchmark Sample
India_000579,RDD2022_India,RoadSentinel_datasets/rdd2022_full/India/India/train/images/India_000579.jpg,D20;D40,road_defect,5,Forward-Facing Windshield Dashcam,India,720x720,Independent Cross-Domain Benchmark Sample
India_000580,RDD2022_India,RoadSentinel_datasets/rdd2022_full/India/India/train/images/India_000580.jpg,D20;D40;D44,road_defect,3,Forward-Facing Windshield Dashcam,India,720x720,Independent Cross-Domain Benchmark Sample
India_000581,RDD2022_India,RoadSentinel_datasets/rdd2022_full/India/India/train/images/India_000581.jpg,D40,road_defect,2,Forward-Facing Windshield Dashcam,India,720x720,Independent Cross-Domain Benchmark Sample
India_000582,RDD2022_India,RoadSentinel_datasets/rdd2022_full/India/India/train/images/India_000582.jpg,D20,road_defect,1,Forward-Facing Windshield Dashcam,India,720x720,Independent Cross-Domain Benchmark Sample
India_000586,RDD2022_India,RoadSentinel_datasets/rdd2022_full/India/India/train/images/India_000586.jpg,D20;D40,road_defect,4,Forward-Facing Windshield Dashcam,India,720x720,Independent Cross-Domain Benchmark Sample
India_000589,RDD2022_India,RoadSentinel_datasets/rdd2022_full/India/India/train/images/India_000589.jpg,D10,road_defect,1,Forward-Facing Windshield Dashcam,India,720x720,Independent Cross-Domain Benchmark Sample
India_000590,RDD2022_India,RoadSentinel_datasets/rdd2022_full/India/India/train/images/India_000590.jpg,D00;D40,road_defect,2,Forward-Facing Windshield Dashcam,India,720x720,Independent Cross-Domain Benchmark Sample
India_000591,RDD2022_India,RoadSentinel_datasets/rdd2022_full/India/India/train/images/India_000591.jpg,D20;D40,road_defect,2,Forward-Facing Windshield Dashcam,India,720x720,Independent Cross-Domain Benchmark Sample
India_000592,RDD2022_India,RoadSentinel_datasets/rdd2022_full/India/India/train/images/India_000592.jpg,D20;D43,road_defect,2,Forward-Facing Windshield Dashcam,India,720x720,Independent Cross-Domain Benchmark Sample
India_000595,RDD2022_India,RoadSentinel_datasets/rdd2022_full/India/India/train/images/India_000595.jpg,D40,road_defect,3,Forward-Facing Windshield Dashcam,India,720x720,Independent Cross-Domain Benchmark Sample
India_000596,RDD2022_India,RoadSentinel_datasets/rdd2022_full/India/India/train/images/India_000596.jpg,D20;D40,road_defect,2,Forward-Facing Windshield Dashcam,India,720x720,Independent Cross-Domain Benchmark Sample
India_000597,RDD2022_India,RoadSentinel_datasets/rdd2022_full/India/India/train/images/India_000597.jpg,D00;D20,road_defect,2,Forward-Facing Windshield Dashcam,India,720x720,Independent Cross-Domain Benchmark Sample
India_000599,RDD2022_India,RoadSentinel_datasets/rdd2022_full/India/India/train/images/India_000599.jpg,D00,road_defect,1,Forward-Facing Windshield Dashcam,India,720x720,Independent Cross-Domain Benchmark Sample
India_000601,RDD2022_India,RoadSentinel_datasets/rdd2022_full/India/India/train/images/India_000601.jpg,D20,road_defect,1,Forward-Facing Windshield Dashcam,India,720x720,Independent Cross-Domain Benchmark Sample
India_000603,RDD2022_India,RoadSentinel_datasets/rdd2022_full/India/India/train/images/India_000603.jpg,D00,road_defect,1,Forward-Facing Windshield Dashcam,India,720x720,Independent Cross-Domain Benchmark Sample
India_000605,RDD2022_India,RoadSentinel_datasets/rdd2022_full/India/India/train/images/India_000605.jpg,D20;D44,road_defect,4,Forward-Facing Windshield Dashcam,India,720x720,Independent Cross-Domain Benchmark Sample
India_000609,RDD2022_India,RoadSentinel_datasets/rdd2022_full/India/India/train/images/India_000609.jpg,D00;D20,road_defect,2,Forward-Facing Windshield Dashcam,India,720x720,Independent Cross-Domain Benchmark Sample
India_000611,RDD2022_India,RoadSentinel_datasets/rdd2022_full/India/India/train/images/India_000611.jpg,D20,road_defect,1,Forward-Facing Windshield Dashcam,India,720x720,Independent Cross-Domain Benchmark Sample
India_000612,RDD2022_India,RoadSentinel_datasets/rdd2022_full/India/India/train/images/India_000612.jpg,D40,road_defect,1,Forward-Facing Windshield Dashcam,India,720x720,Independent Cross-Domain Benchmark Sample
India_000614,RDD2022_India,RoadSentinel_datasets/rdd2022_full/India/India/train/images/India_000614.jpg,D40,road_defect,2,Forward-Facing Windshield Dashcam,India,720x720,Independent Cross-Domain Benchmark Sample
India_000617,RDD2022_India,RoadSentinel_datasets/rdd2022_full/India/India/train/images/India_000617.jpg,D20,road_defect,1,Forward-Facing Windshield Dashcam,India,720x720,Independent Cross-Domain Benchmark Sample
India_000618,RDD2022_India,RoadSentinel_datasets/rdd2022_full/India/India/train/images/India_000618.jpg,D20;D40;D44,road_defect,4,Forward-Facing Windshield Dashcam,India,720x720,Independent Cross-Domain Benchmark Sample
India_000622,RDD2022_India,RoadSentinel_datasets/rdd2022_full/India/India/train/images/India_000622.jpg,D20;D43,road_defect,3,Forward-Facing Windshield Dashcam,India,720x720,Independent Cross-Domain Benchmark Sample
India_000624,RDD2022_India,RoadSentinel_datasets/rdd2022_full/India/India/train/images/India_000624.jpg,D01,road_defect,1,Forward-Facing Windshield Dashcam,India,720x720,Independent Cross-Domain Benchmark Sample
India_000627,RDD2022_India,RoadSentinel_datasets/rdd2022_full/India/India/train/images/India_000627.jpg,D40,road_defect,1,Forward-Facing Windshield Dashcam,India,720x720,Independent Cross-Domain Benchmark Sample
India_000628,RDD2022_India,RoadSentinel_datasets/rdd2022_full/India/India/train/images/India_000628.jpg,D20;D40,road_defect,2,Forward-Facing Windshield Dashcam,India,720x720,Independent Cross-Domain Benchmark Sample
India_000630,RDD2022_India,RoadSentinel_datasets/rdd2022_full/India/India/train/images/India_000630.jpg,D00;D20,road_defect,2,Forward-Facing Windshield Dashcam,India,720x720,Independent Cross-Domain Benchmark Sample
India_000631,RDD2022_India,RoadSentinel_datasets/rdd2022_full/India/India/train/images/India_000631.jpg,D20;D40,road_defect,3,Forward-Facing Windshield Dashcam,India,720x720,Independent Cross-Domain Benchmark Sample
India_000638,RDD2022_India,RoadSentinel_datasets/rdd2022_full/India/India/train/images/India_000638.jpg,D44,road_defect,1,Forward-Facing Windshield Dashcam,India,720x720,Independent Cross-Domain Benchmark Sample
India_000644,RDD2022_India,RoadSentinel_datasets/rdd2022_full/India/India/train/images/India_000644.jpg,D00;D40,road_defect,2,Forward-Facing Windshield Dashcam,India,720x720,Independent Cross-Domain Benchmark Sample
India_000646,RDD2022_India,RoadSentinel_datasets/rdd2022_full/India/India/train/images/India_000646.jpg,D00;D20;D40,road_defect,3,Forward-Facing Windshield Dashcam,India,720x720,Independent Cross-Domain Benchmark Sample
India_000652,RDD2022_India,RoadSentinel_datasets/rdd2022_full/India/India/train/images/India_000652.jpg,D20;D40,road_defect,6,Forward-Facing Windshield Dashcam,India,720x720,Independent Cross-Domain Benchmark Sample
India_000654,RDD2022_India,RoadSentinel_datasets/rdd2022_full/India/India/train/images/India_000654.jpg,D40,road_defect,1,Forward-Facing Windshield Dashcam,India,720x720,Independent Cross-Domain Benchmark Sample
India_000655,RDD2022_India,RoadSentinel_datasets/rdd2022_full/India/India/train/images/India_000655.jpg,D20,road_defect,1,Forward-Facing Windshield Dashcam,India,720x720,Independent Cross-Domain Benchmark Sample
India_000656,RDD2022_India,RoadSentinel_datasets/rdd2022_full/India/India/train/images/India_000656.jpg,D20,road_defect,1,Forward-Facing Windshield Dashcam,India,720x720,Independent Cross-Domain Benchmark Sample
India_000659,RDD2022_India,RoadSentinel_datasets/rdd2022_full/India/India/train/images/India_000659.jpg,D20;D40,road_defect,7,Forward-Facing Windshield Dashcam,India,720x720,Independent Cross-Domain Benchmark Sample
India_000665,RDD2022_India,RoadSentinel_datasets/rdd2022_full/India/India/train/images/India_000665.jpg,D00;D20,road_defect,4,Forward-Facing Windshield Dashcam,India,720x720,Independent Cross-Domain Benchmark Sample
India_000667,RDD2022_India,RoadSentinel_datasets/rdd2022_full/India/India/train/images/India_000667.jpg,D20,road_defect,1,Forward-Facing Windshield Dashcam,India,720x720,Independent Cross-Domain Benchmark Sample
India_000669,RDD2022_India,RoadSentinel_datasets/rdd2022_full/India/India/train/images/India_000669.jpg,D00;D20;D40,road_defect,4,Forward-Facing Windshield Dashcam,India,720x720,Independent Cross-Domain Benchmark Sample
India_000676,RDD2022_India,RoadSentinel_datasets/rdd2022_full/India/India/train/images/India_000676.jpg,D20,road_defect,1,Forward-Facing Windshield Dashcam,India,720x720,Independent Cross-Domain Benchmark Sample
India_000678,RDD2022_India,RoadSentinel_datasets/rdd2022_full/India/India/train/images/India_000678.jpg,D20;D44,road_defect,2,Forward-Facing Windshield Dashcam,India,720x720,Independent Cross-Domain Benchmark Sample
India_000680,RDD2022_India,RoadSentinel_datasets/rdd2022_full/India/India/train/images/India_000680.jpg,D00;D20,road_defect,2,Forward-Facing Windshield Dashcam,India,720x720,Independent Cross-Domain Benchmark Sample
India_000681,RDD2022_India,RoadSentinel_datasets/rdd2022_full/India/India/train/images/India_000681.jpg,D44,road_defect,1,Forward-Facing Windshield Dashcam,India,720x720,Independent Cross-Domain Benchmark Sample
India_000682,RDD2022_India,RoadSentinel_datasets/rdd2022_full/India/India/train/images/India_000682.jpg,D40;D43,road_defect,2,Forward-Facing Windshield Dashcam,India,720x720,Independent Cross-Domain Benchmark Sample
India_000683,RDD2022_India,RoadSentinel_datasets/rdd2022_full/India/India/train/images/India_000683.jpg,D00,road_defect,2,Forward-Facing Windshield Dashcam,India,720x720,Independent Cross-Domain Benchmark Sample
India_000684,RDD2022_India,RoadSentinel_datasets/rdd2022_full/India/India/train/images/India_000684.jpg,D40,road_defect,2,Forward-Facing Windshield Dashcam,India,720x720,Independent Cross-Domain Benchmark Sample
India_000685,RDD2022_India,RoadSentinel_datasets/rdd2022_full/India/India/train/images/India_000685.jpg,D00;D40,road_defect,4,Forward-Facing Windshield Dashcam,India,720x720,Independent Cross-Domain Benchmark Sample
India_000688,RDD2022_India,RoadSentinel_datasets/rdd2022_full/India/India/train/images/India_000688.jpg,D00,road_defect,1,Forward-Facing Windshield Dashcam,India,720x720,Independent Cross-Domain Benchmark Sample
India_000690,RDD2022_India,RoadSentinel_datasets/rdd2022_full/India/India/train/images/India_000690.jpg,D20,road_defect,1,Forward-Facing Windshield Dashcam,India,720x720,Independent Cross-Domain Benchmark Sample
India_000700,RDD2022_India,RoadSentinel_datasets/rdd2022_full/India/India/train/images/India_000700.jpg,D20,road_defect,1,Forward-Facing Windshield Dashcam,India,720x720,Independent Cross-Domain Benchmark Sample
India_000701,RDD2022_India,RoadSentinel_datasets/rdd2022_full/India/India/train/images/India_000701.jpg,D40,road_defect,1,Forward-Facing Windshield Dashcam,India,720x720,Independent Cross-Domain Benchmark Sample
India_000702,RDD2022_India,RoadSentinel_datasets/rdd2022_full/India/India/train/images/India_000702.jpg,D20,road_defect,1,Forward-Facing Windshield Dashcam,India,720x720,Independent Cross-Domain Benchmark Sample
India_000705,RDD2022_India,RoadSentinel_datasets/rdd2022_full/India/India/train/images/India_000705.jpg,D20;D40,road_defect,3,Forward-Facing Windshield Dashcam,India,720x720,Independent Cross-Domain Benchmark Sample
India_000709,RDD2022_India,RoadSentinel_datasets/rdd2022_full/India/India/train/images/India_000709.jpg,D44,road_defect,1,Forward-Facing Windshield Dashcam,India,720x720,Independent Cross-Domain Benchmark Sample
India_000710,RDD2022_India,RoadSentinel_datasets/rdd2022_full/India/India/train/images/India_000710.jpg,D00;D40,road_defect,3,Forward-Facing Windshield Dashcam,India,720x720,Independent Cross-Domain Benchmark Sample
India_000711,RDD2022_India,RoadSentinel_datasets/rdd2022_full/India/India/train/images/India_000711.jpg,D44,road_defect,1,Forward-Facing Windshield Dashcam,India,720x720,Independent Cross-Domain Benchmark Sample
India_000714,RDD2022_India,RoadSentinel_datasets/rdd2022_full/India/India/train/images/India_000714.jpg,D20;D40,road_defect,3,Forward-Facing Windshield Dashcam,India,720x720,Independent Cross-Domain Benchmark Sample
India_000715,RDD2022_India,RoadSentinel_datasets/rdd2022_full/India/India/train/images/India_000715.jpg,D20,road_defect,1,Forward-Facing Windshield Dashcam,India,720x720,Independent Cross-Domain Benchmark Sample
India_000718,RDD2022_India,RoadSentinel_datasets/rdd2022_full/India/India/train/images/India_000718.jpg,D40,road_defect,2,Forward-Facing Windshield Dashcam,India,720x720,Independent Cross-Domain Benchmark Sample
India_000724,RDD2022_India,RoadSentinel_datasets/rdd2022_full/India/India/train/images/India_000724.jpg,D40,road_defect,1,Forward-Facing Windshield Dashcam,India,720x720,Independent Cross-Domain Benchmark Sample
India_000726,RDD2022_India,RoadSentinel_datasets/rdd2022_full/India/India/train/images/India_000726.jpg,D20,road_defect,1,Forward-Facing Windshield Dashcam,India,720x720,Independent Cross-Domain Benchmark Sample
India_000729,RDD2022_India,RoadSentinel_datasets/rdd2022_full/India/India/train/images/India_000729.jpg,D40,road_defect,6,Forward-Facing Windshield Dashcam,India,720x720,Independent Cross-Domain Benchmark Sample
India_000730,RDD2022_India,RoadSentinel_datasets/rdd2022_full/India/India/train/images/India_000730.jpg,D20,road_defect,1,Forward-Facing Windshield Dashcam,India,720x720,Independent Cross-Domain Benchmark Sample
India_000731,RDD2022_India,RoadSentinel_datasets/rdd2022_full/India/India/train/images/India_000731.jpg,D40,road_defect,1,Forward-Facing Windshield Dashcam,India,720x720,Independent Cross-Domain Benchmark Sample
India_000732,RDD2022_India,RoadSentinel_datasets/rdd2022_full/India/India/train/images/India_000732.jpg,D40,road_defect,1,Forward-Facing Windshield Dashcam,India,720x720,Independent Cross-Domain Benchmark Sample
India_000735,RDD2022_India,RoadSentinel_datasets/rdd2022_full/India/India/train/images/India_000735.jpg,D40,road_defect,1,Forward-Facing Windshield Dashcam,India,720x720,Independent Cross-Domain Benchmark Sample
India_000739,RDD2022_India,RoadSentinel_datasets/rdd2022_full/India/India/train/images/India_000739.jpg,D00;D20,road_defect,2,Forward-Facing Windshield Dashcam,India,720x720,Independent Cross-Domain Benchmark Sample
India_000740,RDD2022_India,RoadSentinel_datasets/rdd2022_full/India/India/train/images/India_000740.jpg,D00,road_defect,1,Forward-Facing Windshield Dashcam,India,720x720,Independent Cross-Domain Benchmark Sample
India_000742,RDD2022_India,RoadSentinel_datasets/rdd2022_full/India/India/train/images/India_000742.jpg,D00,road_defect,1,Forward-Facing Windshield Dashcam,India,720x720,Independent Cross-Domain Benchmark Sample
India_000743,RDD2022_India,RoadSentinel_datasets/rdd2022_full/India/India/train/images/India_000743.jpg,D40,road_defect,1,Forward-Facing Windshield Dashcam,India,720x720,Independent Cross-Domain Benchmark Sample
India_000744,RDD2022_India,RoadSentinel_datasets/rdd2022_full/India/India/train/images/India_000744.jpg,D40,road_defect,2,Forward-Facing Windshield Dashcam,India,720x720,Independent Cross-Domain Benchmark Sample
India_000745,RDD2022_India,RoadSentinel_datasets/rdd2022_full/India/India/train/images/India_000745.jpg,D40,road_defect,2,Forward-Facing Windshield Dashcam,India,720x720,Independent Cross-Domain Benchmark Sample
India_000746,RDD2022_India,RoadSentinel_datasets/rdd2022_full/India/India/train/images/India_000746.jpg,D40,road_defect,1,Forward-Facing Windshield Dashcam,India,720x720,Independent Cross-Domain Benchmark Sample
India_000747,RDD2022_India,RoadSentinel_datasets/rdd2022_full/India/India/train/images/India_000747.jpg,D40;D44,road_defect,2,Forward-Facing Windshield Dashcam,India,720x720,Independent Cross-Domain Benchmark Sample
India_000748,RDD2022_India,RoadSentinel_datasets/rdd2022_full/India/India/train/images/India_000748.jpg,D01,road_defect,1,Forward-Facing Windshield Dashcam,India,720x720,Independent Cross-Domain Benchmark Sample
India_000756,RDD2022_India,RoadSentinel_datasets/rdd2022_full/India/India/train/images/India_000756.jpg,D00;D40,road_defect,2,Forward-Facing Windshield Dashcam,India,720x720,Independent Cross-Domain Benchmark Sample
India_000758,RDD2022_India,RoadSentinel_datasets/rdd2022_full/India/India/train/images/India_000758.jpg,D01,road_defect,1,Forward-Facing Windshield Dashcam,India,720x720,Independent Cross-Domain Benchmark Sample
India_000759,RDD2022_India,RoadSentinel_datasets/rdd2022_full/India/India/train/images/India_000759.jpg,D20;D40;D44,road_defect,3,Forward-Facing Windshield Dashcam,India,720x720,Independent Cross-Domain Benchmark Sample
India_000760,RDD2022_India,RoadSentinel_datasets/rdd2022_full/India/India/train/images/India_000760.jpg,D00,road_defect,1,Forward-Facing Windshield Dashcam,India,720x720,Independent Cross-Domain Benchmark Sample
India_000763,RDD2022_India,RoadSentinel_datasets/rdd2022_full/India/India/train/images/India_000763.jpg,D01,road_defect,1,Forward-Facing Windshield Dashcam,India,720x720,Independent Cross-Domain Benchmark Sample
India_000765,RDD2022_India,RoadSentinel_datasets/rdd2022_full/India/India/train/images/India_000765.jpg,D00,road_defect,1,Forward-Facing Windshield Dashcam,India,720x720,Independent Cross-Domain Benchmark Sample
India_000768,RDD2022_India,RoadSentinel_datasets/rdd2022_full/India/India/train/images/India_000768.jpg,D20;D40,road_defect,2,Forward-Facing Windshield Dashcam,India,720x720,Independent Cross-Domain Benchmark Sample
India_000770,RDD2022_India,RoadSentinel_datasets/rdd2022_full/India/India/train/images/India_000770.jpg,D20;D40,road_defect,3,Forward-Facing Windshield Dashcam,India,720x720,Independent Cross-Domain Benchmark Sample
India_000771,RDD2022_India,RoadSentinel_datasets/rdd2022_full/India/India/train/images/India_000771.jpg,D40,road_defect,1,Forward-Facing Windshield Dashcam,India,720x720,Independent Cross-Domain Benchmark Sample
India_000772,RDD2022_India,RoadSentinel_datasets/rdd2022_full/India/India/train/images/India_000772.jpg,D44,road_defect,1,Forward-Facing Windshield Dashcam,India,720x720,Independent Cross-Domain Benchmark Sample
India_000773,RDD2022_India,RoadSentinel_datasets/rdd2022_full/India/India/train/images/India_000773.jpg,D20,road_defect,1,Forward-Facing Windshield Dashcam,India,720x720,Independent Cross-Domain Benchmark Sample
India_000775,RDD2022_India,RoadSentinel_datasets/rdd2022_full/India/India/train/images/India_000775.jpg,D20;D44,road_defect,3,Forward-Facing Windshield Dashcam,India,720x720,Independent Cross-Domain Benchmark Sample
India_000776,RDD2022_India,RoadSentinel_datasets/rdd2022_full/India/India/train/images/India_000776.jpg,D00,road_defect,1,Forward-Facing Windshield Dashcam,India,720x720,Independent Cross-Domain Benchmark Sample
India_000780,RDD2022_India,RoadSentinel_datasets/rdd2022_full/India/India/train/images/India_000780.jpg,D00;D20,road_defect,2,Forward-Facing Windshield Dashcam,India,720x720,Independent Cross-Domain Benchmark Sample
India_000781,RDD2022_India,RoadSentinel_datasets/rdd2022_full/India/India/train/images/India_000781.jpg,D00;D40,road_defect,2,Forward-Facing Windshield Dashcam,India,720x720,Independent Cross-Domain Benchmark Sample
India_000782,RDD2022_India,RoadSentinel_datasets/rdd2022_full/India/India/train/images/India_000782.jpg,D20,road_defect,1,Forward-Facing Windshield Dashcam,India,720x720,Independent Cross-Domain Benchmark Sample
India_000785,RDD2022_India,RoadSentinel_datasets/rdd2022_full/India/India/train/images/India_000785.jpg,D20;D40,road_defect,2,Forward-Facing Windshield Dashcam,India,720x720,Independent Cross-Domain Benchmark Sample
India_000788,RDD2022_India,RoadSentinel_datasets/rdd2022_full/India/India/train/images/India_000788.jpg,D20,road_defect,2,Forward-Facing Windshield Dashcam,India,720x720,Independent Cross-Domain Benchmark Sample
India_000789,RDD2022_India,RoadSentinel_datasets/rdd2022_full/India/India/train/images/India_000789.jpg,D44,road_defect,1,Forward-Facing Windshield Dashcam,India,720x720,Independent Cross-Domain Benchmark Sample
India_000791,RDD2022_India,RoadSentinel_datasets/rdd2022_full/India/India/train/images/India_000791.jpg,D00;D20,road_defect,3,Forward-Facing Windshield Dashcam,India,720x720,Independent Cross-Domain Benchmark Sample
India_000796,RDD2022_India,RoadSentinel_datasets/rdd2022_full/India/India/train/images/India_000796.jpg,D00,road_defect,1,Forward-Facing Windshield Dashcam,India,720x720,Independent Cross-Domain Benchmark Sample
India_000797,RDD2022_India,RoadSentinel_datasets/rdd2022_full/India/India/train/images/India_000797.jpg,D40,road_defect,1,Forward-Facing Windshield Dashcam,India,720x720,Independent Cross-Domain Benchmark Sample
