image_id,gt_count,yolo_pred_count,yolo_tp,yolo_fp,yolo_fn,yolo_precision,yolo_recall,yolo_f1,yolo_mean_iou,yolo_latency_ms,dino_sam_pred_count,dino_sam_tp,dino_sam_fp,dino_sam_fn,dino_sam_precision,dino_sam_recall,dino_sam_f1,dino_sam_mean_iou,dino_sam_latency_ms,winner_or_note
China_Drone_000001,2,5,2,3,0,0.4,1.0,0.5714,0.6654,3.55,4,0,4,2,0.0,0.0,0.0,0.0,292.28,YOLO
China_Drone_000004,2,1,1,0,1,1.0,0.5,0.6667,0.8136,3.74,4,0,4,2,0.0,0.0,0.0,0.0,453.17,YOLO
China_Drone_000010,3,2,2,0,1,1.0,0.6667,0.8,0.893,4.51,1,0,1,3,0.0,0.0,0.0,0.0,392.81,YOLO
China_Drone_000015,1,2,1,1,0,0.5,1.0,0.6667,0.7662,3.38,2,0,2,1,0.0,0.0,0.0,0.0,270.12,YOLO
China_Drone_000017,1,2,1,1,0,0.5,1.0,0.6667,0.7623,3.41,2,0,2,1,0.0,0.0,0.0,0.0,232.19,YOLO
China_Drone_000022,2,2,2,0,0,1.0,1.0,1.0,0.78,3.44,5,1,4,1,0.2,0.5,0.2857,0.5105,337.37,YOLO
China_Drone_000023,2,2,2,0,0,1.0,1.0,1.0,0.8611,3.58,8,0,8,2,0.0,0.0,0.0,0.0,486.95,YOLO
China_Drone_000024,2,2,2,0,0,1.0,1.0,1.0,0.7071,3.9,4,0,4,2,0.0,0.0,0.0,0.0,320.93,YOLO
China_Drone_000033,2,0,0,0,2,0.0,0.0,0.0,0.0,3.26,0,0,0,2,0.0,0.0,0.0,0.0,152.64,TIED_ZERO_OR_FAIL
China_Drone_000034,1,1,1,0,0,1.0,1.0,1.0,0.7864,3.47,3,0,3,1,0.0,0.0,0.0,0.0,217.65,YOLO
China_Drone_000036,2,2,2,0,0,1.0,1.0,1.0,0.8359,3.31,6,0,6,2,0.0,0.0,0.0,0.0,620.61,YOLO
China_Drone_000037,1,1,1,0,0,1.0,1.0,1.0,0.7806,3.52,2,0,2,1,0.0,0.0,0.0,0.0,225.37,YOLO
China_Drone_000045,2,2,1,1,1,0.5,0.5,0.5,0.8865,3.69,5,0,5,2,0.0,0.0,0.0,0.0,349.36,YOLO
China_Drone_000049,1,2,1,1,0,0.5,1.0,0.6667,0.9828,3.49,3,0,3,1,0.0,0.0,0.0,0.0,237.64,YOLO
China_Drone_000064,2,2,2,0,0,1.0,1.0,1.0,0.9008,3.85,2,0,2,2,0.0,0.0,0.0,0.0,272.05,YOLO
China_Drone_000070,1,2,1,1,0,0.5,1.0,0.6667,0.8477,3.41,1,0,1,1,0.0,0.0,0.0,0.0,142.35,YOLO
China_Drone_000072,1,1,1,0,0,1.0,1.0,1.0,0.9243,3.25,1,0,1,1,0.0,0.0,0.0,0.0,249.1,YOLO
China_Drone_000074,2,4,2,2,0,0.5,1.0,0.6667,0.6813,3.4,2,0,2,2,0.0,0.0,0.0,0.0,274.08,YOLO
China_Drone_000088,2,1,1,0,1,1.0,0.5,0.6667,0.7506,3.4,2,0,2,2,0.0,0.0,0.0,0.0,398.84,YOLO
China_Drone_000091,2,2,2,0,0,1.0,1.0,1.0,0.8692,3.35,3,1,2,1,0.3333,0.5,0.4,0.8233,256.08,YOLO
China_Drone_000099,2,2,2,0,0,1.0,1.0,1.0,0.9417,3.64,1,0,1,2,0.0,0.0,0.0,0.0,180.93,YOLO
China_Drone_000104,2,2,2,0,0,1.0,1.0,1.0,0.9493,3.37,2,0,2,2,0.0,0.0,0.0,0.0,172.96,YOLO
China_Drone_000112,2,5,1,4,1,0.2,0.5,0.2857,0.7126,3.34,3,0,3,2,0.0,0.0,0.0,0.0,237.75,YOLO
China_Drone_000115,2,3,2,1,0,0.6667,1.0,0.8,0.929,3.3,2,0,2,2,0.0,0.0,0.0,0.0,258.25,YOLO
China_Drone_000118,1,3,1,2,0,0.3333,1.0,0.5,0.8869,3.53,2,0,2,1,0.0,0.0,0.0,0.0,192.3,YOLO
China_Drone_000119,1,1,1,0,0,1.0,1.0,1.0,0.7852,3.55,3,0,3,1,0.0,0.0,0.0,0.0,366.99,YOLO
China_Drone_000120,1,0,0,0,1,0.0,0.0,0.0,0.0,3.32,2,0,2,1,0.0,0.0,0.0,0.0,310.17,TIED_ZERO_OR_FAIL
China_Drone_000126,1,1,1,0,0,1.0,1.0,1.0,0.8659,3.34,6,0,6,1,0.0,0.0,0.0,0.0,431.55,YOLO
China_Drone_000135,1,1,1,0,0,1.0,1.0,1.0,0.8992,3.74,6,0,6,1,0.0,0.0,0.0,0.0,651.74,YOLO
China_Drone_000136,1,2,1,1,0,0.5,1.0,0.6667,0.8686,3.54,6,0,6,1,0.0,0.0,0.0,0.0,384.06,YOLO
China_Drone_000137,1,1,1,0,0,1.0,1.0,1.0,0.6593,3.64,2,0,2,1,0.0,0.0,0.0,0.0,182.06,YOLO
China_Drone_000138,1,1,1,0,0,1.0,1.0,1.0,0.8571,3.77,1,0,1,1,0.0,0.0,0.0,0.0,139.08,YOLO
China_Drone_000139,1,1,1,0,0,1.0,1.0,1.0,0.8919,3.63,1,0,1,1,0.0,0.0,0.0,0.0,190.16,YOLO
China_Drone_000148,1,1,1,0,0,1.0,1.0,1.0,0.913,3.64,1,0,1,1,0.0,0.0,0.0,0.0,131.41,YOLO
China_Drone_000152,1,2,1,1,0,0.5,1.0,0.6667,0.7472,3.45,2,0,2,1,0.0,0.0,0.0,0.0,237.72,YOLO
China_Drone_000160,2,0,0,0,2,0.0,0.0,0.0,0.0,4.04,3,0,3,2,0.0,0.0,0.0,0.0,242.38,TIED_ZERO_OR_FAIL
China_Drone_000168,1,0,0,0,1,0.0,0.0,0.0,0.0,2.99,2,0,2,1,0.0,0.0,0.0,0.0,192.01,TIED_ZERO_OR_FAIL
China_Drone_000170,0,1,0,1,0,0.0,0.0,0.0,0.0,3.45,3,0,3,0,0.0,0.0,0.0,0.0,239.28,TIED_ZERO_OR_FAIL
China_Drone_000178,1,1,1,0,0,1.0,1.0,1.0,0.756,3.44,3,0,3,1,0.0,0.0,0.0,0.0,285.94,YOLO
China_Drone_000182,1,1,1,0,0,1.0,1.0,1.0,0.6758,3.66,1,0,1,1,0.0,0.0,0.0,0.0,128.42,YOLO
China_Drone_000183,1,0,0,0,1,0.0,0.0,0.0,0.0,3.13,1,0,1,1,0.0,0.0,0.0,0.0,238.83,TIED_ZERO_OR_FAIL
China_Drone_000188,2,2,2,0,0,1.0,1.0,1.0,0.7515,3.53,2,0,2,2,0.0,0.0,0.0,0.0,178.98,YOLO
China_Drone_000189,2,3,2,1,0,0.6667,1.0,0.8,0.795,3.77,1,0,1,2,0.0,0.0,0.0,0.0,318.73,YOLO
China_Drone_000193,1,1,1,0,0,1.0,1.0,1.0,0.99,3.33,2,1,1,0,0.5,1.0,0.6667,0.7785,321.15,YOLO
China_Drone_000194,1,4,1,3,0,0.25,1.0,0.4,0.9345,3.4,1,0,1,1,0.0,0.0,0.0,0.0,150.17,YOLO
China_Drone_000195,2,2,1,1,1,0.5,0.5,0.5,0.9684,3.41,5,0,5,2,0.0,0.0,0.0,0.0,394.63,YOLO
China_Drone_000197,1,1,1,0,0,1.0,1.0,1.0,0.8188,3.52,2,0,2,1,0.0,0.0,0.0,0.0,332.33,YOLO
China_Drone_000200,3,0,0,0,3,0.0,0.0,0.0,0.0,3.11,1,0,1,3,0.0,0.0,0.0,0.0,225.8,TIED_ZERO_OR_FAIL
China_Drone_000206,1,1,1,0,0,1.0,1.0,1.0,0.8173,3.73,4,0,4,1,0.0,0.0,0.0,0.0,292.43,YOLO
China_Drone_000211,4,4,4,0,0,1.0,1.0,1.0,0.7721,3.57,2,0,2,4,0.0,0.0,0.0,0.0,312.51,YOLO
China_Drone_000212,1,4,1,3,0,0.25,1.0,0.4,0.7236,4.35,1,0,1,1,0.0,0.0,0.0,0.0,169.74,YOLO
China_Drone_000213,5,2,2,0,3,1.0,0.4,0.5714,0.8222,3.41,5,0,5,5,0.0,0.0,0.0,0.0,332.22,YOLO
China_Drone_000215,1,1,0,1,1,0.0,0.0,0.0,0.0,3.58,1,0,1,1,0.0,0.0,0.0,0.0,242.57,TIED_ZERO_OR_FAIL
China_Drone_000223,1,1,1,0,0,1.0,1.0,1.0,0.7189,3.65,0,0,0,1,0.0,0.0,0.0,0.0,109.77,YOLO
China_Drone_000224,1,2,1,1,0,0.5,1.0,0.6667,0.846,3.53,1,0,1,1,0.0,0.0,0.0,0.0,227.85,YOLO
China_Drone_000228,2,2,2,0,0,1.0,1.0,1.0,0.8393,3.39,5,0,5,2,0.0,0.0,0.0,0.0,436.67,YOLO
China_Drone_000230,2,4,2,2,0,0.5,1.0,0.6667,0.8872,3.61,1,0,1,2,0.0,0.0,0.0,0.0,129.83,YOLO
China_Drone_000245,1,1,1,0,0,1.0,1.0,1.0,0.8476,6.83,4,0,4,1,0.0,0.0,0.0,0.0,279.93,YOLO
China_Drone_000246,1,2,1,1,0,0.5,1.0,0.6667,0.8369,3.52,1,0,1,1,0.0,0.0,0.0,0.0,407.73,YOLO
China_Drone_000251,1,1,1,0,0,1.0,1.0,1.0,0.6578,3.58,2,0,2,1,0.0,0.0,0.0,0.0,193.98,YOLO
China_Drone_000252,1,1,1,0,0,1.0,1.0,1.0,0.7381,3.56,1,0,1,1,0.0,0.0,0.0,0.0,235.87,YOLO
China_Drone_000263,1,1,1,0,0,1.0,1.0,1.0,0.8633,3.4,3,0,3,1,0.0,0.0,0.0,0.0,288.79,YOLO
China_Drone_000264,2,1,1,0,1,1.0,0.5,0.6667,0.8221,3.42,2,0,2,2,0.0,0.0,0.0,0.0,191.75,YOLO
China_Drone_000265,2,3,2,1,0,0.6667,1.0,0.8,0.7881,3.68,2,0,2,2,0.0,0.0,0.0,0.0,187.23,YOLO
China_Drone_000267,2,2,2,0,0,1.0,1.0,1.0,0.8068,3.38,0,0,0,2,0.0,0.0,0.0,0.0,103.75,YOLO
China_Drone_000272,1,1,0,1,1,0.0,0.0,0.0,0.0,3.86,1,0,1,1,0.0,0.0,0.0,0.0,258.2,TIED_ZERO_OR_FAIL
China_Drone_000274,1,1,1,0,0,1.0,1.0,1.0,0.7436,3.72,0,0,0,1,0.0,0.0,0.0,0.0,99.94,YOLO
China_Drone_000275,1,1,1,0,0,1.0,1.0,1.0,0.8679,4.28,1,0,1,1,0.0,0.0,0.0,0.0,149.5,YOLO
China_Drone_000282,1,1,1,0,0,1.0,1.0,1.0,0.9919,3.45,1,0,1,1,0.0,0.0,0.0,0.0,386.7,YOLO
China_Drone_000287,1,1,1,0,0,1.0,1.0,1.0,0.9061,3.54,1,0,1,1,0.0,0.0,0.0,0.0,198.51,YOLO
China_Drone_000299,2,1,1,0,1,1.0,0.5,0.6667,0.8163,4.03,1,0,1,2,0.0,0.0,0.0,0.0,143.91,YOLO
China_Drone_000303,1,1,1,0,0,1.0,1.0,1.0,0.8482,3.24,5,0,5,1,0.0,0.0,0.0,0.0,420.44,YOLO
China_Drone_000306,1,1,1,0,0,1.0,1.0,1.0,0.8284,4.29,2,0,2,1,0.0,0.0,0.0,0.0,253.93,YOLO
China_Drone_000307,2,3,2,1,0,0.6667,1.0,0.8,0.6893,3.38,3,0,3,2,0.0,0.0,0.0,0.0,236.99,YOLO
China_Drone_000309,2,4,2,2,0,0.5,1.0,0.6667,0.7586,3.61,1,0,1,2,0.0,0.0,0.0,0.0,153.0,YOLO
China_Drone_000314,4,10,3,7,1,0.3,0.75,0.4286,0.7521,5.03,5,0,5,4,0.0,0.0,0.0,0.0,453.78,YOLO
China_Drone_000318,2,4,2,2,0,0.5,1.0,0.6667,0.7483,3.53,3,0,3,2,0.0,0.0,0.0,0.0,418.15,YOLO
China_Drone_000327,1,1,1,0,0,1.0,1.0,1.0,0.9576,3.55,1,0,1,1,0.0,0.0,0.0,0.0,133.23,YOLO
China_Drone_000331,1,1,1,0,0,1.0,1.0,1.0,0.8402,3.32,2,0,2,1,0.0,0.0,0.0,0.0,221.14,YOLO
China_Drone_000333,1,1,1,0,0,1.0,1.0,1.0,0.8771,3.72,2,0,2,1,0.0,0.0,0.0,0.0,265.73,YOLO
China_Drone_000334,2,2,2,0,0,1.0,1.0,1.0,0.7572,4.14,2,0,2,2,0.0,0.0,0.0,0.0,304.72,YOLO
China_Drone_000345,3,2,2,0,1,1.0,0.6667,0.8,0.7366,3.57,1,0,1,3,0.0,0.0,0.0,0.0,339.14,YOLO
China_Drone_000352,1,0,0,0,1,0.0,0.0,0.0,0.0,3.25,3,0,3,1,0.0,0.0,0.0,0.0,240.45,TIED_ZERO_OR_FAIL
China_Drone_000354,2,1,1,0,1,1.0,0.5,0.6667,0.5941,3.64,2,0,2,2,0.0,0.0,0.0,0.0,486.42,YOLO
China_Drone_000363,1,1,1,0,0,1.0,1.0,1.0,0.7476,3.44,3,0,3,1,0.0,0.0,0.0,0.0,318.57,YOLO
China_Drone_000364,2,2,2,0,0,1.0,1.0,1.0,0.8885,3.79,0,0,0,2,0.0,0.0,0.0,0.0,83.26,YOLO
China_Drone_000366,1,3,1,2,0,0.3333,1.0,0.5,0.8614,3.63,3,0,3,1,0.0,0.0,0.0,0.0,362.35,YOLO
China_Drone_000369,2,2,1,1,1,0.5,0.5,0.5,0.7919,3.48,4,0,4,2,0.0,0.0,0.0,0.0,299.19,YOLO
China_Drone_000374,1,1,1,0,0,1.0,1.0,1.0,0.7935,3.51,3,0,3,1,0.0,0.0,0.0,0.0,310.25,YOLO
China_Drone_000375,2,2,0,2,2,0.0,0.0,0.0,0.0,3.5,4,0,4,2,0.0,0.0,0.0,0.0,469.59,TIED_ZERO_OR_FAIL
China_Drone_000387,3,7,3,4,0,0.4286,1.0,0.6,0.7275,3.47,5,0,5,3,0.0,0.0,0.0,0.0,517.58,YOLO
China_Drone_000399,3,2,1,1,2,0.5,0.3333,0.4,0.8337,3.36,2,0,2,3,0.0,0.0,0.0,0.0,175.36,YOLO
China_Drone_000400,2,2,2,0,0,1.0,1.0,1.0,0.8002,3.44,2,0,2,2,0.0,0.0,0.0,0.0,240.8,YOLO
China_Drone_000402,2,2,2,0,0,1.0,1.0,1.0,0.8342,3.43,2,0,2,2,0.0,0.0,0.0,0.0,240.2,YOLO
China_Drone_000412,1,2,1,1,0,0.5,1.0,0.6667,0.9461,3.54,3,0,3,1,0.0,0.0,0.0,0.0,275.9,YOLO
China_Drone_000415,1,1,1,0,0,1.0,1.0,1.0,0.8176,3.37,5,0,5,1,0.0,0.0,0.0,0.0,353.73,YOLO
China_Drone_000417,2,2,2,0,0,1.0,1.0,1.0,0.5908,4.57,3,0,3,2,0.0,0.0,0.0,0.0,323.94,YOLO
China_Drone_000422,2,3,2,1,0,0.6667,1.0,0.8,0.7567,3.6,1,0,1,2,0.0,0.0,0.0,0.0,201.85,YOLO
China_Drone_000426,1,2,1,1,0,0.5,1.0,0.6667,0.7451,3.66,1,0,1,1,0.0,0.0,0.0,0.0,182.48,YOLO
China_Drone_000431,1,1,1,0,0,1.0,1.0,1.0,0.8084,3.47,1,0,1,1,0.0,0.0,0.0,0.0,134.14,YOLO
China_Drone_000441,1,2,1,1,0,0.5,1.0,0.6667,0.7106,3.52,1,0,1,1,0.0,0.0,0.0,0.0,226.05,YOLO
China_Drone_000445,2,3,1,2,1,0.3333,0.5,0.4,0.9322,3.45,3,0,3,2,0.0,0.0,0.0,0.0,329.7,YOLO
China_Drone_000457,1,2,0,2,1,0.0,0.0,0.0,0.0,3.34,5,0,5,1,0.0,0.0,0.0,0.0,334.55,TIED_ZERO_OR_FAIL
China_Drone_000467,2,3,2,1,0,0.6667,1.0,0.8,0.8234,3.34,1,0,1,2,0.0,0.0,0.0,0.0,183.2,YOLO
China_Drone_000476,1,1,1,0,0,1.0,1.0,1.0,0.7529,3.36,4,0,4,1,0.0,0.0,0.0,0.0,426.53,YOLO
China_Drone_000479,1,7,1,6,0,0.1429,1.0,0.25,0.7491,3.6,2,0,2,1,0.0,0.0,0.0,0.0,380.84,YOLO
China_Drone_000482,2,2,2,0,0,1.0,1.0,1.0,0.8118,4.06,0,0,0,2,0.0,0.0,0.0,0.0,247.28,YOLO
China_Drone_000484,1,2,1,1,0,0.5,1.0,0.6667,0.9611,3.74,1,0,1,1,0.0,0.0,0.0,0.0,151.34,YOLO
China_Drone_000486,1,1,1,0,0,1.0,1.0,1.0,0.892,3.32,0,0,0,1,0.0,0.0,0.0,0.0,102.2,YOLO
China_Drone_000496,1,2,1,1,0,0.5,1.0,0.6667,0.5733,3.68,5,0,5,1,0.0,0.0,0.0,0.0,433.42,YOLO
China_Drone_000503,3,2,2,0,1,1.0,0.6667,0.8,0.7615,3.49,1,0,1,3,0.0,0.0,0.0,0.0,147.46,YOLO
China_Drone_000504,2,2,2,0,0,1.0,1.0,1.0,0.6551,3.43,3,0,3,2,0.0,0.0,0.0,0.0,274.17,YOLO
China_Drone_000507,1,0,0,0,1,0.0,0.0,0.0,0.0,3.21,3,0,3,1,0.0,0.0,0.0,0.0,369.53,TIED_ZERO_OR_FAIL
China_Drone_000518,1,2,1,1,0,0.5,1.0,0.6667,0.8813,3.9,5,0,5,1,0.0,0.0,0.0,0.0,426.73,YOLO
China_Drone_000523,1,3,1,2,0,0.3333,1.0,0.5,0.5282,3.81,3,0,3,1,0.0,0.0,0.0,0.0,226.21,YOLO
China_Drone_000527,1,1,1,0,0,1.0,1.0,1.0,0.9917,3.55,2,0,2,1,0.0,0.0,0.0,0.0,479.27,YOLO
China_Drone_000531,1,1,1,0,0,1.0,1.0,1.0,0.7993,4.65,2,0,2,1,0.0,0.0,0.0,0.0,182.88,YOLO
China_Drone_000537,1,1,1,0,0,1.0,1.0,1.0,0.8318,3.44,1,0,1,1,0.0,0.0,0.0,0.0,130.88,YOLO
China_Drone_000538,1,1,1,0,0,1.0,1.0,1.0,0.964,4.07,2,0,2,1,0.0,0.0,0.0,0.0,249.29,YOLO
China_Drone_000548,1,1,1,0,0,1.0,1.0,1.0,0.6921,3.46,4,0,4,1,0.0,0.0,0.0,0.0,342.03,YOLO
China_Drone_000555,2,2,2,0,0,1.0,1.0,1.0,0.8857,5.02,3,0,3,2,0.0,0.0,0.0,0.0,238.38,YOLO
China_Drone_000560,3,2,2,0,1,1.0,0.6667,0.8,0.9135,3.3,2,0,2,3,0.0,0.0,0.0,0.0,435.17,YOLO
China_Drone_000563,1,1,1,0,0,1.0,1.0,1.0,0.7802,3.7,3,0,3,1,0.0,0.0,0.0,0.0,329.52,YOLO
China_Drone_000568,1,1,1,0,0,1.0,1.0,1.0,0.9073,3.36,3,0,3,1,0.0,0.0,0.0,0.0,325.75,YOLO
China_Drone_000573,3,4,2,2,1,0.5,0.6667,0.5714,0.6487,3.51,3,0,3,3,0.0,0.0,0.0,0.0,235.4,YOLO
China_Drone_000576,1,1,1,0,0,1.0,1.0,1.0,0.8083,3.45,1,0,1,1,0.0,0.0,0.0,0.0,136.97,YOLO
China_Drone_000580,1,2,1,1,0,0.5,1.0,0.6667,0.87,3.48,5,0,5,1,0.0,0.0,0.0,0.0,350.96,YOLO
China_Drone_000583,1,3,1,2,0,0.3333,1.0,0.5,0.8314,3.42,1,0,1,1,0.0,0.0,0.0,0.0,152.21,YOLO
China_Drone_000584,2,5,2,3,0,0.4,1.0,0.5714,0.8081,3.54,3,0,3,2,0.0,0.0,0.0,0.0,382.15,YOLO
China_Drone_000592,1,1,1,0,0,1.0,1.0,1.0,0.8553,3.47,3,0,3,1,0.0,0.0,0.0,0.0,417.29,YOLO
China_Drone_000595,1,1,1,0,0,1.0,1.0,1.0,0.85,3.46,0,0,0,1,0.0,0.0,0.0,0.0,104.16,YOLO
China_Drone_000609,2,2,2,0,0,1.0,1.0,1.0,0.7989,3.61,1,0,1,2,0.0,0.0,0.0,0.0,167.05,YOLO
China_Drone_000630,1,2,1,1,0,0.5,1.0,0.6667,0.6873,4.78,1,0,1,1,0.0,0.0,0.0,0.0,136.22,YOLO
China_Drone_000631,1,1,1,0,0,1.0,1.0,1.0,0.8226,3.52,3,0,3,1,0.0,0.0,0.0,0.0,315.0,YOLO
China_Drone_000640,1,2,1,1,0,0.5,1.0,0.6667,0.6698,3.92,5,0,5,1,0.0,0.0,0.0,0.0,438.86,YOLO
China_Drone_000645,2,2,2,0,0,1.0,1.0,1.0,0.713,3.46,2,0,2,2,0.0,0.0,0.0,0.0,163.84,YOLO
China_Drone_000652,1,2,1,1,0,0.5,1.0,0.6667,0.7589,3.43,5,0,5,1,0.0,0.0,0.0,0.0,344.42,YOLO
China_Drone_000667,1,1,1,0,0,1.0,1.0,1.0,0.8289,3.32,2,0,2,1,0.0,0.0,0.0,0.0,276.67,YOLO
China_Drone_000685,1,2,1,1,0,0.5,1.0,0.6667,0.9362,3.58,3,0,3,1,0.0,0.0,0.0,0.0,272.54,YOLO
China_Drone_000689,2,3,2,1,0,0.6667,1.0,0.8,0.7075,3.59,1,0,1,2,0.0,0.0,0.0,0.0,190.55,YOLO
China_Drone_000692,1,1,1,0,0,1.0,1.0,1.0,0.502,3.56,0,0,0,1,0.0,0.0,0.0,0.0,90.68,YOLO
China_Drone_000699,1,1,0,1,1,0.0,0.0,0.0,0.0,3.49,2,0,2,1,0.0,0.0,0.0,0.0,280.45,TIED_ZERO_OR_FAIL
China_Drone_000701,2,2,2,0,0,1.0,1.0,1.0,0.9365,3.3,2,1,1,1,0.5,0.5,0.5,0.715,265.54,YOLO
China_Drone_000705,1,1,1,0,0,1.0,1.0,1.0,0.9508,3.3,0,0,0,1,0.0,0.0,0.0,0.0,79.39,YOLO
China_Drone_000708,2,3,1,2,1,0.3333,0.5,0.4,0.8552,3.55,3,0,3,2,0.0,0.0,0.0,0.0,267.86,YOLO
China_Drone_000714,1,3,1,2,0,0.3333,1.0,0.5,0.8554,3.4,4,0,4,1,0.0,0.0,0.0,0.0,489.07,YOLO
China_Drone_000717,1,0,0,0,1,0.0,0.0,0.0,0.0,3.31,1,0,1,1,0.0,0.0,0.0,0.0,219.54,TIED_ZERO_OR_FAIL
China_Drone_000723,1,1,1,0,0,1.0,1.0,1.0,0.9757,3.49,1,0,1,1,0.0,0.0,0.0,0.0,193.71,YOLO
China_Drone_000732,3,4,3,1,0,0.75,1.0,0.8571,0.6927,3.59,4,0,4,3,0.0,0.0,0.0,0.0,423.77,YOLO
China_Drone_000737,1,1,1,0,0,1.0,1.0,1.0,0.8455,3.56,4,0,4,1,0.0,0.0,0.0,0.0,336.83,YOLO
China_Drone_000743,1,1,1,0,0,1.0,1.0,1.0,0.7535,3.71,0,0,0,1,0.0,0.0,0.0,0.0,84.48,YOLO
China_Drone_000746,2,3,2,1,0,0.6667,1.0,0.8,0.6528,3.51,1,0,1,2,0.0,0.0,0.0,0.0,138.75,YOLO
China_Drone_000750,1,0,0,0,1,0.0,0.0,0.0,0.0,3.13,1,0,1,1,0.0,0.0,0.0,0.0,146.45,TIED_ZERO_OR_FAIL
China_Drone_000753,1,1,1,0,0,1.0,1.0,1.0,0.7669,3.8,2,0,2,1,0.0,0.0,0.0,0.0,477.74,YOLO
China_Drone_000757,2,6,1,5,1,0.1667,0.5,0.25,0.8887,3.54,2,0,2,2,0.0,0.0,0.0,0.0,267.8,YOLO
China_Drone_000769,1,1,1,0,0,1.0,1.0,1.0,0.8723,3.77,3,0,3,1,0.0,0.0,0.0,0.0,485.35,YOLO
China_Drone_000770,3,2,1,1,2,0.5,0.3333,0.4,0.9065,3.41,1,0,1,3,0.0,0.0,0.0,0.0,135.1,YOLO
China_Drone_000771,2,2,2,0,0,1.0,1.0,1.0,0.7963,3.34,4,0,4,2,0.0,0.0,0.0,0.0,255.77,YOLO
China_Drone_000774,1,2,1,1,0,0.5,1.0,0.6667,0.9465,3.4,1,0,1,1,0.0,0.0,0.0,0.0,134.7,YOLO
China_Drone_000775,1,2,1,1,0,0.5,1.0,0.6667,0.752,3.39,4,0,4,1,0.0,0.0,0.0,0.0,339.39,YOLO
China_Drone_000789,3,2,2,0,1,1.0,0.6667,0.8,0.8892,3.7,2,1,1,2,0.5,0.3333,0.4,0.5057,273.23,YOLO
China_Drone_000791,1,0,0,0,1,0.0,0.0,0.0,0.0,3.16,1,0,1,1,0.0,0.0,0.0,0.0,147.77,TIED_ZERO_OR_FAIL
China_Drone_000793,1,0,0,0,1,0.0,0.0,0.0,0.0,2.97,1,0,1,1,0.0,0.0,0.0,0.0,127.33,TIED_ZERO_OR_FAIL
China_Drone_000800,2,1,1,0,1,1.0,0.5,0.6667,0.7474,3.97,1,0,1,2,0.0,0.0,0.0,0.0,197.06,YOLO
China_Drone_000804,1,2,1,1,0,0.5,1.0,0.6667,0.976,3.37,3,0,3,1,0.0,0.0,0.0,0.0,273.58,YOLO
China_Drone_000805,1,1,1,0,0,1.0,1.0,1.0,0.8003,3.58,4,0,4,1,0.0,0.0,0.0,0.0,358.7,YOLO
China_Drone_000817,1,1,1,0,0,1.0,1.0,1.0,0.6822,3.41,3,0,3,1,0.0,0.0,0.0,0.0,241.46,YOLO
China_Drone_000821,1,4,1,3,0,0.25,1.0,0.4,0.8674,3.38,5,0,5,1,0.0,0.0,0.0,0.0,564.75,YOLO
China_Drone_000822,1,1,1,0,0,1.0,1.0,1.0,0.9335,3.56,3,0,3,1,0.0,0.0,0.0,0.0,366.92,YOLO
China_Drone_000830,2,2,2,0,0,1.0,1.0,1.0,0.8104,3.36,5,0,5,2,0.0,0.0,0.0,0.0,322.92,YOLO
China_Drone_000844,1,2,1,1,0,0.5,1.0,0.6667,0.9042,3.47,0,0,0,1,0.0,0.0,0.0,0.0,75.59,YOLO
China_Drone_000856,1,0,0,0,1,0.0,0.0,0.0,0.0,2.91,3,0,3,1,0.0,0.0,0.0,0.0,284.78,TIED_ZERO_OR_FAIL
China_Drone_000859,2,1,1,0,1,1.0,0.5,0.6667,0.8829,3.48,2,0,2,2,0.0,0.0,0.0,0.0,262.81,YOLO
China_Drone_000866,1,1,1,0,0,1.0,1.0,1.0,0.8443,3.57,4,0,4,1,0.0,0.0,0.0,0.0,268.94,YOLO
China_Drone_000869,1,0,0,0,1,0.0,0.0,0.0,0.0,3.14,1,0,1,1,0.0,0.0,0.0,0.0,195.84,TIED_ZERO_OR_FAIL
China_Drone_000872,1,2,1,1,0,0.5,1.0,0.6667,0.7321,3.29,0,0,0,1,0.0,0.0,0.0,0.0,79.88,YOLO
China_Drone_000874,1,1,1,0,0,1.0,1.0,1.0,0.7886,3.52,3,0,3,1,0.0,0.0,0.0,0.0,264.95,YOLO
China_Drone_000879,1,1,1,0,0,1.0,1.0,1.0,0.9851,3.58,3,0,3,1,0.0,0.0,0.0,0.0,363.6,YOLO
China_Drone_000890,1,2,1,1,0,0.5,1.0,0.6667,0.8041,3.52,5,0,5,1,0.0,0.0,0.0,0.0,457.76,YOLO
China_Drone_000912,2,1,1,0,1,1.0,0.5,0.6667,0.8736,3.51,2,1,1,1,0.5,0.5,0.5,0.5294,267.91,YOLO
China_Drone_000915,1,2,1,1,0,0.5,1.0,0.6667,0.7563,3.34,2,0,2,1,0.0,0.0,0.0,0.0,182.11,YOLO
China_Drone_000918,1,1,1,0,0,1.0,1.0,1.0,0.8426,3.33,3,0,3,1,0.0,0.0,0.0,0.0,220.55,YOLO
China_Drone_000925,1,2,1,1,0,0.5,1.0,0.6667,0.8231,3.36,0,0,0,1,0.0,0.0,0.0,0.0,145.6,YOLO
China_Drone_000926,1,2,1,1,0,0.5,1.0,0.6667,0.9316,3.26,3,0,3,1,0.0,0.0,0.0,0.0,268.73,YOLO
China_Drone_000928,2,3,2,1,0,0.6667,1.0,0.8,0.6869,3.26,5,0,5,2,0.0,0.0,0.0,0.0,353.97,YOLO
China_Drone_000936,1,1,1,0,0,1.0,1.0,1.0,0.8019,3.39,1,0,1,1,0.0,0.0,0.0,0.0,307.76,YOLO
China_Drone_000939,1,1,1,0,0,1.0,1.0,1.0,0.9878,3.61,3,1,2,0,0.3333,1.0,0.5,0.712,307.97,YOLO
China_Drone_000947,2,1,1,0,1,1.0,0.5,0.6667,0.8771,3.69,3,0,3,2,0.0,0.0,0.0,0.0,247.35,YOLO
China_Drone_000956,2,3,2,1,0,0.6667,1.0,0.8,0.6839,3.55,1,0,1,2,0.0,0.0,0.0,0.0,139.39,YOLO
China_Drone_000958,5,4,2,2,3,0.5,0.4,0.4444,0.616,3.29,1,0,1,5,0.0,0.0,0.0,0.0,299.76,YOLO
China_Drone_000960,1,1,1,0,0,1.0,1.0,1.0,0.5705,3.25,3,1,2,0,0.3333,1.0,0.5,0.597,237.27,YOLO
China_Drone_000970,2,2,2,0,0,1.0,1.0,1.0,0.7743,3.31,1,0,1,2,0.0,0.0,0.0,0.0,213.73,YOLO
China_Drone_000981,4,7,4,3,0,0.5714,1.0,0.7273,0.7749,3.26,0,0,0,4,0.0,0.0,0.0,0.0,96.83,YOLO
China_Drone_000983,2,1,0,1,2,0.0,0.0,0.0,0.0,3.39,2,0,2,2,0.0,0.0,0.0,0.0,190.74,TIED_ZERO_OR_FAIL
China_Drone_000993,1,1,1,0,0,1.0,1.0,1.0,0.745,3.37,2,0,2,1,0.0,0.0,0.0,0.0,369.02,YOLO
China_Drone_000996,1,3,0,3,1,0.0,0.0,0.0,0.0,3.8,3,0,3,1,0.0,0.0,0.0,0.0,334.42,TIED_ZERO_OR_FAIL
China_Drone_001006,1,3,1,2,0,0.3333,1.0,0.5,0.7887,3.59,2,0,2,1,0.0,0.0,0.0,0.0,275.52,YOLO
China_Drone_001021,2,1,1,0,1,1.0,0.5,0.6667,0.6094,3.5,9,0,9,2,0.0,0.0,0.0,0.0,629.64,YOLO
China_Drone_001025,1,1,1,0,0,1.0,1.0,1.0,0.9254,3.71,2,0,2,1,0.0,0.0,0.0,0.0,265.92,YOLO
China_Drone_001026,1,1,1,0,0,1.0,1.0,1.0,0.8756,3.85,5,0,5,1,0.0,0.0,0.0,0.0,462.92,YOLO
China_Drone_001030,1,1,1,0,0,1.0,1.0,1.0,0.9535,3.75,3,0,3,1,0.0,0.0,0.0,0.0,266.85,YOLO
China_Drone_001032,3,5,2,3,1,0.4,0.6667,0.5,0.7882,3.62,1,0,1,3,0.0,0.0,0.0,0.0,134.31,YOLO
China_Drone_001034,1,0,0,0,1,0.0,0.0,0.0,0.0,3.26,2,0,2,1,0.0,0.0,0.0,0.0,246.63,TIED_ZERO_OR_FAIL
China_Drone_001045,2,2,2,0,0,1.0,1.0,1.0,0.8529,3.69,3,0,3,2,0.0,0.0,0.0,0.0,443.71,YOLO
China_Drone_001050,2,1,0,1,2,0.0,0.0,0.0,0.0,3.33,2,0,2,2,0.0,0.0,0.0,0.0,271.11,TIED_ZERO_OR_FAIL
China_Drone_001056,2,2,1,1,1,0.5,0.5,0.5,0.5904,3.49,3,0,3,2,0.0,0.0,0.0,0.0,317.3,YOLO
China_Drone_001063,1,1,1,0,0,1.0,1.0,1.0,0.9653,3.37,1,1,0,0,1.0,1.0,1.0,0.7454,141.17,TIED_SUCCESS
China_Drone_001065,2,1,1,0,1,1.0,0.5,0.6667,0.6789,3.6,1,0,1,2,0.0,0.0,0.0,0.0,185.65,YOLO
China_Drone_001066,5,3,2,1,3,0.6667,0.4,0.5,0.7604,3.26,0,0,0,5,0.0,0.0,0.0,0.0,84.38,YOLO
China_Drone_001075,3,5,3,2,0,0.6,1.0,0.75,0.7852,3.64,2,0,2,3,0.0,0.0,0.0,0.0,181.53,YOLO
China_Drone_001094,4,4,4,0,0,1.0,1.0,1.0,0.8307,3.34,4,0,4,4,0.0,0.0,0.0,0.0,262.89,YOLO
China_Drone_001099,1,1,1,0,0,1.0,1.0,1.0,0.8635,3.35,1,0,1,1,0.0,0.0,0.0,0.0,222.01,YOLO
China_Drone_001101,1,1,1,0,0,1.0,1.0,1.0,0.9414,3.76,4,0,4,1,0.0,0.0,0.0,0.0,311.36,YOLO
China_Drone_001110,1,2,1,1,0,0.5,1.0,0.6667,0.8521,3.5,1,0,1,1,0.0,0.0,0.0,0.0,267.43,YOLO
China_Drone_001114,2,2,0,2,2,0.0,0.0,0.0,0.0,4.04,5,0,5,2,0.0,0.0,0.0,0.0,416.97,TIED_ZERO_OR_FAIL
China_Drone_001121,2,3,2,1,0,0.6667,1.0,0.8,0.9258,3.57,2,0,2,2,0.0,0.0,0.0,0.0,273.34,YOLO
China_Drone_001151,1,2,1,1,0,0.5,1.0,0.6667,0.7983,3.37,0,0,0,1,0.0,0.0,0.0,0.0,92.63,YOLO
China_Drone_001153,1,1,1,0,0,1.0,1.0,1.0,0.9674,3.67,2,0,2,1,0.0,0.0,0.0,0.0,163.6,YOLO
China_Drone_001156,1,1,1,0,0,1.0,1.0,1.0,0.7009,3.35,1,0,1,1,0.0,0.0,0.0,0.0,122.52,YOLO
China_Drone_001160,1,0,0,0,1,0.0,0.0,0.0,0.0,3.07,4,0,4,1,0.0,0.0,0.0,0.0,337.29,TIED_ZERO_OR_FAIL
China_Drone_001161,1,2,1,1,0,0.5,1.0,0.6667,0.9701,3.42,3,0,3,1,0.0,0.0,0.0,0.0,223.05,YOLO
China_Drone_001163,1,1,1,0,0,1.0,1.0,1.0,0.643,3.78,2,0,2,1,0.0,0.0,0.0,0.0,247.44,YOLO
China_Drone_001166,1,2,1,1,0,0.5,1.0,0.6667,0.6118,4.47,0,0,0,1,0.0,0.0,0.0,0.0,103.37,YOLO
China_Drone_001172,2,2,0,2,2,0.0,0.0,0.0,0.0,4.03,3,0,3,2,0.0,0.0,0.0,0.0,226.21,TIED_ZERO_OR_FAIL
China_Drone_001173,1,2,1,1,0,0.5,1.0,0.6667,0.6842,3.55,1,0,1,1,0.0,0.0,0.0,0.0,229.57,YOLO
China_Drone_001192,1,2,1,1,0,0.5,1.0,0.6667,0.8783,3.54,3,0,3,1,0.0,0.0,0.0,0.0,234.37,YOLO
China_Drone_001197,1,1,1,0,0,1.0,1.0,1.0,0.5778,3.57,2,0,2,1,0.0,0.0,0.0,0.0,213.9,YOLO
China_Drone_001199,2,3,1,2,1,0.3333,0.5,0.4,0.7842,3.94,1,0,1,2,0.0,0.0,0.0,0.0,137.74,YOLO
China_Drone_001203,2,2,2,0,0,1.0,1.0,1.0,0.9565,3.34,3,0,3,2,0.0,0.0,0.0,0.0,237.31,YOLO
China_Drone_001204,2,2,2,0,0,1.0,1.0,1.0,0.7138,3.7,4,0,4,2,0.0,0.0,0.0,0.0,393.68,YOLO
China_Drone_001209,1,1,1,0,0,1.0,1.0,1.0,0.8708,3.48,2,0,2,1,0.0,0.0,0.0,0.0,173.89,YOLO
China_Drone_001210,1,1,1,0,0,1.0,1.0,1.0,0.6838,3.41,1,0,1,1,0.0,0.0,0.0,0.0,224.5,YOLO
China_Drone_001214,1,3,1,2,0,0.3333,1.0,0.5,0.9825,3.42,4,0,4,1,0.0,0.0,0.0,0.0,274.19,YOLO
China_Drone_001225,1,1,1,0,0,1.0,1.0,1.0,0.824,3.44,2,0,2,1,0.0,0.0,0.0,0.0,233.85,YOLO
China_Drone_001232,2,1,1,0,1,1.0,0.5,0.6667,0.6243,3.36,4,0,4,2,0.0,0.0,0.0,0.0,398.96,YOLO
China_Drone_001244,4,5,4,1,0,0.8,1.0,0.8889,0.8224,3.45,3,0,3,4,0.0,0.0,0.0,0.0,243.38,YOLO
China_Drone_001250,2,2,2,0,0,1.0,1.0,1.0,0.6918,3.44,1,0,1,2,0.0,0.0,0.0,0.0,316.9,YOLO
China_Drone_001253,3,1,1,0,2,1.0,0.3333,0.5,0.9276,3.64,2,0,2,3,0.0,0.0,0.0,0.0,338.02,YOLO
China_Drone_001255,2,1,1,0,1,1.0,0.5,0.6667,0.9865,3.44,0,0,0,2,0.0,0.0,0.0,0.0,82.04,YOLO
China_Drone_001256,1,1,1,0,0,1.0,1.0,1.0,0.9396,3.67,1,0,1,1,0.0,0.0,0.0,0.0,229.64,YOLO
China_Drone_001264,2,2,2,0,0,1.0,1.0,1.0,0.7438,3.83,1,0,1,2,0.0,0.0,0.0,0.0,133.05,YOLO
China_Drone_001265,1,0,0,0,1,0.0,0.0,0.0,0.0,3.05,0,0,0,1,0.0,0.0,0.0,0.0,86.25,TIED_ZERO_OR_FAIL
China_Drone_001267,2,2,2,0,0,1.0,1.0,1.0,0.6122,3.65,3,0,3,2,0.0,0.0,0.0,0.0,232.82,YOLO
China_Drone_001270,1,2,1,1,0,0.5,1.0,0.6667,0.7142,3.52,4,0,4,1,0.0,0.0,0.0,0.0,270.83,YOLO
China_Drone_001279,1,1,1,0,0,1.0,1.0,1.0,0.9433,3.44,3,0,3,1,0.0,0.0,0.0,0.0,223.07,YOLO
China_Drone_001282,3,2,2,0,1,1.0,0.6667,0.8,0.8597,3.45,6,1,5,2,0.1667,0.3333,0.2222,0.5058,410.53,YOLO
China_Drone_001293,1,2,1,1,0,0.5,1.0,0.6667,0.8801,3.54,1,0,1,1,0.0,0.0,0.0,0.0,143.03,YOLO
China_Drone_001294,1,2,1,1,0,0.5,1.0,0.6667,0.7557,3.63,1,0,1,1,0.0,0.0,0.0,0.0,254.65,YOLO
China_Drone_001298,2,2,2,0,0,1.0,1.0,1.0,0.7659,3.34,4,0,4,2,0.0,0.0,0.0,0.0,268.42,YOLO
China_Drone_001307,2,2,2,0,0,1.0,1.0,1.0,0.8,3.52,3,0,3,2,0.0,0.0,0.0,0.0,314.3,YOLO
China_Drone_001309,2,3,2,1,0,0.6667,1.0,0.8,0.8681,3.62,2,0,2,2,0.0,0.0,0.0,0.0,274.0,YOLO
China_Drone_001312,1,1,1,0,0,1.0,1.0,1.0,0.8303,3.45,3,0,3,1,0.0,0.0,0.0,0.0,216.68,YOLO
China_Drone_001319,1,1,1,0,0,1.0,1.0,1.0,0.8492,3.45,2,0,2,1,0.0,0.0,0.0,0.0,171.07,YOLO
China_Drone_001321,1,1,1,0,0,1.0,1.0,1.0,0.7174,3.55,2,0,2,1,0.0,0.0,0.0,0.0,283.31,YOLO
China_Drone_001324,1,0,0,0,1,0.0,0.0,0.0,0.0,3.14,4,0,4,1,0.0,0.0,0.0,0.0,376.18,TIED_ZERO_OR_FAIL
China_Drone_001325,2,3,2,1,0,0.6667,1.0,0.8,0.7677,3.54,2,0,2,2,0.0,0.0,0.0,0.0,180.61,YOLO
China_Drone_001330,2,2,2,0,0,1.0,1.0,1.0,0.7847,3.44,3,0,3,2,0.0,0.0,0.0,0.0,322.07,YOLO
China_Drone_001339,3,4,3,1,0,0.75,1.0,0.8571,0.6856,3.62,4,0,4,3,0.0,0.0,0.0,0.0,273.91,YOLO
China_Drone_001342,1,1,1,0,0,1.0,1.0,1.0,0.8881,3.66,2,0,2,1,0.0,0.0,0.0,0.0,231.47,YOLO
China_Drone_001344,1,1,1,0,0,1.0,1.0,1.0,0.8398,3.41,1,0,1,1,0.0,0.0,0.0,0.0,157.03,YOLO
China_Drone_001347,1,1,1,0,0,1.0,1.0,1.0,0.9414,3.52,0,0,0,1,0.0,0.0,0.0,0.0,101.95,YOLO
China_Drone_001350,2,2,1,1,1,0.5,0.5,0.5,0.9517,3.67,2,0,2,2,0.0,0.0,0.0,0.0,182.84,YOLO
China_Drone_001355,2,3,2,1,0,0.6667,1.0,0.8,0.7938,3.26,2,0,2,2,0.0,0.0,0.0,0.0,229.51,YOLO
China_Drone_001356,2,2,2,0,0,1.0,1.0,1.0,0.7058,3.26,2,0,2,2,0.0,0.0,0.0,0.0,185.62,YOLO
China_Drone_001363,1,0,0,0,1,0.0,0.0,0.0,0.0,3.26,2,0,2,1,0.0,0.0,0.0,0.0,201.26,TIED_ZERO_OR_FAIL
China_Drone_001364,1,2,1,1,0,0.5,1.0,0.6667,0.8775,3.55,2,0,2,1,0.0,0.0,0.0,0.0,236.62,YOLO
China_Drone_001380,1,2,0,2,1,0.0,0.0,0.0,0.0,3.95,1,0,1,1,0.0,0.0,0.0,0.0,190.85,TIED_ZERO_OR_FAIL
China_Drone_001392,1,1,1,0,0,1.0,1.0,1.0,0.9064,3.47,2,0,2,1,0.0,0.0,0.0,0.0,192.16,YOLO
China_Drone_001397,3,3,2,1,1,0.6667,0.6667,0.6667,0.8734,3.45,1,0,1,3,0.0,0.0,0.0,0.0,307.39,YOLO
China_Drone_001402,1,1,1,0,0,1.0,1.0,1.0,0.9887,3.6,0,0,0,1,0.0,0.0,0.0,0.0,96.56,YOLO
China_Drone_001403,1,0,0,0,1,0.0,0.0,0.0,0.0,3.37,2,0,2,1,0.0,0.0,0.0,0.0,448.93,TIED_ZERO_OR_FAIL
China_Drone_001410,1,2,1,1,0,0.5,1.0,0.6667,0.5958,3.47,1,0,1,1,0.0,0.0,0.0,0.0,214.35,YOLO
China_Drone_001419,2,1,1,0,1,1.0,0.5,0.6667,0.6076,3.53,6,0,6,2,0.0,0.0,0.0,0.0,391.2,YOLO
China_Drone_001420,2,4,1,3,1,0.25,0.5,0.3333,0.8691,3.57,2,0,2,2,0.0,0.0,0.0,0.0,171.38,YOLO
China_Drone_001431,1,2,1,1,0,0.5,1.0,0.6667,0.9465,3.55,2,0,2,1,0.0,0.0,0.0,0.0,224.93,YOLO
China_Drone_001433,2,3,1,2,1,0.3333,0.5,0.4,0.7445,3.44,2,0,2,2,0.0,0.0,0.0,0.0,370.06,YOLO
China_Drone_001437,1,3,1,2,0,0.3333,1.0,0.5,0.7511,3.38,1,1,0,0,1.0,1.0,1.0,0.572,121.44,DINO_SAM
China_Drone_001442,3,2,2,0,1,1.0,0.6667,0.8,0.8133,3.26,2,0,2,3,0.0,0.0,0.0,0.0,170.47,YOLO
China_Drone_001444,1,0,0,0,1,0.0,0.0,0.0,0.0,3.03,4,0,4,1,0.0,0.0,0.0,0.0,310.89,TIED_ZERO_OR_FAIL
China_Drone_001445,1,0,0,0,1,0.0,0.0,0.0,0.0,3.35,4,1,3,0,0.25,1.0,0.4,0.6125,325.17,DINO_SAM
China_Drone_001447,1,1,1,0,0,1.0,1.0,1.0,0.7489,3.33,3,0,3,1,0.0,0.0,0.0,0.0,248.82,YOLO
China_Drone_001449,1,1,1,0,0,1.0,1.0,1.0,0.8424,3.43,5,0,5,1,0.0,0.0,0.0,0.0,373.47,YOLO
China_Drone_001452,1,2,1,1,0,0.5,1.0,0.6667,0.879,3.48,1,0,1,1,0.0,0.0,0.0,0.0,201.37,YOLO
China_Drone_001454,1,2,1,1,0,0.5,1.0,0.6667,0.8678,3.53,3,0,3,1,0.0,0.0,0.0,0.0,288.72,YOLO
China_Drone_001459,1,2,1,1,0,0.5,1.0,0.6667,0.9304,3.47,3,0,3,1,0.0,0.0,0.0,0.0,416.35,YOLO
China_Drone_001460,1,1,1,0,0,1.0,1.0,1.0,0.7541,3.57,6,0,6,1,0.0,0.0,0.0,0.0,466.04,YOLO
China_Drone_001466,1,1,1,0,0,1.0,1.0,1.0,0.8411,3.49,2,0,2,1,0.0,0.0,0.0,0.0,221.27,YOLO
China_Drone_001467,1,1,1,0,0,1.0,1.0,1.0,0.8638,3.37,2,0,2,1,0.0,0.0,0.0,0.0,308.79,YOLO
China_Drone_001468,1,0,0,0,1,0.0,0.0,0.0,0.0,3.9,4,0,4,1,0.0,0.0,0.0,0.0,360.74,TIED_ZERO_OR_FAIL
China_Drone_001469,3,1,1,0,2,1.0,0.3333,0.5,0.6173,4.19,1,0,1,3,0.0,0.0,0.0,0.0,321.26,YOLO
China_Drone_001475,2,1,1,0,1,1.0,0.5,0.6667,0.9552,3.36,1,0,1,2,0.0,0.0,0.0,0.0,121.89,YOLO
China_Drone_001479,3,3,3,0,0,1.0,1.0,1.0,0.8483,3.6,1,0,1,3,0.0,0.0,0.0,0.0,189.61,YOLO
China_Drone_001485,1,0,0,0,1,0.0,0.0,0.0,0.0,3.08,4,0,4,1,0.0,0.0,0.0,0.0,414.69,TIED_ZERO_OR_FAIL
China_Drone_001491,3,3,3,0,0,1.0,1.0,1.0,0.7937,3.62,2,0,2,3,0.0,0.0,0.0,0.0,183.94,YOLO
China_Drone_001501,1,1,1,0,0,1.0,1.0,1.0,0.8315,3.45,4,0,4,1,0.0,0.0,0.0,0.0,293.45,YOLO
China_Drone_001508,1,1,1,0,0,1.0,1.0,1.0,0.7822,3.64,2,0,2,1,0.0,0.0,0.0,0.0,230.22,YOLO
China_Drone_001511,1,2,1,1,0,0.5,1.0,0.6667,0.6971,3.3,3,0,3,1,0.0,0.0,0.0,0.0,261.72,YOLO
China_Drone_001514,1,1,1,0,0,1.0,1.0,1.0,0.9502,3.31,1,1,0,0,1.0,1.0,1.0,0.6855,140.13,TIED_SUCCESS
China_Drone_001515,2,3,2,1,0,0.6667,1.0,0.8,0.7723,3.26,3,0,3,2,0.0,0.0,0.0,0.0,224.41,YOLO
China_Drone_001517,1,2,1,1,0,0.5,1.0,0.6667,0.8337,3.4,3,0,3,1,0.0,0.0,0.0,0.0,359.59,YOLO
China_Drone_001522,3,2,2,0,1,1.0,0.6667,0.8,0.7746,4.03,2,0,2,3,0.0,0.0,0.0,0.0,186.17,YOLO
China_Drone_001524,1,3,1,2,0,0.3333,1.0,0.5,0.9225,3.73,6,0,6,1,0.0,0.0,0.0,0.0,549.65,YOLO
China_Drone_001528,1,2,1,1,0,0.5,1.0,0.6667,0.6105,3.74,4,0,4,1,0.0,0.0,0.0,0.0,406.23,YOLO
China_Drone_001541,2,4,2,2,0,0.5,1.0,0.6667,0.5719,4.01,2,0,2,2,0.0,0.0,0.0,0.0,361.43,YOLO
China_Drone_001548,2,3,2,1,0,0.6667,1.0,0.8,0.7758,3.42,0,0,0,2,0.0,0.0,0.0,0.0,78.9,YOLO
China_Drone_001551,3,2,1,1,2,0.5,0.3333,0.4,0.9334,3.68,3,0,3,3,0.0,0.0,0.0,0.0,367.25,YOLO
China_Drone_001566,1,3,0,3,1,0.0,0.0,0.0,0.0,3.44,1,0,1,1,0.0,0.0,0.0,0.0,172.11,TIED_ZERO_OR_FAIL
China_Drone_001574,2,2,2,0,0,1.0,1.0,1.0,0.7178,3.36,2,0,2,2,0.0,0.0,0.0,0.0,347.27,YOLO
China_Drone_001579,2,1,1,0,1,1.0,0.5,0.6667,0.7773,3.57,3,0,3,2,0.0,0.0,0.0,0.0,458.84,YOLO
China_Drone_001580,1,1,1,0,0,1.0,1.0,1.0,0.7429,3.34,3,0,3,1,0.0,0.0,0.0,0.0,232.35,YOLO
China_Drone_001585,2,1,1,0,1,1.0,0.5,0.6667,0.7347,3.41,3,0,3,2,0.0,0.0,0.0,0.0,413.51,YOLO
China_Drone_001588,1,2,1,1,0,0.5,1.0,0.6667,0.8503,3.42,1,0,1,1,0.0,0.0,0.0,0.0,326.09,YOLO
China_Drone_001590,1,0,0,0,1,0.0,0.0,0.0,0.0,3.11,3,0,3,1,0.0,0.0,0.0,0.0,284.15,TIED_ZERO_OR_FAIL
China_Drone_001595,2,1,1,0,1,1.0,0.5,0.6667,0.5869,3.6,0,0,0,2,0.0,0.0,0.0,0.0,83.14,YOLO
China_Drone_001596,1,1,0,1,1,0.0,0.0,0.0,0.0,3.64,3,0,3,1,0.0,0.0,0.0,0.0,218.43,TIED_ZERO_OR_FAIL
China_Drone_001604,1,1,1,0,0,1.0,1.0,1.0,0.7171,3.41,0,0,0,1,0.0,0.0,0.0,0.0,107.6,YOLO
China_Drone_001606,1,1,1,0,0,1.0,1.0,1.0,0.7236,3.54,2,0,2,1,0.0,0.0,0.0,0.0,184.66,YOLO
China_Drone_001607,2,2,2,0,0,1.0,1.0,1.0,0.7163,3.24,1,0,1,2,0.0,0.0,0.0,0.0,121.6,YOLO
China_Drone_001613,1,1,1,0,0,1.0,1.0,1.0,0.7939,3.26,3,0,3,1,0.0,0.0,0.0,0.0,270.93,YOLO
China_Drone_001614,1,6,1,5,0,0.1667,1.0,0.2857,0.761,3.38,2,0,2,1,0.0,0.0,0.0,0.0,275.01,YOLO
China_Drone_001618,4,4,4,0,0,1.0,1.0,1.0,0.7491,3.69,1,0,1,4,0.0,0.0,0.0,0.0,145.33,YOLO
China_Drone_001627,1,4,1,3,0,0.25,1.0,0.4,0.9131,3.43,0,0,0,1,0.0,0.0,0.0,0.0,147.13,YOLO
China_Drone_001629,2,1,1,0,1,1.0,0.5,0.6667,0.5356,3.66,0,0,0,2,0.0,0.0,0.0,0.0,87.87,YOLO
China_Drone_001632,3,1,1,0,2,1.0,0.3333,0.5,0.8001,3.58,5,1,4,2,0.2,0.3333,0.25,0.5089,359.74,YOLO
China_Drone_001637,2,2,2,0,0,1.0,1.0,1.0,0.8445,3.51,1,0,1,2,0.0,0.0,0.0,0.0,251.27,YOLO
China_Drone_001639,1,1,1,0,0,1.0,1.0,1.0,0.8941,3.42,1,0,1,1,0.0,0.0,0.0,0.0,274.67,YOLO
China_Drone_001644,3,4,3,1,0,0.75,1.0,0.8571,0.7126,3.89,2,0,2,3,0.0,0.0,0.0,0.0,235.41,YOLO
China_Drone_001655,2,2,2,0,0,1.0,1.0,1.0,0.8822,3.6,2,0,2,2,0.0,0.0,0.0,0.0,280.07,YOLO
China_Drone_001658,1,3,1,2,0,0.3333,1.0,0.5,0.7756,3.41,2,0,2,1,0.0,0.0,0.0,0.0,201.32,YOLO
China_Drone_001670,1,1,1,0,0,1.0,1.0,1.0,0.8716,3.63,3,0,3,1,0.0,0.0,0.0,0.0,368.05,YOLO
China_Drone_001675,2,1,1,0,1,1.0,0.5,0.6667,0.7576,3.48,1,0,1,2,0.0,0.0,0.0,0.0,169.87,YOLO
China_Drone_001678,2,5,2,3,0,0.4,1.0,0.5714,0.7645,3.29,2,0,2,2,0.0,0.0,0.0,0.0,183.21,YOLO
China_Drone_001692,1,3,1,2,0,0.3333,1.0,0.5,0.8193,3.92,7,0,7,1,0.0,0.0,0.0,0.0,550.97,YOLO
China_Drone_001693,1,1,1,0,0,1.0,1.0,1.0,0.7991,3.57,3,0,3,1,0.0,0.0,0.0,0.0,373.35,YOLO
China_Drone_001695,1,2,1,1,0,0.5,1.0,0.6667,0.8443,4.24,1,0,1,1,0.0,0.0,0.0,0.0,132.98,YOLO
China_Drone_001698,1,1,1,0,0,1.0,1.0,1.0,0.6006,3.55,2,0,2,1,0.0,0.0,0.0,0.0,323.41,YOLO
China_Drone_001708,1,0,0,0,1,0.0,0.0,0.0,0.0,3.25,3,0,3,1,0.0,0.0,0.0,0.0,282.02,TIED_ZERO_OR_FAIL
China_Drone_001709,2,1,1,0,1,1.0,0.5,0.6667,0.8255,3.42,3,0,3,2,0.0,0.0,0.0,0.0,310.31,YOLO
China_Drone_001714,1,1,1,0,0,1.0,1.0,1.0,0.8301,3.4,1,0,1,1,0.0,0.0,0.0,0.0,188.7,YOLO
China_Drone_001715,3,2,2,0,1,1.0,0.6667,0.8,0.7902,3.32,4,0,4,3,0.0,0.0,0.0,0.0,365.27,YOLO
China_Drone_001716,3,2,2,0,1,1.0,0.6667,0.8,0.6752,3.82,3,1,2,2,0.3333,0.3333,0.3333,0.5962,452.76,YOLO
China_Drone_001723,1,1,1,0,0,1.0,1.0,1.0,0.7273,3.7,2,0,2,1,0.0,0.0,0.0,0.0,357.41,YOLO
China_Drone_001725,2,2,2,0,0,1.0,1.0,1.0,0.6936,3.6,1,0,1,2,0.0,0.0,0.0,0.0,164.21,YOLO
China_Drone_001745,1,1,1,0,0,1.0,1.0,1.0,0.715,3.46,1,0,1,1,0.0,0.0,0.0,0.0,220.65,YOLO
China_Drone_001755,3,1,0,1,3,0.0,0.0,0.0,0.0,3.29,3,0,3,3,0.0,0.0,0.0,0.0,321.81,TIED_ZERO_OR_FAIL
China_Drone_001759,2,4,1,3,1,0.25,0.5,0.3333,0.8266,3.88,5,0,5,2,0.0,0.0,0.0,0.0,343.23,YOLO
China_Drone_001763,1,1,1,0,0,1.0,1.0,1.0,0.8025,3.61,1,0,1,1,0.0,0.0,0.0,0.0,133.26,YOLO
China_Drone_001774,2,2,2,0,0,1.0,1.0,1.0,0.8103,3.41,1,0,1,2,0.0,0.0,0.0,0.0,188.96,YOLO
China_Drone_001777,1,3,1,2,0,0.3333,1.0,0.5,0.871,3.45,1,0,1,1,0.0,0.0,0.0,0.0,276.52,YOLO
China_Drone_001787,1,2,1,1,0,0.5,1.0,0.6667,0.7625,3.77,3,0,3,1,0.0,0.0,0.0,0.0,284.26,YOLO
China_Drone_001789,2,2,2,0,0,1.0,1.0,1.0,0.7167,3.57,3,0,3,2,0.0,0.0,0.0,0.0,317.51,YOLO
China_Drone_001792,2,1,1,0,1,1.0,0.5,0.6667,0.6197,3.49,4,0,4,2,0.0,0.0,0.0,0.0,358.3,YOLO
China_Drone_001799,3,5,3,2,0,0.6,1.0,0.75,0.8392,3.37,1,1,0,2,1.0,0.3333,0.5,0.8218,181.85,YOLO
China_Drone_001804,3,1,1,0,2,1.0,0.3333,0.5,0.8548,3.62,2,0,2,3,0.0,0.0,0.0,0.0,190.41,YOLO
China_Drone_001806,1,1,1,0,0,1.0,1.0,1.0,0.7574,3.67,1,0,1,1,0.0,0.0,0.0,0.0,134.31,YOLO
China_Drone_001807,2,2,2,0,0,1.0,1.0,1.0,0.7793,5.0,4,0,4,2,0.0,0.0,0.0,0.0,314.93,YOLO
China_Drone_001808,4,3,3,0,1,1.0,0.75,0.8571,0.8544,3.56,2,0,2,4,0.0,0.0,0.0,0.0,174.2,YOLO
China_Drone_001812,1,1,1,0,0,1.0,1.0,1.0,0.9717,3.85,2,1,1,0,0.5,1.0,0.6667,0.6419,241.76,YOLO
China_Drone_001817,1,1,1,0,0,1.0,1.0,1.0,0.6091,3.47,0,0,0,1,0.0,0.0,0.0,0.0,137.59,YOLO
China_Drone_001823,1,1,1,0,0,1.0,1.0,1.0,0.8285,3.35,2,0,2,1,0.0,0.0,0.0,0.0,279.28,YOLO
China_Drone_001834,1,1,1,0,0,1.0,1.0,1.0,0.8739,3.35,2,0,2,1,0.0,0.0,0.0,0.0,280.87,YOLO
China_Drone_001851,1,2,1,1,0,0.5,1.0,0.6667,0.7834,3.9,5,0,5,1,0.0,0.0,0.0,0.0,373.6,YOLO
China_Drone_001856,1,0,0,0,1,0.0,0.0,0.0,0.0,3.07,5,1,4,0,0.2,1.0,0.3333,0.651,390.32,DINO_SAM
China_Drone_001861,3,4,3,1,0,0.75,1.0,0.8571,0.7193,3.48,5,0,5,3,0.0,0.0,0.0,0.0,328.96,YOLO
China_Drone_001865,2,2,1,1,1,0.5,0.5,0.5,0.6123,3.58,2,0,2,2,0.0,0.0,0.0,0.0,227.17,YOLO
China_Drone_001870,1,1,1,0,0,1.0,1.0,1.0,0.8288,3.35,1,0,1,1,0.0,0.0,0.0,0.0,196.17,YOLO
China_Drone_001871,2,3,2,1,0,0.6667,1.0,0.8,0.7673,3.98,3,0,3,2,0.0,0.0,0.0,0.0,319.5,YOLO
China_Drone_001883,1,1,1,0,0,1.0,1.0,1.0,0.9791,3.73,1,0,1,1,0.0,0.0,0.0,0.0,322.76,YOLO
China_Drone_001884,1,1,1,0,0,1.0,1.0,1.0,0.8629,3.51,5,0,5,1,0.0,0.0,0.0,0.0,436.32,YOLO
China_Drone_001891,1,1,1,0,0,1.0,1.0,1.0,0.8455,3.51,0,0,0,1,0.0,0.0,0.0,0.0,85.4,YOLO
China_Drone_001892,1,3,1,2,0,0.3333,1.0,0.5,0.6302,3.54,2,0,2,1,0.0,0.0,0.0,0.0,229.08,YOLO
China_Drone_001911,1,1,1,0,0,1.0,1.0,1.0,0.9577,3.27,1,0,1,1,0.0,0.0,0.0,0.0,139.07,YOLO
China_Drone_001914,4,3,1,2,3,0.3333,0.25,0.2857,0.7768,3.49,3,0,3,4,0.0,0.0,0.0,0.0,319.15,YOLO
China_Drone_001930,1,1,1,0,0,1.0,1.0,1.0,0.8576,3.69,0,0,0,1,0.0,0.0,0.0,0.0,100.04,YOLO
China_Drone_001931,1,1,1,0,0,1.0,1.0,1.0,0.8115,4.15,0,0,0,1,0.0,0.0,0.0,0.0,81.01,YOLO
China_Drone_001935,2,2,2,0,0,1.0,1.0,1.0,0.8127,3.48,1,0,1,2,0.0,0.0,0.0,0.0,172.1,YOLO
China_Drone_001940,1,2,0,2,1,0.0,0.0,0.0,0.0,4.15,1,0,1,1,0.0,0.0,0.0,0.0,144.71,TIED_ZERO_OR_FAIL
China_Drone_001945,2,1,0,1,2,0.0,0.0,0.0,0.0,3.46,1,0,1,2,0.0,0.0,0.0,0.0,197.57,TIED_ZERO_OR_FAIL
China_Drone_001947,2,3,2,1,0,0.6667,1.0,0.8,0.795,4.03,2,0,2,2,0.0,0.0,0.0,0.0,243.53,YOLO
China_Drone_001951,5,4,4,0,1,1.0,0.8,0.8889,0.8098,3.47,2,0,2,5,0.0,0.0,0.0,0.0,229.08,YOLO
China_Drone_001953,2,3,1,2,1,0.3333,0.5,0.4,0.7762,3.35,4,0,4,2,0.0,0.0,0.0,0.0,339.08,YOLO
China_Drone_001954,1,1,1,0,0,1.0,1.0,1.0,0.7867,3.7,4,0,4,1,0.0,0.0,0.0,0.0,476.72,YOLO
China_Drone_001955,1,1,1,0,0,1.0,1.0,1.0,0.9215,3.79,1,0,1,1,0.0,0.0,0.0,0.0,190.18,YOLO
China_Drone_001956,1,3,1,2,0,0.3333,1.0,0.5,0.7427,3.47,3,0,3,1,0.0,0.0,0.0,0.0,280.78,YOLO
China_Drone_001957,1,3,1,2,0,0.3333,1.0,0.5,0.9517,3.44,2,0,2,1,0.0,0.0,0.0,0.0,193.11,YOLO
China_Drone_001966,1,2,1,1,0,0.5,1.0,0.6667,0.852,3.41,4,0,4,1,0.0,0.0,0.0,0.0,291.95,YOLO
China_Drone_001968,2,6,1,5,1,0.1667,0.5,0.25,0.9161,3.44,3,0,3,2,0.0,0.0,0.0,0.0,370.57,YOLO
China_Drone_001974,2,2,2,0,0,1.0,1.0,1.0,0.713,3.35,3,0,3,2,0.0,0.0,0.0,0.0,369.09,YOLO
China_Drone_001975,1,2,1,1,0,0.5,1.0,0.6667,0.8512,3.43,7,0,7,1,0.0,0.0,0.0,0.0,439.35,YOLO
China_Drone_001983,2,5,2,3,0,0.4,1.0,0.5714,0.9062,3.61,4,0,4,2,0.0,0.0,0.0,0.0,410.06,YOLO
China_Drone_001984,1,2,0,2,1,0.0,0.0,0.0,0.0,3.45,3,0,3,1,0.0,0.0,0.0,0.0,311.85,TIED_ZERO_OR_FAIL
China_Drone_001985,1,1,1,0,0,1.0,1.0,1.0,0.955,3.67,1,0,1,1,0.0,0.0,0.0,0.0,137.37,YOLO
China_Drone_001991,2,4,2,2,0,0.5,1.0,0.6667,0.7547,4.02,6,0,6,2,0.0,0.0,0.0,0.0,424.99,YOLO
China_Drone_001997,2,2,2,0,0,1.0,1.0,1.0,0.8029,28.83,2,0,2,2,0.0,0.0,0.0,0.0,322.04,YOLO
China_Drone_001999,1,1,1,0,0,1.0,1.0,1.0,0.7754,3.47,2,0,2,1,0.0,0.0,0.0,0.0,172.91,YOLO
China_Drone_002000,1,1,0,1,1,0.0,0.0,0.0,0.0,3.45,2,0,2,1,0.0,0.0,0.0,0.0,180.62,TIED_ZERO_OR_FAIL
China_Drone_002003,1,2,1,1,0,0.5,1.0,0.6667,0.6854,3.66,3,0,3,1,0.0,0.0,0.0,0.0,227.65,YOLO
China_Drone_002006,1,1,1,0,0,1.0,1.0,1.0,0.7933,3.61,1,0,1,1,0.0,0.0,0.0,0.0,160.77,YOLO
China_Drone_002007,2,3,1,2,1,0.3333,0.5,0.4,0.9634,3.58,2,0,2,2,0.0,0.0,0.0,0.0,259.75,YOLO
China_Drone_002015,1,2,1,1,0,0.5,1.0,0.6667,0.5247,3.35,0,0,0,1,0.0,0.0,0.0,0.0,91.04,YOLO
China_Drone_002016,1,2,1,1,0,0.5,1.0,0.6667,0.5878,3.6,5,0,5,1,0.0,0.0,0.0,0.0,375.98,YOLO
China_Drone_002017,1,0,0,0,1,0.0,0.0,0.0,0.0,3.23,1,0,1,1,0.0,0.0,0.0,0.0,170.69,TIED_ZERO_OR_FAIL
China_Drone_002018,1,1,1,0,0,1.0,1.0,1.0,0.9819,3.44,3,0,3,1,0.0,0.0,0.0,0.0,466.21,YOLO
China_Drone_002020,1,6,1,5,0,0.1667,1.0,0.2857,0.8801,3.62,2,0,2,1,0.0,0.0,0.0,0.0,203.44,YOLO
China_Drone_002027,2,2,1,1,1,0.5,0.5,0.5,0.8971,3.54,3,0,3,2,0.0,0.0,0.0,0.0,345.33,YOLO
China_Drone_002031,1,1,0,1,1,0.0,0.0,0.0,0.0,3.49,0,0,0,1,0.0,0.0,0.0,0.0,158.88,TIED_ZERO_OR_FAIL
China_Drone_002051,1,1,1,0,0,1.0,1.0,1.0,0.9691,5.59,1,0,1,1,0.0,0.0,0.0,0.0,147.98,YOLO
China_Drone_002057,1,1,1,0,0,1.0,1.0,1.0,0.9118,3.4,2,0,2,1,0.0,0.0,0.0,0.0,236.2,YOLO
China_Drone_002058,1,1,1,0,0,1.0,1.0,1.0,0.8818,3.64,2,0,2,1,0.0,0.0,0.0,0.0,212.14,YOLO
China_Drone_002061,1,0,0,0,1,0.0,0.0,0.0,0.0,3.02,2,0,2,1,0.0,0.0,0.0,0.0,249.48,TIED_ZERO_OR_FAIL
China_Drone_002063,1,1,1,0,0,1.0,1.0,1.0,0.9913,3.57,1,0,1,1,0.0,0.0,0.0,0.0,146.52,YOLO
China_Drone_002075,1,1,1,0,0,1.0,1.0,1.0,0.8366,3.47,1,0,1,1,0.0,0.0,0.0,0.0,161.28,YOLO
China_Drone_002076,2,1,1,0,1,1.0,0.5,0.6667,0.8106,4.03,3,0,3,2,0.0,0.0,0.0,0.0,313.77,YOLO
China_Drone_002089,1,1,1,0,0,1.0,1.0,1.0,0.8103,3.71,3,0,3,1,0.0,0.0,0.0,0.0,353.83,YOLO
China_Drone_002093,1,1,1,0,0,1.0,1.0,1.0,0.8316,4.07,3,1,2,0,0.3333,1.0,0.5,0.5447,288.47,YOLO
China_Drone_002098,2,3,1,2,1,0.3333,0.5,0.4,0.882,3.46,3,0,3,2,0.0,0.0,0.0,0.0,320.78,YOLO
China_Drone_002099,1,2,1,1,0,0.5,1.0,0.6667,0.9769,3.4,3,0,3,1,0.0,0.0,0.0,0.0,287.4,YOLO
China_Drone_002103,1,2,1,1,0,0.5,1.0,0.6667,0.8559,3.84,5,0,5,1,0.0,0.0,0.0,0.0,407.42,YOLO
China_Drone_002104,2,2,2,0,0,1.0,1.0,1.0,0.7907,3.65,1,0,1,2,0.0,0.0,0.0,0.0,390.22,YOLO
China_Drone_002112,1,1,1,0,0,1.0,1.0,1.0,0.8302,4.04,4,0,4,1,0.0,0.0,0.0,0.0,377.92,YOLO
China_Drone_002113,2,1,1,0,1,1.0,0.5,0.6667,0.6289,3.57,4,0,4,2,0.0,0.0,0.0,0.0,292.27,YOLO
China_Drone_002115,2,3,2,1,0,0.6667,1.0,0.8,0.8576,3.47,1,0,1,2,0.0,0.0,0.0,0.0,410.14,YOLO
China_Drone_002116,1,1,1,0,0,1.0,1.0,1.0,0.7445,3.6,3,0,3,1,0.0,0.0,0.0,0.0,246.81,YOLO
China_Drone_002117,2,4,2,2,0,0.5,1.0,0.6667,0.8018,3.8,4,0,4,2,0.0,0.0,0.0,0.0,284.96,YOLO
China_Drone_002121,2,1,0,1,2,0.0,0.0,0.0,0.0,4.06,6,0,6,2,0.0,0.0,0.0,0.0,441.59,TIED_ZERO_OR_FAIL
China_Drone_002122,2,2,2,0,0,1.0,1.0,1.0,0.7686,3.66,1,0,1,2,0.0,0.0,0.0,0.0,197.51,YOLO
China_Drone_002141,2,3,1,2,1,0.3333,0.5,0.4,0.5386,3.43,3,0,3,2,0.0,0.0,0.0,0.0,247.3,YOLO
China_Drone_002142,1,2,1,1,0,0.5,1.0,0.6667,0.8995,3.61,0,0,0,1,0.0,0.0,0.0,0.0,77.07,YOLO
China_Drone_002146,2,2,2,0,0,1.0,1.0,1.0,0.7725,3.61,2,0,2,2,0.0,0.0,0.0,0.0,311.6,YOLO
China_Drone_002154,1,2,1,1,0,0.5,1.0,0.6667,0.8331,4.01,1,0,1,1,0.0,0.0,0.0,0.0,135.46,YOLO
China_Drone_002155,3,2,2,0,1,1.0,0.6667,0.8,0.9515,3.92,0,0,0,3,0.0,0.0,0.0,0.0,90.84,YOLO
China_Drone_002157,1,1,0,1,1,0.0,0.0,0.0,0.0,3.68,2,0,2,1,0.0,0.0,0.0,0.0,250.63,TIED_ZERO_OR_FAIL
China_Drone_002162,1,1,0,1,1,0.0,0.0,0.0,0.0,3.46,3,1,2,0,0.3333,1.0,0.5,0.648,294.15,DINO_SAM
China_Drone_002174,4,1,1,0,3,1.0,0.25,0.4,0.6852,3.58,3,0,3,4,0.0,0.0,0.0,0.0,228.16,YOLO
China_Drone_002175,1,1,0,1,1,0.0,0.0,0.0,0.0,3.48,2,0,2,1,0.0,0.0,0.0,0.0,279.07,TIED_ZERO_OR_FAIL
China_Drone_002179,2,1,1,0,1,1.0,0.5,0.6667,0.6955,3.49,1,0,1,2,0.0,0.0,0.0,0.0,136.57,YOLO
China_Drone_002188,1,1,1,0,0,1.0,1.0,1.0,0.7986,3.72,4,0,4,1,0.0,0.0,0.0,0.0,292.76,YOLO
China_Drone_002191,1,2,1,1,0,0.5,1.0,0.6667,0.8996,3.74,3,0,3,1,0.0,0.0,0.0,0.0,340.64,YOLO
China_Drone_002203,1,0,0,0,1,0.0,0.0,0.0,0.0,3.22,3,0,3,1,0.0,0.0,0.0,0.0,294.79,TIED_ZERO_OR_FAIL
China_Drone_002205,2,3,1,2,1,0.3333,0.5,0.4,0.8013,3.59,2,0,2,2,0.0,0.0,0.0,0.0,193.34,YOLO
China_Drone_002212,4,4,2,2,2,0.5,0.5,0.5,0.7223,3.4,4,0,4,4,0.0,0.0,0.0,0.0,341.16,YOLO
China_Drone_002215,1,1,1,0,0,1.0,1.0,1.0,0.7986,3.7,5,0,5,1,0.0,0.0,0.0,0.0,657.81,YOLO
China_Drone_002216,1,2,1,1,0,0.5,1.0,0.6667,0.7777,4.38,4,0,4,1,0.0,0.0,0.0,0.0,424.37,YOLO
China_Drone_002217,1,1,1,0,0,1.0,1.0,1.0,0.9671,3.83,4,0,4,1,0.0,0.0,0.0,0.0,347.13,YOLO
China_Drone_002229,5,5,5,0,0,1.0,1.0,1.0,0.8005,3.73,3,0,3,5,0.0,0.0,0.0,0.0,234.17,YOLO
China_Drone_002231,1,1,1,0,0,1.0,1.0,1.0,0.9638,3.48,3,1,2,0,0.3333,1.0,0.5,0.7979,310.73,YOLO
China_Drone_002241,1,0,0,0,1,0.0,0.0,0.0,0.0,3.36,1,0,1,1,0.0,0.0,0.0,0.0,264.78,TIED_ZERO_OR_FAIL
China_Drone_002248,1,2,1,1,0,0.5,1.0,0.6667,0.9464,3.4,1,1,0,0,1.0,1.0,1.0,0.6857,319.17,DINO_SAM
China_Drone_002249,1,2,1,1,0,0.5,1.0,0.6667,0.8049,3.61,1,0,1,1,0.0,0.0,0.0,0.0,200.2,YOLO
China_Drone_002250,1,1,0,1,1,0.0,0.0,0.0,0.0,3.66,3,0,3,1,0.0,0.0,0.0,0.0,235.29,TIED_ZERO_OR_FAIL
China_Drone_002255,1,1,1,0,0,1.0,1.0,1.0,0.848,3.75,2,0,2,1,0.0,0.0,0.0,0.0,191.32,YOLO
China_Drone_002259,3,3,3,0,0,1.0,1.0,1.0,0.8075,3.85,2,0,2,3,0.0,0.0,0.0,0.0,188.78,YOLO
China_Drone_002269,1,1,1,0,0,1.0,1.0,1.0,0.7482,3.54,3,0,3,1,0.0,0.0,0.0,0.0,229.46,YOLO
China_Drone_002271,2,2,2,0,0,1.0,1.0,1.0,0.8452,3.45,3,1,2,1,0.3333,0.5,0.4,0.6174,238.22,YOLO
China_Drone_002274,1,1,1,0,0,1.0,1.0,1.0,0.5189,3.51,1,0,1,1,0.0,0.0,0.0,0.0,168.94,YOLO
China_Drone_002282,1,1,1,0,0,1.0,1.0,1.0,0.8419,3.32,2,0,2,1,0.0,0.0,0.0,0.0,172.66,YOLO
China_Drone_002284,1,1,1,0,0,1.0,1.0,1.0,0.8557,3.28,1,0,1,1,0.0,0.0,0.0,0.0,265.59,YOLO
China_Drone_002286,2,2,1,1,1,0.5,0.5,0.5,0.7953,3.47,4,0,4,2,0.0,0.0,0.0,0.0,284.7,YOLO
China_Drone_002289,2,3,2,1,0,0.6667,1.0,0.8,0.5724,3.41,2,0,2,2,0.0,0.0,0.0,0.0,232.72,YOLO
China_Drone_002303,4,4,4,0,0,1.0,1.0,1.0,0.8371,4.43,1,1,0,3,1.0,0.25,0.4,0.829,136.15,YOLO
China_Drone_002312,1,1,1,0,0,1.0,1.0,1.0,0.6916,3.31,2,1,1,0,0.5,1.0,0.6667,0.6965,251.2,YOLO
China_Drone_002313,1,1,1,0,0,1.0,1.0,1.0,0.9381,3.46,2,0,2,1,0.0,0.0,0.0,0.0,233.34,YOLO
China_Drone_002316,2,1,1,0,1,1.0,0.5,0.6667,0.8678,3.35,0,0,0,2,0.0,0.0,0.0,0.0,79.43,YOLO
China_Drone_002317,1,1,1,0,0,1.0,1.0,1.0,0.8159,3.81,4,0,4,1,0.0,0.0,0.0,0.0,363.82,YOLO
China_Drone_002318,1,1,1,0,0,1.0,1.0,1.0,0.5477,3.74,1,0,1,1,0.0,0.0,0.0,0.0,179.94,YOLO
China_Drone_002321,1,1,1,0,0,1.0,1.0,1.0,0.9246,3.58,2,0,2,1,0.0,0.0,0.0,0.0,175.73,YOLO
China_Drone_002323,1,1,1,0,0,1.0,1.0,1.0,0.873,3.47,7,0,7,1,0.0,0.0,0.0,0.0,482.2,YOLO
China_Drone_002334,3,2,1,1,2,0.5,0.3333,0.4,0.8971,3.4,3,0,3,3,0.0,0.0,0.0,0.0,235.79,YOLO
China_Drone_002335,2,3,2,1,0,0.6667,1.0,0.8,0.8689,3.38,4,0,4,2,0.0,0.0,0.0,0.0,370.62,YOLO
China_Drone_002339,2,1,1,0,1,1.0,0.5,0.6667,0.6328,3.35,0,0,0,2,0.0,0.0,0.0,0.0,104.12,YOLO
China_Drone_002344,1,2,1,1,0,0.5,1.0,0.6667,0.7434,3.59,4,0,4,1,0.0,0.0,0.0,0.0,286.99,YOLO
China_Drone_002345,1,1,1,0,0,1.0,1.0,1.0,0.7485,3.8,0,0,0,1,0.0,0.0,0.0,0.0,96.53,YOLO
China_Drone_002346,1,2,1,1,0,0.5,1.0,0.6667,0.7275,4.02,1,0,1,1,0.0,0.0,0.0,0.0,268.48,YOLO
China_Drone_002351,1,3,1,2,0,0.3333,1.0,0.5,0.8654,3.56,1,0,1,1,0.0,0.0,0.0,0.0,137.11,YOLO
China_Drone_002357,1,3,1,2,0,0.3333,1.0,0.5,0.5165,3.66,2,0,2,1,0.0,0.0,0.0,0.0,222.39,YOLO
China_Drone_002358,1,2,0,2,1,0.0,0.0,0.0,0.0,3.53,0,0,0,1,0.0,0.0,0.0,0.0,185.93,TIED_ZERO_OR_FAIL
China_Drone_002375,3,4,3,1,0,0.75,1.0,0.8571,0.8312,3.55,3,0,3,3,0.0,0.0,0.0,0.0,223.36,YOLO
China_Drone_002378,1,1,1,0,0,1.0,1.0,1.0,0.8896,3.57,2,0,2,1,0.0,0.0,0.0,0.0,307.3,YOLO
China_Drone_002387,1,2,1,1,0,0.5,1.0,0.6667,0.7808,3.41,5,0,5,1,0.0,0.0,0.0,0.0,426.88,YOLO
China_Drone_002394,1,1,1,0,0,1.0,1.0,1.0,0.7909,3.54,1,0,1,1,0.0,0.0,0.0,0.0,327.69,YOLO
