image_id,gt_count,yolo_pred_count,yolo_tp,yolo_fp,yolo_fn,yolo_precision,yolo_recall,yolo_f1,yolo_failure,yolo_success,yolo_strict_failure,mean_confidence,max_confidence,min_confidence,std_confidence,num_low_conf,num_high_conf,dino_knn_distance,dino_min_distance,dino_centroid_distance,dino_domain_score,dino_ood_score,brightness,contrast,sharpness,edge_density,prob_failure_conf,prob_failure_ood,prob_failure_combined,reliability_score
China_Drone_000001,2,5,2,3,0,0.4,1.0,0.5714,0,1,0,0.3929,0.5198,0.2639,0.0959,3,0,0.1996,0.0253,0.4812,0.6003,0.3997,146.72,30.39,254.9,0.06776,0.0066,0.0945,0.0059,0.9941
China_Drone_000004,2,1,1,0,1,1.0,0.5,0.6667,0,1,0,0.7612,0.7612,0.7612,0.0,0,1,0.2428,0.1053,0.2765,0.4966,0.5034,163.13,30.17,164.66,0.02977,0.0285,0.1643,0.036,0.964
China_Drone_000010,3,2,2,0,1,1.0,0.6667,0.8,0,1,0,0.6743,0.7368,0.6119,0.0625,0,2,0.106,0.0603,0.384,0.8257,0.1743,133.51,38.03,369.17,0.09193,0.0699,0.0565,0.0418,0.9582
China_Drone_000015,1,2,1,1,0,0.5,1.0,0.6667,0,1,0,0.4405,0.558,0.3229,0.1176,1,0,0.1437,0.0815,0.2424,0.7349,0.2651,176.92,11.99,206.31,0.02856,0.0538,0.1199,0.0636,0.9364
China_Drone_000017,1,2,1,1,0,0.5,1.0,0.6667,0,1,0,0.4601,0.5307,0.3894,0.0707,1,0,0.2249,0.0941,0.3048,0.5396,0.4604,138.38,60.44,325.57,0.01402,0.0464,0.1531,0.0698,0.9302
China_Drone_000022,2,2,2,0,0,1.0,1.0,1.0,0,1,0,0.5039,0.6334,0.3743,0.1296,1,1,0.1801,0.1392,0.2953,0.6475,0.3525,162.45,9.01,96.34,0.00729,0.0442,0.1248,0.0498,0.9502
China_Drone_000023,2,2,2,0,0,1.0,1.0,1.0,0,1,0,0.7443,0.922,0.5667,0.1777,0,1,0.238,0.1905,0.3895,0.5079,0.4921,127.03,16.53,124.11,0.01287,0.0094,0.1348,0.0076,0.9924
China_Drone_000024,2,2,2,0,0,1.0,1.0,1.0,0,1,0,0.4692,0.6073,0.3311,0.1381,1,1,0.0699,0.0319,0.244,0.9126,0.0874,134.85,15.67,803.01,0.22839,0.0864,0.0802,0.0394,0.9606
China_Drone_000033,2,0,0,0,2,0.0,0.0,0.0,1,0,1,0.0,0.0,0.0,0.0,0,0,0.281,0.0634,0.3189,0.4044,0.5956,148.3,68.95,259.46,0.01826,0.9563,0.177,0.9838,0.0162
China_Drone_000034,1,1,1,0,0,1.0,1.0,1.0,0,1,0,0.8056,0.8056,0.8056,0.0,0,1,0.0853,0.016,0.3332,0.8755,0.1245,158.71,13.67,71.52,0.00982,0.0266,0.0768,0.0223,0.9777
China_Drone_000036,2,2,2,0,0,1.0,1.0,1.0,0,1,0,0.6487,0.7548,0.5425,0.1062,0,1,0.0731,0.026,0.2484,0.9049,0.0951,151.67,17.88,1824.49,0.17301,0.018,0.0889,0.0491,0.9509
China_Drone_000037,1,1,1,0,0,1.0,1.0,1.0,0,1,0,0.8543,0.8543,0.8543,0.0,0,1,0.3869,0.2711,0.4949,0.1497,0.8503,153.85,27.7,125.66,0.0164,0.0177,0.1832,0.0186,0.9814
China_Drone_000045,2,2,1,1,1,0.5,0.5,0.5,0,1,0,0.4427,0.4945,0.3908,0.0519,1,0,0.3194,0.2222,0.4442,0.312,0.688,136.68,23.69,182.56,0.03508,0.0666,0.1759,0.0564,0.9436
China_Drone_000049,1,2,1,1,0,0.5,1.0,0.6667,0,1,0,0.7388,0.9268,0.5507,0.1881,0,1,0.1711,0.0501,0.2803,0.6691,0.3309,158.11,7.25,25.14,0.00104,0.0132,0.12,0.0138,0.9862
China_Drone_000064,2,2,2,0,0,1.0,1.0,1.0,0,1,0,0.5757,0.8985,0.2528,0.3229,1,1,0.1848,0.0776,0.3223,0.6359,0.3641,180.93,9.8,76.23,0.00397,0.0282,0.1195,0.0333,0.9667
China_Drone_000070,1,2,1,1,0,0.5,1.0,0.6667,0,1,0,0.4287,0.5914,0.266,0.1627,1,0,0.1258,0.0696,0.2626,0.7781,0.2219,121.61,9.09,257.33,0.01726,0.0584,0.1006,0.0558,0.9442
China_Drone_000072,1,1,1,0,0,1.0,1.0,1.0,0,1,0,0.4456,0.4456,0.4456,0.0,0,0,0.2444,0.1995,0.2807,0.4925,0.5075,143.06,19.01,75.02,0.00864,0.1444,0.1843,0.1841,0.8159
China_Drone_000074,2,4,2,2,0,0.5,1.0,0.6667,0,1,0,0.5329,0.6409,0.2835,0.1459,1,2,0.2109,0.0516,0.4005,0.5731,0.4269,163.88,11.86,45.16,0.0102,0.0205,0.1117,0.0199,0.9801
China_Drone_000088,2,1,1,0,1,1.0,0.5,0.6667,0,1,0,0.2964,0.2964,0.2964,0.0,1,0,0.4738,0.3537,0.8132,0.0,1.0,65.57,32.04,198.77,0.0334,0.3736,0.1832,0.2848,0.7152
China_Drone_000091,2,2,2,0,0,1.0,1.0,1.0,0,1,0,0.7326,0.779,0.6862,0.0464,0,2,0.1901,0.0951,0.4244,0.6232,0.3768,175.18,49.7,229.19,0.01372,0.0449,0.0897,0.0784,0.9216
China_Drone_000099,2,2,2,0,0,1.0,1.0,1.0,0,1,0,0.404,0.5469,0.2612,0.1428,1,0,0.1246,0.075,0.2901,0.7808,0.2192,119.74,14.76,104.37,0.00742,0.0508,0.0823,0.0354,0.9646
China_Drone_000104,2,2,2,0,0,1.0,1.0,1.0,0,1,0,0.9012,0.9183,0.8842,0.017,0,2,0.1929,0.1436,0.2135,0.6164,0.3836,153.67,45.04,192.64,0.01201,0.0114,0.1554,0.0276,0.9724
China_Drone_000112,2,5,1,4,1,0.2,0.5,0.2857,0,1,1,0.4203,0.7768,0.2597,0.1931,3,1,0.1244,0.0501,0.4318,0.7813,0.2187,112.54,27.45,455.33,0.13639,0.0045,0.0563,0.0015,0.9985
China_Drone_000115,2,3,2,1,0,0.6667,1.0,0.8,0,1,0,0.6572,0.8946,0.3,0.2571,1,2,0.2136,0.1367,0.2191,0.5667,0.4333,160.79,12.48,60.52,0.01059,0.0266,0.1908,0.0384,0.9616
China_Drone_000118,1,3,1,2,0,0.3333,1.0,0.5,0,1,0,0.43,0.5682,0.2592,0.1282,1,0,0.1457,0.1015,0.4258,0.7302,0.2698,133.69,35.1,233.69,0.05409,0.0142,0.0662,0.0093,0.9907
China_Drone_000119,1,1,1,0,0,1.0,1.0,1.0,0,1,0,0.7522,0.7522,0.7522,0.0,0,1,0.1878,0.0631,0.469,0.6288,0.3712,138.4,30.38,814.56,0.13355,0.0415,0.0865,0.0333,0.9667
China_Drone_000120,1,0,0,0,1,0.0,0.0,0.0,1,0,1,0.0,0.0,0.0,0.0,0,0,0.2747,0.1619,0.3473,0.4196,0.5804,170.57,60.07,219.93,0.00388,0.9538,0.1855,0.9852,0.0148
China_Drone_000126,1,1,1,0,0,1.0,1.0,1.0,0,1,0,0.8478,0.8478,0.8478,0.0,0,1,0.0804,0.0459,0.2598,0.8873,0.1127,126.99,13.29,1435.43,0.10824,0.0133,0.0775,0.0085,0.9915
China_Drone_000135,1,1,1,0,0,1.0,1.0,1.0,0,1,0,0.7677,0.7677,0.7677,0.0,0,1,0.1427,0.1148,0.1785,0.7374,0.2626,152.54,9.18,138.42,0.00742,0.0365,0.1391,0.0436,0.9564
China_Drone_000136,1,2,1,1,0,0.5,1.0,0.6667,0,1,0,0.5236,0.6926,0.3545,0.1691,1,1,0.1889,0.1357,0.2513,0.6261,0.3739,143.76,44.88,147.06,0.00484,0.069,0.1382,0.0713,0.9287
China_Drone_000137,1,1,1,0,0,1.0,1.0,1.0,0,1,0,0.6843,0.6843,0.6843,0.0,0,1,0.1918,0.1051,0.3373,0.6191,0.3809,182.47,21.46,245.27,0.04966,0.0539,0.1158,0.083,0.917
China_Drone_000138,1,1,1,0,0,1.0,1.0,1.0,0,1,0,0.6889,0.6889,0.6889,0.0,0,1,0.1397,0.0558,0.1855,0.7447,0.2553,166.43,13.88,154.18,0.0149,0.0696,0.1353,0.0982,0.9018
China_Drone_000139,1,1,1,0,0,1.0,1.0,1.0,0,1,0,0.8036,0.8036,0.8036,0.0,0,1,0.0731,0.019,0.3546,0.9048,0.0952,145.11,10.44,47.32,0.00377,0.02,0.065,0.0131,0.9869
China_Drone_000148,1,1,1,0,0,1.0,1.0,1.0,0,1,0,0.7246,0.7246,0.7246,0.0,0,1,0.1081,0.0592,0.2277,0.8205,0.1795,186.32,19.87,238.03,0.04594,0.0288,0.0996,0.0385,0.9615
China_Drone_000152,1,2,1,1,0,0.5,1.0,0.6667,0,1,0,0.5895,0.61,0.569,0.0205,0,1,0.3152,0.3008,0.3598,0.3223,0.6777,167.18,26.85,75.53,0.00534,0.0448,0.2279,0.0886,0.9114
China_Drone_000160,2,0,0,0,2,0.0,0.0,0.0,1,0,1,0.0,0.0,0.0,0.0,0,0,0.2108,0.1277,0.2733,0.5734,0.4266,158.55,19.31,70.99,0.0052,0.9568,0.1447,0.972,0.028
China_Drone_000168,1,0,0,0,1,0.0,0.0,0.0,1,0,1,0.0,0.0,0.0,0.0,0,0,0.301,0.1387,0.4633,0.3564,0.6436,75.44,24.19,86.7,0.01776,0.9563,0.1401,0.9079,0.0921
China_Drone_000170,0,1,0,1,0,0.0,0.0,0.0,1,0,1,0.6372,0.6372,0.6372,0.0,0,1,0.3991,0.0578,0.4888,0.1204,0.8796,152.97,43.54,1310.61,0.15025,0.0793,0.214,0.0614,0.9386
China_Drone_000178,1,1,1,0,0,1.0,1.0,1.0,0,1,0,0.5957,0.5957,0.5957,0.0,0,0,0.1507,0.0972,0.2923,0.7181,0.2819,139.37,11.63,34.89,0.00097,0.0356,0.0973,0.0289,0.9711
China_Drone_000182,1,1,1,0,0,1.0,1.0,1.0,0,1,0,0.5619,0.5619,0.5619,0.0,0,0,0.2913,0.2135,0.4046,0.3796,0.6204,159.77,11.89,16.97,0.0011,0.0572,0.1582,0.0606,0.9394
China_Drone_000183,1,0,0,0,1,0.0,0.0,0.0,1,0,1,0.0,0.0,0.0,0.0,0,0,0.242,0.0519,0.4545,0.4983,0.5017,140.66,27.16,284.47,0.07424,0.9565,0.1216,0.9494,0.0506
China_Drone_000188,2,2,2,0,0,1.0,1.0,1.0,0,1,0,0.7913,0.8569,0.7257,0.0656,0,2,0.1905,0.0471,0.2532,0.6223,0.3777,163.14,18.9,110.12,0.02225,0.026,0.1389,0.034,0.966
China_Drone_000189,2,3,2,1,0,0.6667,1.0,0.8,0,1,0,0.4756,0.6071,0.2662,0.1497,1,1,0.2009,0.1134,0.183,0.5972,0.4028,167.97,14.8,73.07,0.012,0.0364,0.1755,0.0562,0.9438
China_Drone_000193,1,1,1,0,0,1.0,1.0,1.0,0,1,0,0.9962,0.9962,0.9962,0.0,0,1,0.1157,0.0743,0.2285,0.8022,0.1978,124.79,12.31,212.38,0.01633,0.0053,0.1114,0.004,0.996
China_Drone_000194,1,4,1,3,0,0.25,1.0,0.4,0,1,1,0.5362,0.6938,0.3293,0.1326,1,1,0.1884,0.1425,0.1993,0.6273,0.3727,135.88,14.13,270.31,0.04653,0.0107,0.1526,0.0094,0.9906
China_Drone_000195,2,2,1,1,1,0.5,0.5,0.5,0,1,0,0.3372,0.3429,0.3314,0.0058,2,0,0.0499,0.029,0.229,0.9608,0.0392,138.39,17.69,1170.71,0.27939,0.1055,0.0722,0.0624,0.9376
China_Drone_000197,1,1,1,0,0,1.0,1.0,1.0,0,1,0,0.7359,0.7359,0.7359,0.0,0,1,0.1247,0.0506,0.2546,0.7806,0.2194,150.77,30.49,174.04,0.05477,0.0475,0.1089,0.0467,0.9533
China_Drone_000200,3,0,0,0,3,0.0,0.0,0.0,1,0,1,0.0,0.0,0.0,0.0,0,0,0.1988,0.1532,0.2789,0.6022,0.3978,77.49,27.11,70.57,0.00699,0.9563,0.1397,0.9313,0.0687
China_Drone_000206,1,1,1,0,0,1.0,1.0,1.0,0,1,0,0.439,0.439,0.439,0.0,0,0,0.1927,0.0547,0.2277,0.6171,0.3829,149.76,8.75,81.75,0.00276,0.179,0.1524,0.2033,0.7967
China_Drone_000211,4,4,4,0,0,1.0,1.0,1.0,0,1,0,0.5214,0.7542,0.3435,0.1806,2,2,0.2093,0.049,0.2966,0.577,0.423,171.6,8.94,27.6,0.00217,0.0239,0.1443,0.0276,0.9724
China_Drone_000212,1,4,1,3,0,0.25,1.0,0.4,0,1,1,0.326,0.4069,0.2509,0.0662,3,0,0.1454,0.1071,0.5759,0.7309,0.2691,122.79,30.54,363.68,0.08854,0.0176,0.0557,0.0076,0.9924
China_Drone_000213,5,2,2,0,3,1.0,0.4,0.5714,0,1,0,0.6092,0.7912,0.4273,0.1819,0,1,0.2314,0.1862,0.3392,0.5239,0.4761,102.52,33.62,314.58,0.05256,0.0308,0.1435,0.024,0.976
China_Drone_000215,1,1,0,1,1,0.0,0.0,0.0,1,0,1,0.6827,0.6827,0.6827,0.0,0,1,0.1466,0.0994,0.3123,0.7279,0.2721,184.05,21.59,212.93,0.04474,0.0414,0.1017,0.0525,0.9475
China_Drone_000223,1,1,1,0,0,1.0,1.0,1.0,0,1,0,0.7017,0.7017,0.7017,0.0,0,1,0.2609,0.2312,0.373,0.453,0.547,128.11,19.63,175.96,0.06149,0.0465,0.1486,0.0453,0.9547
China_Drone_000224,1,2,1,1,0,0.5,1.0,0.6667,0,1,0,0.337,0.3984,0.2756,0.0614,2,0,0.1225,0.0481,0.2268,0.7861,0.2139,149.73,33.1,606.14,0.17444,0.1274,0.1068,0.0912,0.9088
China_Drone_000228,2,2,2,0,0,1.0,1.0,1.0,0,1,0,0.6663,0.6766,0.6561,0.0103,0,2,0.0933,0.0658,0.3211,0.8562,0.1438,175.89,8.59,116.51,0.00777,0.0588,0.0772,0.0814,0.9186
China_Drone_000230,2,4,2,2,0,0.5,1.0,0.6667,0,1,0,0.387,0.5408,0.2615,0.1051,2,0,0.1131,0.0344,0.2658,0.8087,0.1913,103.31,23.37,361.28,0.09825,0.0108,0.0922,0.0092,0.9908
China_Drone_000245,1,1,1,0,0,1.0,1.0,1.0,0,1,0,0.697,0.697,0.697,0.0,0,1,0.183,0.1291,0.3509,0.6404,0.3596,150.07,14.18,43.46,0.0077,0.0652,0.1114,0.0562,0.9438
China_Drone_000246,1,2,1,1,0,0.5,1.0,0.6667,0,1,0,0.6967,0.7696,0.6239,0.0728,0,2,0.267,0.0229,0.3232,0.4382,0.5618,174.36,13.34,47.23,0.00574,0.0458,0.1661,0.0621,0.9379
China_Drone_000251,1,1,1,0,0,1.0,1.0,1.0,0,1,0,0.5006,0.5006,0.5006,0.0,0,0,0.2357,0.1657,0.2687,0.5136,0.4864,138.84,17.3,76.54,0.00804,0.0929,0.1622,0.0866,0.9134
China_Drone_000252,1,1,1,0,0,1.0,1.0,1.0,0,1,0,0.842,0.842,0.842,0.0,0,1,0.2428,0.1172,0.3885,0.4964,0.5036,143.86,12.91,33.5,0.00132,0.0196,0.1308,0.0154,0.9846
China_Drone_000263,1,1,1,0,0,1.0,1.0,1.0,0,1,0,0.8801,0.8801,0.8801,0.0,0,1,0.2287,0.0465,0.4216,0.5304,0.4696,107.92,34.59,790.85,0.21006,0.0142,0.1146,0.0055,0.9945
China_Drone_000264,2,1,1,0,1,1.0,0.5,0.6667,0,1,0,0.7332,0.7332,0.7332,0.0,0,1,0.193,0.1475,0.4115,0.6164,0.3836,138.47,38.23,293.69,0.05927,0.0361,0.0985,0.0253,0.9747
China_Drone_000265,2,3,2,1,0,0.6667,1.0,0.8,0,1,0,0.5769,0.5863,0.5601,0.0119,0,0,0.2339,0.1829,0.179,0.5179,0.4821,191.62,12.77,108.68,0.02472,0.0064,0.194,0.0136,0.9864
China_Drone_000267,2,2,2,0,0,1.0,1.0,1.0,0,1,0,0.7648,0.8337,0.6958,0.0689,0,2,0.2475,0.1267,0.4794,0.4852,0.5148,157.71,31.54,321.84,0.07687,0.0267,0.1077,0.0265,0.9735
China_Drone_000272,1,1,0,1,1,0.0,0.0,0.0,1,0,1,0.3049,0.3049,0.3049,0.0,1,0,0.2829,0.2422,0.2581,0.4,0.6,149.28,52.56,153.09,0.00678,0.3808,0.2022,0.5821,0.4179
China_Drone_000274,1,1,1,0,0,1.0,1.0,1.0,0,1,0,0.6157,0.6157,0.6157,0.0,0,1,0.2652,0.1528,0.3474,0.4426,0.5574,139.83,24.55,68.83,0.01931,0.0933,0.1553,0.0812,0.9188
China_Drone_000275,1,1,1,0,0,1.0,1.0,1.0,0,1,0,0.3125,0.3125,0.3125,0.0,1,0,0.2487,0.1131,0.3212,0.4823,0.5177,173.36,28.86,284.22,0.05068,0.3655,0.1552,0.4923,0.5077
China_Drone_000282,1,1,1,0,0,1.0,1.0,1.0,0,1,0,0.9853,0.9853,0.9853,0.0,0,1,0.1392,0.0945,0.2751,0.7459,0.2541,125.79,12.62,147.84,0.0098,0.0058,0.1104,0.0041,0.9959
China_Drone_000287,1,1,1,0,0,1.0,1.0,1.0,0,1,0,0.5399,0.5399,0.5399,0.0,0,0,0.3026,0.185,0.3163,0.3526,0.6474,197.2,14.06,91.71,0.01898,0.0685,0.223,0.0958,0.9042
China_Drone_000299,2,1,1,0,1,1.0,0.5,0.6667,0,1,0,0.8313,0.8313,0.8313,0.0,0,1,0.3314,0.1584,0.5101,0.2832,0.7168,173.63,25.29,101.16,0.01368,0.0113,0.1649,0.0129,0.9871
China_Drone_000303,1,1,1,0,0,1.0,1.0,1.0,0,1,0,0.7061,0.7061,0.7061,0.0,0,1,0.1207,0.0768,0.2679,0.7902,0.2098,166.94,20.53,242.98,0.08252,0.0606,0.1039,0.0568,0.9432
China_Drone_000306,1,1,1,0,0,1.0,1.0,1.0,0,1,0,0.6975,0.6975,0.6975,0.0,0,1,0.2896,0.0965,0.3563,0.3838,0.6162,174.41,9.2,42.28,0.00386,0.0482,0.1837,0.0576,0.9424
China_Drone_000307,2,3,2,1,0,0.6667,1.0,0.8,0,1,0,0.3855,0.5346,0.2523,0.1158,2,0,0.2153,0.1802,0.2397,0.5626,0.4374,147.42,13.35,1034.18,0.08588,0.0231,0.1673,0.0388,0.9612
China_Drone_000309,2,4,2,2,0,0.5,1.0,0.6667,0,1,0,0.4901,0.9345,0.3038,0.2577,3,1,0.5247,0.4487,0.5473,0.0,1.0,181.85,17.8,119.17,0.02761,0.0057,0.2484,0.0051,0.9949
China_Drone_000314,4,10,3,7,1,0.3,0.75,0.4286,0,1,1,0.3897,0.6762,0.2559,0.1317,7,1,0.0955,0.0081,0.3719,0.8509,0.1491,109.24,29.42,877.52,0.23545,0.0,0.0692,0.0,1.0
China_Drone_000318,2,4,2,2,0,0.5,1.0,0.6667,0,1,0,0.4365,0.5873,0.2857,0.1249,2,0,0.1567,0.1185,0.161,0.7037,0.2963,144.65,20.27,184.54,0.02197,0.0044,0.1529,0.0059,0.9941
China_Drone_000327,1,1,1,0,0,1.0,1.0,1.0,0,1,0,0.9687,0.9687,0.9687,0.0,0,1,0.2105,0.1766,0.2274,0.5742,0.4258,148.51,27.45,169.28,0.0294,0.0052,0.1673,0.0083,0.9917
China_Drone_000331,1,1,1,0,0,1.0,1.0,1.0,0,1,0,0.7386,0.7386,0.7386,0.0,0,1,0.1034,0.0263,0.1972,0.8319,0.1681,147.27,35.5,672.97,0.18858,0.0345,0.1073,0.0181,0.9819
China_Drone_000333,1,1,1,0,0,1.0,1.0,1.0,0,1,0,0.8113,0.8113,0.8113,0.0,0,1,0.2283,0.1992,0.2107,0.5312,0.4688,160.75,18.13,516.34,0.15829,0.0135,0.1785,0.0078,0.9922
China_Drone_000334,2,2,2,0,0,1.0,1.0,1.0,0,1,0,0.6899,0.7263,0.6534,0.0364,0,2,0.1473,0.0382,0.2667,0.7263,0.2737,142.27,18.27,232.59,0.07647,0.049,0.1114,0.0317,0.9683
China_Drone_000345,3,2,2,0,1,1.0,0.6667,0.8,0,1,0,0.8018,0.9161,0.6874,0.1144,0,2,0.2796,0.1623,0.4674,0.4078,0.5922,132.08,24.69,1163.42,0.08294,0.02,0.1274,0.0488,0.9512
China_Drone_000352,1,0,0,0,1,0.0,0.0,0.0,1,0,1,0.0,0.0,0.0,0.0,0,0,0.2042,0.1051,0.3264,0.5894,0.4106,143.23,13.97,69.58,0.00341,0.9538,0.1263,0.9502,0.0498
China_Drone_000354,2,1,1,0,1,1.0,0.5,0.6667,0,1,0,0.2635,0.2635,0.2635,0.0,1,0,0.1168,0.0657,0.299,0.7998,0.2002,85.92,27.18,1329.87,0.27171,0.402,0.0836,0.2488,0.7512
China_Drone_000363,1,1,1,0,0,1.0,1.0,1.0,0,1,0,0.3661,0.3661,0.3661,0.0,1,0,0.1474,0.0609,0.3374,0.726,0.274,136.05,13.66,562.83,0.04798,0.2663,0.099,0.282,0.718
China_Drone_000364,2,2,2,0,0,1.0,1.0,1.0,0,1,0,0.9286,0.9322,0.925,0.0036,0,2,0.1903,0.0788,0.2044,0.6228,0.3772,157.05,14.13,66.16,0.01242,0.0118,0.1589,0.014,0.986
China_Drone_000366,1,3,1,2,0,0.3333,1.0,0.5,0,1,0,0.4165,0.6995,0.2607,0.2004,2,1,0.1318,0.0702,0.1762,0.7636,0.2364,135.02,46.65,135.5,0.00481,0.0423,0.1273,0.0342,0.9658
China_Drone_000369,2,2,1,1,1,0.5,0.5,0.5,0,1,0,0.628,0.7166,0.5393,0.0886,0,1,0.0948,0.0264,0.2711,0.8525,0.1475,157.17,15.36,61.52,0.00805,0.0293,0.0858,0.033,0.967
China_Drone_000374,1,1,1,0,0,1.0,1.0,1.0,0,1,0,0.7597,0.7597,0.7597,0.0,0,1,0.1012,0.0231,0.298,0.8373,0.1627,143.63,20.06,191.28,0.06804,0.0285,0.0764,0.027,0.973
China_Drone_000375,2,2,0,2,2,0.0,0.0,0.0,1,0,1,0.502,0.7023,0.3016,0.2004,1,1,0.1372,0.0893,0.1845,0.7505,0.2495,173.65,12.34,169.44,0.01348,0.0613,0.1241,0.0791,0.9209
China_Drone_000387,3,7,3,4,0,0.4286,1.0,0.6,0,1,0,0.5546,0.7452,0.2988,0.137,1,3,0.1214,0.0684,0.298,0.7887,0.2113,135.28,27.87,309.24,0.08447,0.0047,0.0863,0.0042,0.9958
China_Drone_000399,3,2,1,1,2,0.5,0.3333,0.4,0,1,1,0.5344,0.5484,0.5205,0.0139,0,0,0.1493,0.0855,0.3943,0.7214,0.2786,88.16,25.56,912.67,0.17004,0.0358,0.0874,0.0156,0.9844
China_Drone_000400,2,2,2,0,0,1.0,1.0,1.0,0,1,0,0.6628,0.8218,0.5037,0.159,0,1,0.2676,0.1976,0.3169,0.4367,0.5633,155.68,27.55,323.04,0.05265,0.0265,0.1855,0.033,0.967
China_Drone_000402,2,2,2,0,0,1.0,1.0,1.0,0,1,0,0.6855,0.751,0.62,0.0655,0,2,0.1441,0.078,0.3062,0.7339,0.2661,161.12,22.12,280.07,0.09098,0.0533,0.1049,0.0466,0.9534
China_Drone_000412,1,2,1,1,0,0.5,1.0,0.6667,0,1,0,0.5579,0.8038,0.312,0.2459,1,1,0.1314,0.0746,0.1512,0.7646,0.2354,136.64,39.53,202.98,0.00935,0.0104,0.1412,0.0166,0.9834
China_Drone_000415,1,1,1,0,0,1.0,1.0,1.0,0,1,0,0.5915,0.5915,0.5915,0.0,0,0,0.1558,0.0907,0.4226,0.7057,0.2943,84.77,25.6,1166.23,0.20865,0.0553,0.0841,0.0232,0.9768
China_Drone_000417,2,2,2,0,0,1.0,1.0,1.0,0,1,0,0.3097,0.3496,0.2698,0.0399,2,0,0.1847,0.0396,0.3502,0.6364,0.3636,145.27,22.38,227.35,0.06525,0.1607,0.1132,0.1375,0.8625
China_Drone_000422,2,3,2,1,0,0.6667,1.0,0.8,0,1,0,0.3416,0.41,0.2883,0.0508,2,0,0.2162,0.1313,0.271,0.5605,0.4395,166.3,22.25,310.76,0.05846,0.0434,0.1523,0.0622,0.9378
China_Drone_000426,1,2,1,1,0,0.5,1.0,0.6667,0,1,0,0.5572,0.8106,0.3038,0.2534,1,1,0.0933,0.0449,0.3104,0.8562,0.1438,128.78,14.28,685.52,0.11726,0.0098,0.0838,0.0066,0.9934
China_Drone_000431,1,1,1,0,0,1.0,1.0,1.0,0,1,0,0.6837,0.6837,0.6837,0.0,0,1,0.1383,0.1144,0.2584,0.7479,0.2521,169.31,18.3,160.33,0.0562,0.0542,0.1091,0.0536,0.9464
China_Drone_000441,1,2,1,1,0,0.5,1.0,0.6667,0,1,0,0.6578,0.7763,0.5393,0.1185,0,1,0.2212,0.0782,0.2307,0.5485,0.4515,144.05,19.53,74.66,0.01218,0.028,0.1913,0.0411,0.9589
China_Drone_000445,2,3,1,2,1,0.3333,0.5,0.4,0,1,1,0.4251,0.6784,0.2866,0.1793,2,1,0.1459,0.0692,0.3306,0.7296,0.2704,156.94,9.28,40.19,0.00356,0.0401,0.0959,0.0402,0.9598
China_Drone_000457,1,2,0,2,1,0.0,0.0,0.0,1,0,1,0.6389,0.6724,0.6054,0.0335,0,2,0.1715,0.1133,0.2184,0.668,0.332,122.9,43.19,217.74,0.03756,0.074,0.1378,0.0487,0.9513
China_Drone_000467,2,3,2,1,0,0.6667,1.0,0.8,0,1,0,0.6741,0.7102,0.634,0.0312,0,3,0.1595,0.1348,0.3148,0.697,0.303,167.54,15.16,74.08,0.01082,0.0338,0.1075,0.041,0.959
China_Drone_000476,1,1,1,0,0,1.0,1.0,1.0,0,1,0,0.5903,0.5903,0.5903,0.0,0,0,0.1437,0.0211,0.3539,0.735,0.265,105.61,45.42,301.92,0.06501,0.0373,0.0791,0.0279,0.9721
China_Drone_000479,1,7,1,6,0,0.1429,1.0,0.25,0,1,1,0.3594,0.5071,0.2538,0.0763,5,0,0.1878,0.0991,0.3302,0.6289,0.3711,148.42,28.16,2639.59,0.22418,0.0006,0.1125,0.0015,0.9985
China_Drone_000482,2,2,2,0,0,1.0,1.0,1.0,0,1,0,0.6304,0.7807,0.4801,0.1503,0,1,0.136,0.025,0.4531,0.7535,0.2465,135.83,32.75,760.23,0.13108,0.0228,0.0576,0.012,0.988
China_Drone_000484,1,2,1,1,0,0.5,1.0,0.6667,0,1,0,0.6646,0.8939,0.4354,0.2292,0,1,0.1947,0.1528,0.229,0.6122,0.3878,142.21,26.65,92.08,0.00626,0.0054,0.1532,0.0066,0.9934
China_Drone_000486,1,1,1,0,0,1.0,1.0,1.0,0,1,0,0.5762,0.5762,0.5762,0.0,0,0,0.3961,0.1679,0.7968,0.1274,0.8726,141.76,47.16,1898.81,0.23857,0.0626,0.0974,0.0848,0.9152
China_Drone_000496,1,2,1,1,0,0.5,1.0,0.6667,0,1,0,0.5167,0.6572,0.3762,0.1405,1,1,0.2356,0.1065,0.2542,0.5137,0.4863,146.88,19.97,69.57,0.01043,0.0736,0.1915,0.1009,0.8991
China_Drone_000503,3,2,2,0,1,1.0,0.6667,0.8,0,1,0,0.7767,0.8872,0.6662,0.1105,0,2,0.2208,0.1075,0.2455,0.5494,0.4506,127.6,18.76,79.61,0.00523,0.0272,0.1821,0.0372,0.9628
China_Drone_000504,2,2,2,0,0,1.0,1.0,1.0,0,1,0,0.5339,0.5634,0.5044,0.0295,0,0,0.1491,0.1184,0.2589,0.7221,0.2779,160.02,26.39,743.01,0.10411,0.0312,0.1167,0.0313,0.9687
China_Drone_000507,1,0,0,0,1,0.0,0.0,0.0,1,0,1,0.0,0.0,0.0,0.0,0,0,0.1296,0.0625,0.2789,0.769,0.231,163.5,8.9,28.02,0.00169,0.9531,0.097,0.9561,0.0439
China_Drone_000518,1,2,1,1,0,0.5,1.0,0.6667,0,1,0,0.5544,0.7198,0.3891,0.1654,1,1,0.0594,0.0244,0.292,0.9377,0.0623,138.98,10.44,58.11,0.00211,0.0537,0.0707,0.0359,0.9641
China_Drone_000523,1,3,1,2,0,0.3333,1.0,0.5,0,1,0,0.5315,0.7918,0.3017,0.2012,1,1,0.2093,0.1451,0.2256,0.5771,0.4229,129.21,15.43,93.29,0.00302,0.0065,0.1635,0.0065,0.9935
China_Drone_000527,1,1,1,0,0,1.0,1.0,1.0,0,1,0,0.9952,0.9952,0.9952,0.0,0,1,0.131,0.0624,0.2989,0.7654,0.2346,124.29,13.27,131.9,0.00558,0.0037,0.0911,0.0037,0.9963
China_Drone_000531,1,1,1,0,0,1.0,1.0,1.0,0,1,0,0.5009,0.5009,0.5009,0.0,0,0,0.1491,0.0648,0.3412,0.722,0.278,165.23,7.74,29.64,0.00064,0.0784,0.0848,0.0617,0.9383
China_Drone_000537,1,1,1,0,0,1.0,1.0,1.0,0,1,0,0.3425,0.3425,0.3425,0.0,1,0,0.0983,0.0205,0.345,0.8442,0.1558,167.71,14.33,52.03,0.00562,0.2511,0.0632,0.2329,0.7671
China_Drone_000538,1,1,1,0,0,1.0,1.0,1.0,0,1,0,0.9446,0.9446,0.9446,0.0,0,1,0.2273,0.1424,0.4019,0.5339,0.4661,172.41,9.66,23.82,0.0006,0.0082,0.1191,0.0079,0.9921
China_Drone_000548,1,1,1,0,0,1.0,1.0,1.0,0,1,0,0.846,0.846,0.846,0.0,0,1,0.1568,0.1057,0.3262,0.7034,0.2966,123.08,13.31,243.28,0.02118,0.0189,0.1057,0.0133,0.9867
China_Drone_000555,2,2,2,0,0,1.0,1.0,1.0,0,1,0,0.6958,0.7729,0.6187,0.0771,0,2,0.1307,0.0978,0.2238,0.7663,0.2337,164.85,9.04,38.54,0.00569,0.0475,0.114,0.0554,0.9446
China_Drone_000560,3,2,2,0,1,1.0,0.6667,0.8,0,1,0,0.8118,0.9312,0.6924,0.1194,0,2,0.2537,0.1965,0.4467,0.4702,0.5298,176.78,27.86,98.3,0.02698,0.0117,0.12,0.0135,0.9865
China_Drone_000563,1,1,1,0,0,1.0,1.0,1.0,0,1,0,0.7454,0.7454,0.7454,0.0,0,1,0.1488,0.0489,0.3288,0.7226,0.2774,149.77,29.3,714.11,0.12145,0.0361,0.0874,0.0296,0.9704
China_Drone_000568,1,1,1,0,0,1.0,1.0,1.0,0,1,0,0.806,0.806,0.806,0.0,0,1,0.2282,0.0808,0.3601,0.5316,0.4684,147.59,15.39,40.24,0.00766,0.0141,0.1361,0.0128,0.9872
China_Drone_000573,3,4,2,2,1,0.5,0.6667,0.5714,0,1,0,0.4369,0.6604,0.2733,0.1644,2,1,0.0916,0.0583,0.1634,0.8604,0.1396,165.34,15.71,301.33,0.06829,0.0079,0.1169,0.0099,0.9901
China_Drone_000576,1,1,1,0,0,1.0,1.0,1.0,0,1,0,0.4016,0.4016,0.4016,0.0,0,0,0.2539,0.0417,0.5411,0.4697,0.5303,130.15,35.99,617.73,0.1091,0.2229,0.109,0.2062,0.7938
China_Drone_000580,1,2,1,1,0,0.5,1.0,0.6667,0,1,0,0.3238,0.3664,0.2812,0.0426,2,0,0.2798,0.0928,0.4856,0.4073,0.5927,108.54,29.47,916.59,0.23491,0.1127,0.1225,0.044,0.956
China_Drone_000583,1,3,1,2,0,0.3333,1.0,0.5,0,1,0,0.5181,0.8179,0.2736,0.2256,1,1,0.1598,0.0923,0.448,0.6962,0.3038,108.59,35.64,741.26,0.15061,0.0242,0.0628,0.0137,0.9863
China_Drone_000584,2,5,2,3,0,0.4,1.0,0.5714,0,1,0,0.457,0.713,0.2812,0.1512,2,1,0.2145,0.059,0.4389,0.5644,0.4356,148.23,30.48,287.22,0.08083,0.0062,0.1101,0.0053,0.9947
China_Drone_000592,1,1,1,0,0,1.0,1.0,1.0,0,1,0,0.6981,0.6981,0.6981,0.0,0,1,0.1819,0.0344,0.4147,0.643,0.357,111.54,33.31,267.08,0.08764,0.0482,0.093,0.0167,0.9833
China_Drone_000595,1,1,1,0,0,1.0,1.0,1.0,0,1,0,0.7892,0.7892,0.7892,0.0,0,1,0.1325,0.0362,0.2865,0.762,0.238,149.74,22.16,1922.77,0.17144,0.0221,0.096,0.0131,0.9869
China_Drone_000609,2,2,2,0,0,1.0,1.0,1.0,0,1,0,0.7487,0.7985,0.6989,0.0498,0,2,0.3496,0.2044,0.4857,0.2394,0.7606,135.97,23.55,259.51,0.09665,0.0353,0.1663,0.0291,0.9709
China_Drone_000630,1,2,1,1,0,0.5,1.0,0.6667,0,1,0,0.3806,0.412,0.3492,0.0314,1,0,0.1421,0.0701,0.1435,0.7388,0.2612,171.06,14.6,140.03,0.01664,0.0964,0.1499,0.1562,0.8438
China_Drone_000631,1,1,1,0,0,1.0,1.0,1.0,0,1,0,0.3938,0.3938,0.3938,0.0,1,0,0.1719,0.022,0.5759,0.6671,0.3329,87.58,26.87,990.19,0.18118,0.2223,0.0626,0.0856,0.9144
China_Drone_000640,1,2,1,1,0,0.5,1.0,0.6667,0,1,0,0.3887,0.525,0.2524,0.1363,1,0,0.524,0.3999,0.7426,0.0,1.0,69.53,62.33,302.73,0.03957,0.0587,0.2322,0.0833,0.9167
China_Drone_000645,2,2,2,0,0,1.0,1.0,1.0,0,1,0,0.6485,0.7328,0.5642,0.0843,0,1,0.103,0.0305,0.323,0.8329,0.1671,157.49,15.09,61.56,0.00765,0.0307,0.0705,0.03,0.97
China_Drone_000652,1,2,1,1,0,0.5,1.0,0.6667,0,1,0,0.4197,0.4523,0.3871,0.0326,1,0,0.1073,0.0667,0.2135,0.8226,0.1774,181.4,20.19,188.08,0.04174,0.0823,0.1019,0.1049,0.8951
China_Drone_000667,1,1,1,0,0,1.0,1.0,1.0,0,1,0,0.5503,0.5503,0.5503,0.0,0,0,0.218,0.1563,0.2714,0.5561,0.4439,161.28,45.27,255.04,0.0113,0.0704,0.1529,0.1213,0.8787
China_Drone_000685,1,2,1,1,0,0.5,1.0,0.6667,0,1,0,0.6391,0.9297,0.3485,0.2906,1,1,0.2276,0.1288,0.3127,0.533,0.467,136.19,16.29,695.56,0.05377,0.0249,0.1514,0.0233,0.9767
China_Drone_000689,2,3,2,1,0,0.6667,1.0,0.8,0,1,0,0.4901,0.6651,0.2909,0.1537,1,1,0.1078,0.0361,0.3877,0.8214,0.1786,181.01,6.22,18.0,6e-05,0.0166,0.0743,0.0163,0.9837
China_Drone_000692,1,1,1,0,0,1.0,1.0,1.0,0,1,0,0.5575,0.5575,0.5575,0.0,0,0,0.1518,0.0663,0.275,0.7155,0.2845,149.54,41.39,210.06,0.05627,0.0663,0.1119,0.0736,0.9264
China_Drone_000699,1,1,0,1,1,0.0,0.0,0.0,1,0,1,0.3884,0.3884,0.3884,0.0,1,0,0.1907,0.1651,0.2514,0.6217,0.3783,150.73,11.94,31.91,0.00108,0.2061,0.1402,0.2079,0.7921
China_Drone_000701,2,2,2,0,0,1.0,1.0,1.0,0,1,0,0.9553,0.9668,0.9439,0.0114,0,2,0.1194,0.0665,0.2868,0.7935,0.2065,186.76,17.69,125.24,0.03183,0.006,0.0888,0.0069,0.9931
China_Drone_000705,1,1,1,0,0,1.0,1.0,1.0,0,1,0,0.6829,0.6829,0.6829,0.0,0,1,0.1571,0.0552,0.2957,0.7027,0.2973,172.86,17.08,142.5,0.05093,0.0414,0.1103,0.0405,0.9595
China_Drone_000708,2,3,1,2,1,0.3333,0.5,0.4,0,1,1,0.3847,0.5244,0.3034,0.0992,2,0,0.1271,0.0815,0.3709,0.7749,0.2251,163.36,6.67,52.1,0.00359,0.0362,0.0825,0.0387,0.9613
China_Drone_000714,1,3,1,2,0,0.3333,1.0,0.5,0,1,0,0.5322,0.6837,0.4505,0.1072,0,1,0.0794,0.0571,0.2542,0.8896,0.1104,151.19,43.33,419.95,0.07833,0.0224,0.0846,0.0192,0.9808
China_Drone_000717,1,0,0,0,1,0.0,0.0,0.0,1,0,1,0.0,0.0,0.0,0.0,0,0,0.187,0.0709,0.3024,0.6308,0.3692,154.76,15.25,38.67,0.00533,0.9565,0.1253,0.9612,0.0388
China_Drone_000723,1,1,1,0,0,1.0,1.0,1.0,0,1,0,0.9237,0.9237,0.9237,0.0,0,1,0.1259,0.0733,0.2128,0.7777,0.2223,129.8,12.41,182.75,0.01246,0.0069,0.12,0.0083,0.9917
China_Drone_000732,3,4,3,1,0,0.75,1.0,0.8571,0,1,0,0.4983,0.744,0.3459,0.153,2,1,0.2022,0.1279,0.6913,0.5941,0.4059,134.44,37.46,586.4,0.14163,0.0094,0.0631,0.0066,0.9934
China_Drone_000737,1,1,1,0,0,1.0,1.0,1.0,0,1,0,0.7048,0.7048,0.7048,0.0,0,1,0.1389,0.081,0.291,0.7466,0.2534,160.36,23.32,417.79,0.07171,0.0343,0.1021,0.0387,0.9613
China_Drone_000743,1,1,1,0,0,1.0,1.0,1.0,0,1,0,0.4075,0.4075,0.4075,0.0,0,0,0.3058,0.2755,0.3827,0.3449,0.6551,119.44,35.26,308.35,0.07781,0.191,0.1839,0.1991,0.8009
China_Drone_000746,2,3,2,1,0,0.6667,1.0,0.8,0,1,0,0.4571,0.6343,0.3052,0.1355,1,1,0.1222,0.0778,0.4409,0.7867,0.2133,127.67,28.5,349.11,0.10297,0.0377,0.0666,0.0163,0.9837
China_Drone_000750,1,0,0,0,1,0.0,0.0,0.0,1,0,1,0.0,0.0,0.0,0.0,0,0,0.2864,0.0757,0.3908,0.3915,0.6085,137.87,24.08,82.93,0.01828,0.9563,0.1549,0.9577,0.0423
China_Drone_000753,1,1,1,0,0,1.0,1.0,1.0,0,1,0,0.6622,0.6622,0.6622,0.0,0,1,0.3205,0.2416,0.3953,0.3095,0.6905,77.01,24.1,189.2,0.01643,0.0721,0.217,0.0795,0.9205
China_Drone_000757,2,6,1,5,1,0.1667,0.5,0.25,0,1,1,0.3751,0.5594,0.2599,0.1084,3,0,0.225,0.1083,0.5396,0.5392,0.4608,181.26,21.93,68.38,0.00913,0.0031,0.0953,0.0041,0.9959
China_Drone_000769,1,1,1,0,0,1.0,1.0,1.0,0,1,0,0.5565,0.5565,0.5565,0.0,0,0,0.1704,0.0575,0.177,0.6707,0.3293,171.18,13.12,67.98,0.00927,0.0595,0.1499,0.0825,0.9175
China_Drone_000770,3,2,1,1,2,0.5,0.3333,0.4,0,1,1,0.4782,0.4998,0.4566,0.0216,0,0,0.3739,0.2831,0.4677,0.181,0.819,164.01,18.65,129.37,0.02033,0.0628,0.2132,0.0625,0.9375
China_Drone_000771,2,2,2,0,0,1.0,1.0,1.0,0,1,0,0.6868,0.6886,0.685,0.0018,0,2,0.0615,0.0253,0.2434,0.9327,0.0673,137.51,15.91,830.44,0.23444,0.0732,0.0608,0.0203,0.9797
China_Drone_000774,1,2,1,1,0,0.5,1.0,0.6667,0,1,0,0.6203,0.8401,0.4005,0.2198,0,1,0.1792,0.0194,0.5587,0.6495,0.3505,153.46,31.61,334.91,0.08335,0.0208,0.0583,0.0108,0.9892
China_Drone_000775,1,2,1,1,0,0.5,1.0,0.6667,0,1,0,0.3461,0.4025,0.2896,0.0564,1,0,0.1483,0.1022,0.4263,0.724,0.276,114.26,38.36,432.94,0.0985,0.1442,0.082,0.1167,0.8833
China_Drone_000789,3,2,2,0,1,1.0,0.6667,0.8,0,1,0,0.9557,0.9727,0.9388,0.017,0,2,0.153,0.1205,0.2813,0.7125,0.2875,180.35,16.21,107.19,0.0202,0.0071,0.1017,0.0083,0.9917
China_Drone_000791,1,0,0,0,1,0.0,0.0,0.0,1,0,1,0.0,0.0,0.0,0.0,0,0,0.2895,0.2652,0.276,0.384,0.616,140.8,51.16,295.44,0.08739,0.9568,0.199,0.9566,0.0434
China_Drone_000793,1,0,0,0,1,0.0,0.0,0.0,1,0,1,0.0,0.0,0.0,0.0,0,0,0.079,0.056,0.248,0.8906,0.1094,137.24,19.17,1456.39,0.31311,0.9538,0.0677,0.8362,0.1638
China_Drone_000800,2,1,1,0,1,1.0,0.5,0.6667,0,1,0,0.6049,0.6049,0.6049,0.0,0,1,0.1778,0.1125,0.4154,0.6529,0.3471,133.33,28.67,539.18,0.1009,0.1337,0.0939,0.1029,0.8971
China_Drone_000804,1,2,1,1,0,0.5,1.0,0.6667,0,1,0,0.5762,0.8961,0.2563,0.3199,1,1,0.1998,0.1204,0.3725,0.5999,0.4001,132.01,13.41,44.72,0.00096,0.0272,0.1092,0.0224,0.9776
China_Drone_000805,1,1,1,0,0,1.0,1.0,1.0,0,1,0,0.8993,0.8993,0.8993,0.0,0,1,0.1807,0.1443,0.2889,0.6458,0.3542,176.72,25.09,492.49,0.06319,0.0062,0.1248,0.0088,0.9912
China_Drone_000817,1,1,1,0,0,1.0,1.0,1.0,0,1,0,0.7395,0.7395,0.7395,0.0,0,1,0.0746,0.0329,0.3001,0.9013,0.0987,70.4,19.65,424.57,0.08381,0.0461,0.0793,0.0155,0.9845
China_Drone_000821,1,4,1,3,0,0.25,1.0,0.4,0,1,1,0.6221,0.9228,0.4117,0.1922,0,2,0.15,0.0483,0.4396,0.7199,0.2801,151.57,28.24,344.71,0.08033,0.0066,0.0657,0.004,0.996
China_Drone_000822,1,1,1,0,0,1.0,1.0,1.0,0,1,0,0.9653,0.9653,0.9653,0.0,0,1,0.1602,0.1243,0.3443,0.6953,0.3047,165.32,15.1,35.84,0.00117,0.0034,0.1019,0.0038,0.9962
China_Drone_000830,2,2,2,0,0,1.0,1.0,1.0,0,1,0,0.5546,0.7,0.4093,0.1453,0,1,0.0418,0.0252,0.2087,0.9802,0.0198,139.31,17.82,1166.94,0.27827,0.0439,0.0583,0.0113,0.9887
China_Drone_000844,1,2,1,1,0,0.5,1.0,0.6667,0,1,0,0.4336,0.5837,0.2835,0.1501,1,0,0.09,0.0142,0.3332,0.8642,0.1358,162.76,15.35,52.55,0.00664,0.0389,0.058,0.0268,0.9732
China_Drone_000856,1,0,0,0,1,0.0,0.0,0.0,1,0,1,0.0,0.0,0.0,0.0,0,0,0.1224,0.0626,0.2297,0.7863,0.2137,159.85,8.83,30.45,0.00208,0.9563,0.1142,0.9651,0.0349
China_Drone_000859,2,1,1,0,1,1.0,0.5,0.6667,0,1,0,0.9104,0.9104,0.9104,0.0,0,1,0.1691,0.1203,0.2011,0.6739,0.3261,159.8,9.33,29.26,0.00183,0.0087,0.138,0.0108,0.9892
China_Drone_000866,1,1,1,0,0,1.0,1.0,1.0,0,1,0,0.6096,0.6096,0.6096,0.0,0,1,0.1464,0.0319,0.6062,0.7285,0.2715,138.92,38.36,347.39,0.1117,0.0978,0.0504,0.0461,0.9539
China_Drone_000869,1,0,0,0,1,0.0,0.0,0.0,1,0,1,0.0,0.0,0.0,0.0,0,0,0.1408,0.0753,0.3695,0.7419,0.2581,164.89,13.06,39.52,0.00249,0.9531,0.0747,0.9478,0.0522
China_Drone_000872,1,2,1,1,0,0.5,1.0,0.6667,0,1,0,0.6,0.8403,0.3597,0.2403,1,1,0.3294,0.2926,0.2957,0.2879,0.7121,151.37,25.21,194.62,0.02277,0.0381,0.2238,0.0533,0.9467
China_Drone_000874,1,1,1,0,0,1.0,1.0,1.0,0,1,0,0.7433,0.7433,0.7433,0.0,0,1,0.1195,0.07,0.2312,0.7933,0.2067,147.87,7.73,66.83,0.00365,0.0327,0.1083,0.0385,0.9615
China_Drone_000879,1,1,1,0,0,1.0,1.0,1.0,0,1,0,0.9975,0.9975,0.9975,0.0,0,1,0.1264,0.0334,0.338,0.7767,0.2233,125.17,12.42,150.63,0.00729,0.0036,0.0769,0.0032,0.9968
China_Drone_000890,1,2,1,1,0,0.5,1.0,0.6667,0,1,0,0.4645,0.601,0.328,0.1365,1,1,0.0506,0.0326,0.2253,0.9589,0.0411,135.39,14.88,572.17,0.17513,0.1084,0.0793,0.0458,0.9542
China_Drone_000912,2,1,1,0,1,1.0,0.5,0.6667,0,1,0,0.9402,0.9402,0.9402,0.0,0,1,0.1797,0.1217,0.3954,0.6484,0.3516,165.04,23.13,424.78,0.09233,0.0059,0.0859,0.005,0.995
China_Drone_000915,1,2,1,1,0,0.5,1.0,0.6667,0,1,0,0.4058,0.5179,0.2938,0.112,1,0,0.2189,0.1562,0.3481,0.5539,0.4461,129.08,30.63,139.05,0.03999,0.0407,0.1299,0.0332,0.9668
China_Drone_000918,1,1,1,0,0,1.0,1.0,1.0,0,1,0,0.4026,0.4026,0.4026,0.0,0,0,0.2169,0.1426,0.3949,0.5589,0.4411,108.36,33.71,295.95,0.04332,0.2214,0.1209,0.2019,0.7981
China_Drone_000925,1,2,1,1,0,0.5,1.0,0.6667,0,1,0,0.5039,0.6162,0.3917,0.1122,1,1,0.2542,0.1724,0.3874,0.4691,0.5309,185.99,21.24,51.04,0.00866,0.0789,0.136,0.1435,0.8565
China_Drone_000926,1,2,1,1,0,0.5,1.0,0.6667,0,1,0,0.8963,0.953,0.8395,0.0567,0,2,0.2345,0.1573,0.2286,0.5165,0.4835,164.87,10.75,44.94,0.00714,0.0107,0.1926,0.017,0.983
China_Drone_000928,2,3,2,1,0,0.6667,1.0,0.8,0,1,0,0.4554,0.5667,0.2896,0.1195,1,0,0.1424,0.0825,0.4183,0.7381,0.2619,184.64,6.27,26.2,8e-05,0.0124,0.0661,0.0087,0.9913
China_Drone_000936,1,1,1,0,0,1.0,1.0,1.0,0,1,0,0.6307,0.6307,0.6307,0.0,0,1,0.1923,0.0791,0.3707,0.618,0.382,177.87,13.75,112.0,0.00581,0.0829,0.1077,0.1324,0.8676
China_Drone_000939,1,1,1,0,0,1.0,1.0,1.0,0,1,0,0.9823,0.9823,0.9823,0.0,0,1,0.1314,0.0734,0.2705,0.7645,0.2355,130.34,11.91,131.92,0.00548,0.0059,0.108,0.0044,0.9956
China_Drone_000947,2,1,1,0,1,1.0,0.5,0.6667,0,1,0,0.9089,0.9089,0.9089,0.0,0,1,0.1505,0.0639,0.2469,0.7186,0.2814,173.73,14.18,435.83,0.07734,0.0057,0.1173,0.0061,0.9939
China_Drone_000956,2,3,2,1,0,0.6667,1.0,0.8,0,1,0,0.485,0.6868,0.2814,0.1655,1,1,0.2691,0.1704,0.3869,0.4331,0.5669,52.72,27.67,50.46,0.00461,0.0308,0.1451,0.0066,0.9934
China_Drone_000958,5,4,2,2,3,0.5,0.4,0.4444,0,1,1,0.4399,0.54,0.3302,0.0791,1,0,0.086,0.0087,0.3444,0.8739,0.1261,110.79,19.6,395.88,0.10794,0.0048,0.0547,0.0016,0.9984
China_Drone_000960,1,1,1,0,0,1.0,1.0,1.0,0,1,0,0.3715,0.3715,0.3715,0.0,1,0,0.1478,0.12,0.2801,0.7251,0.2749,172.39,10.45,53.31,0.00242,0.2573,0.1131,0.3079,0.6921
China_Drone_000970,2,2,2,0,0,1.0,1.0,1.0,0,1,0,0.4046,0.4178,0.3914,0.0132,1,0,0.179,0.042,0.3327,0.65,0.35,145.99,22.64,211.44,0.05949,0.075,0.1071,0.0727,0.9273
China_Drone_000981,4,7,4,3,0,0.5714,1.0,0.7273,0,1,0,0.5337,0.737,0.2831,0.1345,1,2,0.1652,0.0968,0.2737,0.6831,0.3169,161.85,13.8,79.46,0.01604,0.0007,0.1187,0.0008,0.9992
China_Drone_000983,2,1,0,1,2,0.0,0.0,0.0,1,0,1,0.5994,0.5994,0.5994,0.0,0,0,0.1413,0.1129,0.323,0.7407,0.2593,135.77,25.24,155.33,0.01699,0.0418,0.0888,0.0432,0.9568
China_Drone_000993,1,1,1,0,0,1.0,1.0,1.0,0,1,0,0.7904,0.7904,0.7904,0.0,0,1,0.1974,0.1435,0.2505,0.6057,0.3943,118.32,10.12,195.55,0.00704,0.0162,0.1447,0.0139,0.9861
China_Drone_000996,1,3,0,3,1,0.0,0.0,0.0,1,0,1,0.4897,0.8487,0.2993,0.254,2,1,0.2015,0.1287,0.2459,0.5957,0.4043,157.54,20.85,60.03,0.00525,0.0043,0.1518,0.0056,0.9944
China_Drone_001006,1,3,1,2,0,0.3333,1.0,0.5,0,1,0,0.3937,0.4668,0.3418,0.0532,2,0,0.2084,0.1716,0.2575,0.5793,0.4207,168.25,7.05,76.06,0.00362,0.0379,0.1501,0.0421,0.9579
China_Drone_001021,2,1,1,0,1,1.0,0.5,0.6667,0,1,0,0.6986,0.6986,0.6986,0.0,0,1,0.088,0.0503,0.2704,0.869,0.131,68.56,8.18,117.41,0.00098,0.0644,0.09,0.0243,0.9757
China_Drone_001025,1,1,1,0,0,1.0,1.0,1.0,0,1,0,0.4964,0.4964,0.4964,0.0,0,0,0.0909,0.0662,0.2835,0.8622,0.1378,118.1,22.7,1361.23,0.27627,0.0813,0.0667,0.0247,0.9753
China_Drone_001026,1,1,1,0,0,1.0,1.0,1.0,0,1,0,0.8071,0.8071,0.8071,0.0,0,1,0.3131,0.125,0.4654,0.3272,0.6728,183.65,9.89,41.11,0.00379,0.014,0.1647,0.015,0.985
China_Drone_001030,1,1,1,0,0,1.0,1.0,1.0,0,1,0,0.645,0.645,0.645,0.0,0,1,0.2041,0.0489,0.2809,0.5897,0.4103,164.16,15.48,100.72,0.0232,0.0984,0.142,0.1144,0.8856
China_Drone_001032,3,5,2,3,1,0.4,0.6667,0.5,0,1,0,0.379,0.468,0.2664,0.0741,3,0,0.0645,0.015,0.2389,0.9255,0.0745,145.05,15.07,1865.9,0.17234,0.0045,0.076,0.0023,0.9977
China_Drone_001034,1,0,0,0,1,0.0,0.0,0.0,1,0,1,0.0,0.0,0.0,0.0,0,0,0.2099,0.151,0.2299,0.5757,0.4243,158.72,15.92,252.99,0.0426,0.9563,0.1623,0.9712,0.0288
China_Drone_001045,2,2,2,0,0,1.0,1.0,1.0,0,1,0,0.734,0.7872,0.6808,0.0532,0,2,0.1185,0.1017,0.2253,0.7956,0.2044,120.7,9.6,95.06,0.0024,0.0343,0.1077,0.0206,0.9794
China_Drone_001050,2,1,0,1,2,0.0,0.0,0.0,1,0,1,0.6749,0.6749,0.6749,0.0,0,1,0.2789,0.1658,0.3577,0.4096,0.5904,131.33,16.46,68.51,0.01168,0.0443,0.1716,0.0358,0.9642
China_Drone_001056,2,2,1,1,1,0.5,0.5,0.5,0,1,0,0.4061,0.491,0.3213,0.0848,1,0,0.1703,0.0643,0.3628,0.6709,0.3291,172.8,48.67,228.02,0.00893,0.0868,0.1032,0.1662,0.8338
China_Drone_001063,1,1,1,0,0,1.0,1.0,1.0,0,1,0,0.8441,0.8441,0.8441,0.0,0,1,0.275,0.2008,0.264,0.4188,0.5812,132.2,45.46,145.92,0.00463,0.0137,0.2277,0.0243,0.9757
China_Drone_001065,2,1,1,0,1,1.0,0.5,0.6667,0,1,0,0.452,0.452,0.452,0.0,0,0,0.5131,0.4475,0.5641,0.0,1.0,130.41,42.4,246.05,0.01545,0.1156,0.3306,0.2522,0.7478
China_Drone_001066,5,3,2,1,3,0.6667,0.4,0.5,0,1,0,0.395,0.578,0.3024,0.1294,2,0,0.1572,0.036,0.2514,0.7024,0.2976,167.84,7.59,43.48,0.00502,0.0192,0.1128,0.0198,0.9802
China_Drone_001075,3,5,3,2,0,0.6,1.0,0.75,0,1,0,0.6309,0.7997,0.5687,0.0852,0,2,0.1821,0.061,0.2625,0.6424,0.3576,167.95,9.57,31.5,0.00279,0.0056,0.1392,0.007,0.993
China_Drone_001094,4,4,4,0,0,1.0,1.0,1.0,0,1,0,0.6061,0.9231,0.2844,0.2614,1,2,0.0713,0.018,0.3226,0.9092,0.0908,117.73,33.94,485.67,0.10712,0.0137,0.0582,0.0104,0.9896
China_Drone_001099,1,1,1,0,0,1.0,1.0,1.0,0,1,0,0.4722,0.4722,0.4722,0.0,0,0,0.4416,0.3837,0.555,0.018,0.982,142.59,32.94,254.21,0.04955,0.1323,0.2435,0.1156,0.8844
China_Drone_001101,1,1,1,0,0,1.0,1.0,1.0,0,1,0,0.9536,0.9536,0.9536,0.0,0,1,0.2029,0.1112,0.4021,0.5925,0.4075,155.2,11.73,30.69,0.00019,0.006,0.1033,0.0055,0.9945
China_Drone_001110,1,2,1,1,0,0.5,1.0,0.6667,0,1,0,0.584,0.8647,0.3032,0.2808,1,1,0.1818,0.0182,0.5731,0.6433,0.3567,153.82,31.15,327.21,0.08187,0.0276,0.0723,0.0243,0.9757
China_Drone_001114,2,2,0,2,2,0.0,0.0,0.0,1,0,1,0.6836,0.7775,0.5897,0.0939,0,1,0.0626,0.025,0.3581,0.9301,0.0699,116.2,14.45,110.38,0.02939,0.0166,0.0449,0.0066,0.9934
China_Drone_001121,2,3,2,1,0,0.6667,1.0,0.8,0,1,0,0.7993,0.9216,0.5723,0.1607,0,2,0.1968,0.0883,0.3812,0.6072,0.3928,175.11,11.38,27.04,0.00275,0.0074,0.1048,0.0075,0.9925
China_Drone_001151,1,2,1,1,0,0.5,1.0,0.6667,0,1,0,0.5221,0.6489,0.3954,0.1267,1,1,0.4852,0.078,0.5784,0.0,1.0,190.16,13.05,47.01,0.00991,0.0563,0.2365,0.0545,0.9455
China_Drone_001153,1,1,1,0,0,1.0,1.0,1.0,0,1,0,0.278,0.278,0.278,0.0,1,0,0.329,0.2801,0.3457,0.2889,0.7111,138.5,52.38,286.4,0.02711,0.4368,0.2007,0.5914,0.4086
China_Drone_001156,1,1,1,0,0,1.0,1.0,1.0,0,1,0,0.2796,0.2796,0.2796,0.0,1,0,0.2972,0.2612,0.4289,0.3655,0.6345,115.44,32.14,147.84,0.04163,0.4076,0.1639,0.3396,0.6604
China_Drone_001160,1,0,0,0,1,0.0,0.0,0.0,1,0,1,0.0,0.0,0.0,0.0,0,0,0.4432,0.2332,0.4903,0.0142,0.9858,139.97,45.97,427.82,0.09359,0.9568,0.237,0.9691,0.0309
China_Drone_001161,1,2,1,1,0,0.5,1.0,0.6667,0,1,0,0.5248,0.6789,0.3708,0.1541,1,1,0.0733,0.0571,0.2566,0.9044,0.0956,144.52,12.34,342.2,0.08603,0.0303,0.0873,0.0216,0.9784
China_Drone_001163,1,1,1,0,0,1.0,1.0,1.0,0,1,0,0.8453,0.8453,0.8453,0.0,0,1,0.2909,0.1039,0.4339,0.3807,0.6193,174.58,10.69,43.75,0.00546,0.0153,0.1666,0.0196,0.9804
China_Drone_001166,1,2,1,1,0,0.5,1.0,0.6667,0,1,0,0.4716,0.6833,0.2598,0.2118,1,1,0.248,0.1947,0.2951,0.4839,0.5161,132.26,14.02,66.3,0.01095,0.078,0.1675,0.0639,0.9361
China_Drone_001172,2,2,0,2,2,0.0,0.0,0.0,1,0,1,0.3147,0.3301,0.2993,0.0154,2,0,0.1831,0.1268,0.3595,0.6401,0.3599,178.99,9.19,79.05,0.00388,0.1252,0.0997,0.12,0.88
China_Drone_001173,1,2,1,1,0,0.5,1.0,0.6667,0,1,0,0.5121,0.6935,0.3308,0.1813,1,1,0.3017,0.1807,0.5281,0.3546,0.6454,156.79,28.66,196.0,0.05283,0.0575,0.1396,0.0519,0.9481
China_Drone_001192,1,2,1,1,0,0.5,1.0,0.6667,0,1,0,0.5224,0.692,0.3528,0.1696,1,1,0.2321,0.0791,0.4434,0.5221,0.4779,134.62,32.1,641.65,0.12528,0.0535,0.1185,0.0438,0.9562
China_Drone_001197,1,1,1,0,0,1.0,1.0,1.0,0,1,0,0.6414,0.6414,0.6414,0.0,0,1,0.1745,0.0483,0.1846,0.6607,0.3393,174.94,4.86,27.33,0.00126,0.0762,0.1501,0.1131,0.8869
China_Drone_001199,2,3,1,2,1,0.3333,0.5,0.4,0,1,1,0.4731,0.7289,0.2876,0.1869,1,1,0.1963,0.1429,0.5076,0.6084,0.3916,130.33,36.7,356.79,0.07109,0.0311,0.0802,0.0197,0.9803
China_Drone_001203,2,2,2,0,0,1.0,1.0,1.0,0,1,0,0.8618,0.9285,0.7951,0.0667,0,2,0.2097,0.1379,0.2913,0.5761,0.4239,166.49,9.6,27.44,0.002,0.0071,0.142,0.0074,0.9926
China_Drone_001204,2,2,2,0,0,1.0,1.0,1.0,0,1,0,0.5776,0.6273,0.5279,0.0497,0,1,0.2404,0.1932,0.2965,0.5022,0.4978,144.43,10.78,634.39,0.03182,0.048,0.156,0.0967,0.9033
China_Drone_001209,1,1,1,0,0,1.0,1.0,1.0,0,1,0,0.5711,0.5711,0.5711,0.0,0,0,0.187,0.1132,0.3526,0.6309,0.3691,150.22,19.07,183.78,0.07584,0.0653,0.1128,0.0464,0.9536
China_Drone_001210,1,1,1,0,0,1.0,1.0,1.0,0,1,0,0.2739,0.2739,0.2739,0.0,1,0,0.1092,0.0684,0.3118,0.8181,0.1819,164.22,8.41,25.6,0.00235,0.4455,0.0894,0.4483,0.5517
China_Drone_001214,1,3,1,2,0,0.3333,1.0,0.5,0,1,0,0.5435,0.9081,0.3005,0.2625,1,1,0.1991,0.1301,0.2432,0.6016,0.3984,118.78,26.86,318.12,0.0675,0.0029,0.1512,0.0023,0.9977
China_Drone_001225,1,1,1,0,0,1.0,1.0,1.0,0,1,0,0.6497,0.6497,0.6497,0.0,0,1,0.1077,0.0452,0.2731,0.8216,0.1784,157.94,10.04,31.39,0.0027,0.0549,0.091,0.0587,0.9413
China_Drone_001232,2,1,1,0,1,1.0,0.5,0.6667,0,1,0,0.4644,0.4644,0.4644,0.0,0,0,0.3836,0.3115,0.4936,0.1576,0.8424,165.48,19.43,154.97,0.05415,0.1405,0.2125,0.1149,0.8851
China_Drone_001244,4,5,4,1,0,0.8,1.0,0.8889,0,1,0,0.5201,0.893,0.2537,0.2755,3,2,0.0726,0.0163,0.3133,0.9062,0.0938,118.47,33.71,481.3,0.10614,0.0071,0.0543,0.0039,0.9961
China_Drone_001250,2,2,2,0,0,1.0,1.0,1.0,0,1,0,0.5618,0.6828,0.4409,0.1209,0,1,0.1874,0.0275,0.6264,0.6297,0.3703,158.27,24.12,142.46,0.03189,0.0439,0.0514,0.0231,0.9769
China_Drone_001253,3,1,1,0,2,1.0,0.3333,0.5,0,1,0,0.6732,0.6732,0.6732,0.0,0,1,0.1458,0.0454,0.2486,0.7298,0.2702,135.26,8.98,48.42,0.00066,0.0659,0.1055,0.0574,0.9426
China_Drone_001255,2,1,1,0,1,1.0,0.5,0.6667,0,1,0,0.9245,0.9245,0.9245,0.0,0,1,0.1664,0.1257,0.2083,0.6804,0.3196,137.89,48.0,210.46,0.01477,0.0097,0.1433,0.0149,0.9851
China_Drone_001256,1,1,1,0,0,1.0,1.0,1.0,0,1,0,0.956,0.956,0.956,0.0,0,1,0.3678,0.3087,0.4539,0.1956,0.8044,129.47,26.74,94.41,0.00708,0.0052,0.2031,0.0057,0.9943
China_Drone_001264,2,2,2,0,0,1.0,1.0,1.0,0,1,0,0.6799,0.7525,0.6073,0.0726,0,2,0.1064,0.0376,0.2546,0.8248,0.1752,184.78,20.31,249.57,0.05125,0.0624,0.0923,0.0717,0.9283
China_Drone_001265,1,0,0,0,1,0.0,0.0,0.0,1,0,1,0.0,0.0,0.0,0.0,0,0,0.1256,0.0468,0.2667,0.7786,0.2214,156.4,35.71,601.03,0.08606,0.9568,0.1012,0.9723,0.0277
China_Drone_001267,2,2,2,0,0,1.0,1.0,1.0,0,1,0,0.6461,0.671,0.6211,0.0249,0,2,0.2396,0.2089,0.3155,0.5041,0.4959,97.86,27.24,356.26,0.10101,0.0961,0.1618,0.0729,0.9271
China_Drone_001270,1,2,1,1,0,0.5,1.0,0.6667,0,1,0,0.5971,0.7043,0.49,0.1071,0,1,0.1042,0.0251,0.305,0.8299,0.1701,142.0,19.27,252.06,0.08296,0.0338,0.069,0.0172,0.9828
China_Drone_001279,1,1,1,0,0,1.0,1.0,1.0,0,1,0,0.5315,0.5315,0.5315,0.0,0,0,0.1491,0.0929,0.2394,0.7219,0.2781,133.26,12.02,392.72,0.02062,0.0728,0.1194,0.078,0.922
China_Drone_001282,3,2,2,0,1,1.0,0.6667,0.8,0,1,0,0.5848,0.6992,0.4704,0.1144,0,1,0.2532,0.1066,0.2875,0.4714,0.5286,59.22,43.28,213.52,0.05639,0.0368,0.1877,0.0362,0.9638
China_Drone_001293,1,2,1,1,0,0.5,1.0,0.6667,0,1,0,0.6162,0.8653,0.3672,0.2491,1,1,0.2487,0.2064,0.2774,0.4821,0.5179,121.97,43.27,422.84,0.07226,0.0216,0.1734,0.0205,0.9795
China_Drone_001294,1,2,1,1,0,0.5,1.0,0.6667,0,1,0,0.5912,0.609,0.5733,0.0179,0,1,0.1385,0.1159,0.1371,0.7474,0.2526,128.61,37.3,189.4,0.00629,0.0437,0.1364,0.0594,0.9406
China_Drone_001298,2,2,2,0,0,1.0,1.0,1.0,0,1,0,0.4016,0.4867,0.3166,0.0851,1,0,0.1326,0.0596,0.4058,0.7618,0.2382,158.37,9.62,67.08,0.00615,0.0702,0.0758,0.0702,0.9298
China_Drone_001307,2,2,2,0,0,1.0,1.0,1.0,0,1,0,0.5703,0.6933,0.4472,0.1231,0,1,0.24,0.0698,0.3387,0.5031,0.4969,171.41,15.64,57.15,0.0085,0.0462,0.1494,0.0518,0.9482
China_Drone_001309,2,3,2,1,0,0.6667,1.0,0.8,0,1,0,0.5626,0.7635,0.2617,0.2167,1,2,0.1633,0.0412,0.2974,0.6877,0.3123,141.87,18.6,236.93,0.08122,0.0592,0.1107,0.0571,0.9429
China_Drone_001312,1,1,1,0,0,1.0,1.0,1.0,0,1,0,0.7305,0.7305,0.7305,0.0,0,1,0.1676,0.1298,0.4085,0.6775,0.3225,138.35,31.24,257.22,0.0746,0.0409,0.0804,0.0274,0.9726
China_Drone_001319,1,1,1,0,0,1.0,1.0,1.0,0,1,0,0.9313,0.9313,0.9313,0.0,0,1,0.5106,0.2438,0.7288,0.0,1.0,134.87,35.08,195.2,0.05415,0.0072,0.2347,0.0091,0.9909
China_Drone_001321,1,1,1,0,0,1.0,1.0,1.0,0,1,0,0.4448,0.4448,0.4448,0.0,0,0,0.2103,0.0982,0.4004,0.5746,0.4254,100.23,29.87,1527.02,0.27428,0.1453,0.1012,0.0715,0.9285
China_Drone_001324,1,0,0,0,1,0.0,0.0,0.0,1,0,1,0.0,0.0,0.0,0.0,0,0,0.3072,0.0765,0.3886,0.3414,0.6586,172.6,19.6,81.75,0.0209,0.9531,0.1818,0.9588,0.0412
China_Drone_001325,2,3,2,1,0,0.6667,1.0,0.8,0,1,0,0.3823,0.5438,0.2552,0.1203,2,0,0.4101,0.3525,0.4121,0.0938,0.9062,159.02,28.35,165.81,0.02227,0.027,0.2839,0.0341,0.9659
China_Drone_001330,2,2,2,0,0,1.0,1.0,1.0,0,1,0,0.5052,0.5146,0.4958,0.0094,0,0,0.0882,0.0379,0.259,0.8685,0.1315,81.32,16.9,290.61,0.05787,0.0401,0.0815,0.0338,0.9662
China_Drone_001339,3,4,3,1,0,0.75,1.0,0.8571,0,1,0,0.4645,0.7532,0.2886,0.1759,2,1,0.1118,0.0326,0.2988,0.8118,0.1882,124.46,30.48,1037.89,0.24427,0.009,0.0884,0.0037,0.9963
China_Drone_001342,1,1,1,0,0,1.0,1.0,1.0,0,1,0,0.5693,0.5693,0.5693,0.0,0,0,0.3046,0.1787,0.4135,0.3478,0.6522,180.47,26.92,95.51,0.02019,0.0445,0.1898,0.0728,0.9272
China_Drone_001344,1,1,1,0,0,1.0,1.0,1.0,0,1,0,0.5072,0.5072,0.5072,0.0,0,0,0.0916,0.0358,0.1288,0.8604,0.1396,164.84,12.01,210.0,0.01571,0.0882,0.1186,0.1169,0.8831
China_Drone_001347,1,1,1,0,0,1.0,1.0,1.0,0,1,0,0.7287,0.7287,0.7287,0.0,0,1,0.2741,0.2126,0.2854,0.4211,0.5789,125.59,43.28,148.78,0.00537,0.0374,0.1835,0.0313,0.9687
China_Drone_001350,2,2,1,1,1,0.5,0.5,0.5,0,1,0,0.6729,0.8277,0.518,0.1549,0,1,0.2191,0.1046,0.277,0.5535,0.4465,188.78,20.38,148.59,0.02746,0.0243,0.1627,0.0341,0.9659
China_Drone_001355,2,3,2,1,0,0.6667,1.0,0.8,0,1,0,0.5474,0.7301,0.2665,0.2016,1,2,0.1466,0.0408,0.4783,0.7281,0.2719,135.04,33.98,346.0,0.08242,0.0573,0.0683,0.0344,0.9656
China_Drone_001356,2,2,2,0,0,1.0,1.0,1.0,0,1,0,0.6878,0.8407,0.535,0.1528,0,1,0.1322,0.1068,0.2123,0.7627,0.2373,111.03,20.06,1381.9,0.14204,0.016,0.115,0.0218,0.9782
China_Drone_001363,1,0,0,0,1,0.0,0.0,0.0,1,0,1,0.0,0.0,0.0,0.0,0,0,0.1315,0.0963,0.1805,0.7643,0.2357,154.56,10.4,45.77,0.00163,0.9565,0.1217,0.9626,0.0374
China_Drone_001364,1,2,1,1,0,0.5,1.0,0.6667,0,1,0,0.6192,0.6293,0.6091,0.0101,0,2,0.1649,0.1155,0.2623,0.6839,0.3161,123.74,15.6,586.84,0.06151,0.1392,0.1263,0.1466,0.8534
China_Drone_001380,1,2,0,2,1,0.0,0.0,0.0,1,0,1,0.4928,0.5473,0.4383,0.0545,0,0,0.2119,0.1175,0.4305,0.5708,0.4292,132.18,26.07,737.11,0.07455,0.0259,0.1019,0.0246,0.9754
China_Drone_001392,1,1,1,0,0,1.0,1.0,1.0,0,1,0,0.5789,0.5789,0.5789,0.0,0,0,0.1255,0.0373,0.2312,0.7788,0.2212,138.05,16.84,1483.55,0.13336,0.0613,0.1153,0.1295,0.8705
China_Drone_001397,3,3,2,1,1,0.6667,0.6667,0.6667,0,1,0,0.5446,0.7269,0.3263,0.1655,1,1,0.1512,0.0289,0.2954,0.7169,0.2831,141.72,18.67,237.07,0.08134,0.0198,0.1063,0.0118,0.9882
China_Drone_001402,1,1,1,0,0,1.0,1.0,1.0,0,1,0,0.8749,0.8749,0.8749,0.0,0,1,0.1694,0.0246,0.5249,0.673,0.327,150.59,32.5,415.07,0.1041,0.0118,0.0597,0.0062,0.9938
China_Drone_001403,1,0,0,0,1,0.0,0.0,0.0,1,0,1,0.0,0.0,0.0,0.0,0,0,0.4716,0.3973,0.599,0.0,1.0,154.72,29.05,39.2,0.00483,0.9568,0.1901,0.9762,0.0238
China_Drone_001410,1,2,1,1,0,0.5,1.0,0.6667,0,1,0,0.3601,0.3707,0.3494,0.0106,2,0,0.2571,0.1457,0.3978,0.462,0.538,138.88,15.15,33.19,0.00358,0.0839,0.1346,0.0735,0.9265
China_Drone_001419,2,1,1,0,1,1.0,0.5,0.6667,0,1,0,0.4216,0.4216,0.4216,0.0,0,0,0.2175,0.1179,0.4165,0.5573,0.4427,137.19,21.01,535.66,0.07094,0.1934,0.1165,0.1978,0.8022
China_Drone_001420,2,4,1,3,1,0.25,0.5,0.3333,0,1,1,0.4706,0.6401,0.2657,0.1433,1,1,0.1049,0.0469,0.3817,0.8284,0.1716,132.35,30.63,358.15,0.08758,0.0115,0.0564,0.0059,0.9941
China_Drone_001431,1,2,1,1,0,0.5,1.0,0.6667,0,1,0,0.5899,0.857,0.3228,0.2671,1,1,0.182,0.0127,0.5597,0.6429,0.3571,153.64,31.47,330.75,0.08232,0.0383,0.0474,0.0223,0.9777
China_Drone_001433,2,3,1,2,1,0.3333,0.5,0.4,0,1,1,0.5675,0.7168,0.2993,0.1901,1,2,0.1931,0.1101,0.1496,0.616,0.384,165.56,15.06,63.76,0.00772,0.0621,0.2136,0.1027,0.8973
China_Drone_001437,1,3,1,2,0,0.3333,1.0,0.5,0,1,0,0.3543,0.4325,0.2814,0.0618,2,0,0.0784,0.0099,0.295,0.892,0.108,162.36,15.46,53.1,0.00689,0.0313,0.0766,0.0301,0.9699
China_Drone_001442,3,2,2,0,1,1.0,0.6667,0.8,0,1,0,0.71,0.7466,0.6734,0.0366,0,2,0.0777,0.052,0.2626,0.8937,0.1063,176.44,12.47,424.3,0.07565,0.0416,0.0823,0.0558,0.9442
China_Drone_001444,1,0,0,0,1,0.0,0.0,0.0,1,0,1,0.0,0.0,0.0,0.0,0,0,0.1973,0.1399,0.2964,0.606,0.394,141.58,20.86,774.71,0.10145,0.9538,0.1302,0.9521,0.0479
China_Drone_001445,1,0,0,0,1,0.0,0.0,0.0,1,0,1,0.0,0.0,0.0,0.0,0,0,0.248,0.1642,0.3267,0.4839,0.5161,101.75,18.78,216.99,0.01584,0.9531,0.1616,0.9533,0.0467
China_Drone_001447,1,1,1,0,0,1.0,1.0,1.0,0,1,0,0.6478,0.6478,0.6478,0.0,0,1,0.0408,0.0237,0.2307,0.9827,0.0173,137.16,15.99,856.03,0.23541,0.0558,0.0713,0.0262,0.9738
China_Drone_001449,1,1,1,0,0,1.0,1.0,1.0,0,1,0,0.7228,0.7228,0.7228,0.0,0,1,0.1975,0.0842,0.7385,0.6054,0.3946,110.05,35.2,585.48,0.17071,0.039,0.0264,0.0118,0.9882
China_Drone_001452,1,2,1,1,0,0.5,1.0,0.6667,0,1,0,0.5968,0.7281,0.4654,0.1313,0,1,0.1307,0.0354,0.2718,0.7662,0.2338,152.45,29.25,259.08,0.05535,0.0424,0.1024,0.0375,0.9625
China_Drone_001454,1,2,1,1,0,0.5,1.0,0.6667,0,1,0,0.3437,0.3851,0.3023,0.0414,2,0,0.1423,0.1076,0.1978,0.7383,0.2617,132.96,43.21,168.24,0.00249,0.099,0.1387,0.1476,0.8524
China_Drone_001459,1,2,1,1,0,0.5,1.0,0.6667,0,1,0,0.6286,0.8082,0.4489,0.1796,0,1,0.146,0.0701,0.3558,0.7295,0.2705,164.04,10.97,26.39,0.00077,0.0332,0.0905,0.037,0.963
China_Drone_001460,1,1,1,0,0,1.0,1.0,1.0,0,1,0,0.5639,0.5639,0.5639,0.0,0,0,0.1345,0.0172,0.346,0.7571,0.2429,109.21,45.32,321.54,0.07514,0.0466,0.0759,0.0331,0.9669
China_Drone_001466,1,1,1,0,0,1.0,1.0,1.0,0,1,0,0.7135,0.7135,0.7135,0.0,0,1,0.1684,0.0442,0.3744,0.6755,0.3245,153.0,26.46,315.52,0.10478,0.0421,0.0866,0.0364,0.9636
China_Drone_001467,1,1,1,0,0,1.0,1.0,1.0,0,1,0,0.5648,0.5648,0.5648,0.0,0,0,0.1944,0.0497,0.3004,0.613,0.387,125.88,35.13,287.42,0.07432,0.0556,0.1271,0.0308,0.9692
China_Drone_001468,1,0,0,0,1,0.0,0.0,0.0,1,0,1,0.0,0.0,0.0,0.0,0,0,0.0905,0.0475,0.2943,0.863,0.137,121.55,13.72,135.93,0.03118,0.9538,0.0646,0.9075,0.0925
China_Drone_001469,3,1,1,0,2,1.0,0.3333,0.5,0,1,0,0.5494,0.5494,0.5494,0.0,0,0,0.3556,0.2549,0.4755,0.225,0.775,153.09,14.06,25.66,0.00174,0.0709,0.1947,0.0631,0.9369
China_Drone_001475,2,1,1,0,1,1.0,0.5,0.6667,0,1,0,0.9208,0.9208,0.9208,0.0,0,1,0.2279,0.1607,0.2838,0.5322,0.4678,191.32,11.6,77.08,0.00201,0.007,0.1669,0.0099,0.9901
China_Drone_001479,3,3,3,0,0,1.0,1.0,1.0,0,1,0,0.7538,0.7921,0.6905,0.0451,0,3,0.1785,0.0289,0.359,0.6512,0.3488,176.36,12.88,43.19,0.00761,0.0172,0.1081,0.0209,0.9791
China_Drone_001485,1,0,0,0,1,0.0,0.0,0.0,1,0,1,0.0,0.0,0.0,0.0,0,0,0.4123,0.3229,0.5724,0.0885,0.9115,144.3,34.7,46.25,0.00601,0.9565,0.2097,0.959,0.041
China_Drone_001491,3,3,3,0,0,1.0,1.0,1.0,0,1,0,0.6067,0.8792,0.4539,0.1931,0,1,0.0692,0.0195,0.3494,0.9142,0.0858,120.38,31.75,543.78,0.11853,0.0065,0.0481,0.0027,0.9973
China_Drone_001501,1,1,1,0,0,1.0,1.0,1.0,0,1,0,0.6841,0.6841,0.6841,0.0,0,1,0.1502,0.057,0.3671,0.7194,0.2806,153.06,27.95,259.13,0.09898,0.054,0.0899,0.0334,0.9666
China_Drone_001508,1,1,1,0,0,1.0,1.0,1.0,0,1,0,0.7945,0.7945,0.7945,0.0,0,1,0.1556,0.0888,0.3432,0.7063,0.2937,152.4,28.97,684.8,0.11901,0.0237,0.0881,0.0194,0.9806
China_Drone_001511,1,2,1,1,0,0.5,1.0,0.6667,0,1,0,0.448,0.6321,0.264,0.184,1,1,0.1746,0.0799,0.3116,0.6607,0.3393,116.55,12.25,231.38,0.03286,0.0975,0.1162,0.0763,0.9237
China_Drone_001514,1,1,1,0,0,1.0,1.0,1.0,0,1,0,0.9571,0.9571,0.9571,0.0,0,1,0.1535,0.0727,0.363,0.7113,0.2887,156.65,18.37,39.41,0.0016,0.0037,0.0952,0.004,0.996
China_Drone_001515,2,3,2,1,0,0.6667,1.0,0.8,0,1,0,0.4023,0.5736,0.2956,0.1223,2,0,0.1862,0.0189,0.3448,0.6326,0.3674,145.6,22.17,216.81,0.05906,0.0186,0.1073,0.0151,0.9849
China_Drone_001517,1,2,1,1,0,0.5,1.0,0.6667,0,1,0,0.4227,0.547,0.2984,0.1243,1,0,0.1552,0.0832,0.2923,0.7072,0.2928,186.0,20.76,293.64,0.05238,0.0622,0.1075,0.0687,0.9313
China_Drone_001522,3,2,2,0,1,1.0,0.6667,0.8,0,1,0,0.3688,0.392,0.3457,0.0231,2,0,0.163,0.1365,0.2666,0.6884,0.3116,127.03,6.45,30.84,0.00021,0.0787,0.1195,0.0522,0.9478
China_Drone_001524,1,3,1,2,0,0.3333,1.0,0.5,0,1,0,0.4008,0.5399,0.3233,0.0986,2,0,0.1275,0.0541,0.262,0.774,0.226,160.8,7.25,77.9,0.00099,0.0316,0.1022,0.0354,0.9646
China_Drone_001528,1,2,1,1,0,0.5,1.0,0.6667,0,1,0,0.3568,0.4598,0.2538,0.103,1,0,0.0836,0.0434,0.1939,0.8796,0.1204,136.78,13.06,339.55,0.09243,0.1067,0.1002,0.107,0.893
China_Drone_001541,2,4,2,2,0,0.5,1.0,0.6667,0,1,0,0.4449,0.646,0.3364,0.1199,2,1,0.1124,0.0425,0.2752,0.8104,0.1896,128.56,28.6,926.35,0.24026,0.0163,0.0927,0.008,0.992
China_Drone_001548,2,3,2,1,0,0.6667,1.0,0.8,0,1,0,0.3978,0.5333,0.2673,0.1087,2,0,0.2103,0.0599,0.4689,0.5747,0.4253,148.16,27.11,299.57,0.08614,0.0249,0.079,0.0174,0.9826
China_Drone_001551,3,2,1,1,2,0.5,0.3333,0.4,0,1,1,0.7406,0.7816,0.6997,0.041,0,2,0.1489,0.0809,0.1967,0.7226,0.2774,163.34,15.06,122.85,0.02435,0.0213,0.128,0.0235,0.9765
China_Drone_001566,1,3,0,3,1,0.0,0.0,0.0,1,0,1,0.3149,0.3647,0.2643,0.041,3,0,0.1236,0.0868,0.3423,0.7833,0.2167,165.13,6.98,18.79,0.00067,0.0388,0.0844,0.041,0.959
China_Drone_001574,2,2,2,0,0,1.0,1.0,1.0,0,1,0,0.6236,0.7511,0.4962,0.1275,0,1,0.0988,0.0465,0.29,0.843,0.157,128.2,21.9,1340.55,0.13598,0.0374,0.0776,0.024,0.976
China_Drone_001579,2,1,1,0,1,1.0,0.5,0.6667,0,1,0,0.5045,0.5045,0.5045,0.0,0,0,0.1457,0.052,0.1929,0.7301,0.2699,146.93,52.97,249.39,0.02906,0.1103,0.1364,0.192,0.808
China_Drone_001580,1,1,1,0,0,1.0,1.0,1.0,0,1,0,0.641,0.641,0.641,0.0,0,1,0.1046,0.0331,0.2523,0.8291,0.1709,168.36,7.11,28.17,0.00548,0.0769,0.0921,0.0867,0.9133
China_Drone_001585,2,1,1,0,1,1.0,0.5,0.6667,0,1,0,0.5344,0.5344,0.5344,0.0,0,0,0.1721,0.03,0.495,0.6666,0.3334,107.22,34.68,500.16,0.15771,0.0874,0.076,0.0305,0.9695
China_Drone_001588,1,2,1,1,0,0.5,1.0,0.6667,0,1,0,0.4654,0.6107,0.3201,0.1453,1,1,0.1586,0.0647,0.547,0.699,0.301,137.17,37.41,301.23,0.09146,0.0884,0.0679,0.0719,0.9281
China_Drone_001590,1,0,0,0,1,0.0,0.0,0.0,1,0,1,0.0,0.0,0.0,0.0,0,0,0.1854,0.1229,0.3165,0.6345,0.3655,160.16,19.62,64.22,0.00351,0.9531,0.1177,0.9585,0.0415
China_Drone_001595,2,1,1,0,1,1.0,0.5,0.6667,0,1,0,0.7768,0.7768,0.7768,0.0,0,1,0.0911,0.0175,0.518,0.8615,0.1385,119.32,32.21,594.71,0.12968,0.0276,0.0353,0.0086,0.9914
China_Drone_001596,1,1,0,1,1,0.0,0.0,0.0,1,0,1,0.5751,0.5751,0.5751,0.0,0,0,0.1976,0.1657,0.2661,0.6053,0.3947,123.83,14.3,49.79,0.00325,0.0511,0.1389,0.0334,0.9666
China_Drone_001604,1,1,1,0,0,1.0,1.0,1.0,0,1,0,0.6274,0.6274,0.6274,0.0,0,1,0.3894,0.1163,0.592,0.1436,0.8564,55.89,26.41,1272.85,0.17363,0.0954,0.2069,0.0679,0.9321
China_Drone_001606,1,1,1,0,0,1.0,1.0,1.0,0,1,0,0.5784,0.5784,0.5784,0.0,0,0,0.1436,0.1071,0.2983,0.7352,0.2648,186.2,20.22,301.53,0.05281,0.0556,0.1029,0.0731,0.9269
China_Drone_001607,2,2,2,0,0,1.0,1.0,1.0,0,1,0,0.7605,0.7729,0.7481,0.0124,0,2,0.207,0.0553,0.4731,0.5827,0.4173,150.89,36.89,383.18,0.07792,0.0448,0.0929,0.0398,0.9602
China_Drone_001613,1,1,1,0,0,1.0,1.0,1.0,0,1,0,0.6351,0.6351,0.6351,0.0,0,1,0.3123,0.2308,0.7303,0.3292,0.6708,191.73,33.23,190.09,0.02665,0.1063,0.0797,0.113,0.887
China_Drone_001614,1,6,1,5,0,0.1667,1.0,0.2857,0,1,1,0.3779,0.5149,0.2583,0.0937,4,0,0.1634,0.12,0.3345,0.6875,0.3125,182.83,4.87,19.45,0.00076,0.0013,0.1066,0.0016,0.9984
China_Drone_001618,4,4,4,0,0,1.0,1.0,1.0,0,1,0,0.5776,0.7813,0.3031,0.1734,1,2,0.1299,0.0927,0.2728,0.7682,0.2318,170.72,6.94,31.47,0.00333,0.0153,0.0892,0.0141,0.9859
China_Drone_001627,1,4,1,3,0,0.25,1.0,0.4,0,1,1,0.521,0.6927,0.2848,0.1587,1,2,0.2078,0.1661,0.2887,0.5808,0.4192,138.71,47.14,210.29,0.01773,0.0229,0.1414,0.0335,0.9665
China_Drone_001629,2,1,1,0,1,1.0,0.5,0.6667,0,1,0,0.8516,0.8516,0.8516,0.0,0,1,0.1563,0.1186,0.205,0.7046,0.2954,142.59,13.56,46.65,0.00235,0.0129,0.1464,0.0181,0.9819
China_Drone_001632,3,1,1,0,2,1.0,0.3333,0.5,0,1,0,0.3057,0.3057,0.3057,0.0,1,0,0.0824,0.0498,0.2152,0.8825,0.1175,148.12,9.87,252.59,0.02398,0.325,0.0937,0.3307,0.6693
China_Drone_001637,2,2,2,0,0,1.0,1.0,1.0,0,1,0,0.6482,0.7251,0.5713,0.0769,0,1,0.3085,0.0172,0.5159,0.3383,0.6617,178.09,24.93,111.35,0.027,0.0236,0.1524,0.0299,0.9701
China_Drone_001639,1,1,1,0,0,1.0,1.0,1.0,0,1,0,0.7388,0.7388,0.7388,0.0,0,1,0.1353,0.099,0.2788,0.7551,0.2449,121.68,9.56,164.43,0.00626,0.0255,0.1027,0.0228,0.9772
China_Drone_001644,3,4,3,1,0,0.75,1.0,0.8571,0,1,0,0.4856,0.7247,0.2905,0.1554,1,1,0.1172,0.0457,0.4297,0.7987,0.2013,181.78,6.22,21.33,0.00061,0.0057,0.07,0.0053,0.9947
China_Drone_001655,2,2,2,0,0,1.0,1.0,1.0,0,1,0,0.7067,0.8473,0.5661,0.1406,0,1,0.2509,0.1723,0.4006,0.477,0.523,176.79,49.17,206.05,0.0084,0.0121,0.1411,0.0282,0.9718
China_Drone_001658,1,3,1,2,0,0.3333,1.0,0.5,0,1,0,0.4712,0.6581,0.3645,0.1326,2,1,0.206,0.0588,0.1928,0.585,0.415,175.28,4.9,28.0,0.00117,0.0284,0.1683,0.0457,0.9543
China_Drone_001670,1,1,1,0,0,1.0,1.0,1.0,0,1,0,0.8211,0.8211,0.8211,0.0,0,1,0.0907,0.0392,0.2355,0.8626,0.1374,128.35,11.16,130.92,0.00567,0.0172,0.0929,0.0104,0.9896
China_Drone_001675,2,1,1,0,1,1.0,0.5,0.6667,0,1,0,0.6936,0.6936,0.6936,0.0,0,1,0.1522,0.114,0.4221,0.7146,0.2854,112.13,38.62,539.54,0.15278,0.0557,0.0699,0.0239,0.9761
China_Drone_001678,2,5,2,3,0,0.4,1.0,0.5714,0,1,0,0.3379,0.4878,0.2536,0.0825,4,0,0.055,0.0231,0.2654,0.9485,0.0515,150.86,17.57,1117.39,0.25793,0.0043,0.0791,0.0028,0.9972
China_Drone_001692,1,3,1,2,0,0.3333,1.0,0.5,0,1,0,0.4229,0.495,0.3619,0.0549,1,0,0.0503,0.034,0.2826,0.9598,0.0402,138.47,17.7,1155.87,0.2821,0.0262,0.0593,0.0133,0.9867
China_Drone_001693,1,1,1,0,0,1.0,1.0,1.0,0,1,0,0.6186,0.6186,0.6186,0.0,0,1,0.1828,0.0951,0.2961,0.6408,0.3592,131.51,32.38,189.24,0.06172,0.1023,0.1188,0.0942,0.9058
China_Drone_001695,1,2,1,1,0,0.5,1.0,0.6667,0,1,0,0.3426,0.4244,0.2609,0.0818,1,0,0.0781,0.0138,0.3288,0.8929,0.1071,162.09,15.49,52.1,0.00629,0.1113,0.0706,0.1104,0.8896
China_Drone_001698,1,1,1,0,0,1.0,1.0,1.0,0,1,0,0.718,0.718,0.718,0.0,0,1,0.2838,0.1954,0.454,0.3977,0.6023,169.3,27.0,377.45,0.09075,0.0454,0.152,0.048,0.952
China_Drone_001708,1,0,0,0,1,0.0,0.0,0.0,1,0,1,0.0,0.0,0.0,0.0,0,0,0.1628,0.0903,0.3153,0.6889,0.3111,150.51,14.87,37.15,0.00402,0.9531,0.1036,0.9549,0.0451
China_Drone_001709,2,1,1,0,1,1.0,0.5,0.6667,0,1,0,0.7703,0.7703,0.7703,0.0,0,1,0.1335,0.0497,0.3755,0.7596,0.2404,113.66,38.03,712.37,0.15926,0.026,0.0699,0.018,0.982
China_Drone_001714,1,1,1,0,0,1.0,1.0,1.0,0,1,0,0.4717,0.4717,0.4717,0.0,0,0,0.1652,0.1084,0.1703,0.6833,0.3167,157.63,54.19,161.17,0.00522,0.1412,0.1549,0.2919,0.7081
China_Drone_001715,3,2,2,0,1,1.0,0.6667,0.8,0,1,0,0.4752,0.6188,0.3316,0.1436,1,1,0.3225,0.2535,0.3468,0.3047,0.6953,133.35,7.84,111.21,0.00085,0.1001,0.1967,0.1106,0.8894
China_Drone_001716,3,2,2,0,1,1.0,0.6667,0.8,0,1,0,0.3886,0.4379,0.3393,0.0493,1,0,0.1836,0.1509,0.296,0.6389,0.3611,127.35,18.17,155.71,0.02779,0.0843,0.1251,0.0878,0.9122
China_Drone_001723,1,1,1,0,0,1.0,1.0,1.0,0,1,0,0.3943,0.3943,0.3943,0.0,1,0,0.1355,0.076,0.308,0.7547,0.2453,137.7,8.11,96.09,0.00299,0.1976,0.0972,0.1914,0.8086
China_Drone_001725,2,2,2,0,0,1.0,1.0,1.0,0,1,0,0.6236,0.6448,0.6024,0.0212,0,2,0.2039,0.0875,0.4855,0.5901,0.4099,130.67,37.81,416.87,0.12965,0.1157,0.0838,0.0647,0.9353
China_Drone_001745,1,1,1,0,0,1.0,1.0,1.0,0,1,0,0.4622,0.4622,0.4622,0.0,0,0,0.2993,0.1965,0.4006,0.3604,0.6396,121.17,9.92,222.27,0.01176,0.1273,0.1675,0.1169,0.8831
China_Drone_001755,3,1,0,1,3,0.0,0.0,0.0,1,0,1,0.2848,0.2848,0.2848,0.0,1,0,0.1213,0.0231,0.2752,0.7888,0.2112,93.43,24.7,1602.66,0.26991,0.3978,0.0837,0.2029,0.7971
China_Drone_001759,2,4,1,3,1,0.25,0.5,0.3333,0,1,1,0.4607,0.7123,0.2612,0.1852,2,1,0.1112,0.0691,0.2495,0.8132,0.1868,183.77,5.92,26.39,0.00062,0.0114,0.0837,0.011,0.989
China_Drone_001763,1,1,1,0,0,1.0,1.0,1.0,0,1,0,0.5784,0.5784,0.5784,0.0,0,0,0.1196,0.0491,0.4525,0.7929,0.2071,139.55,29.34,469.59,0.11207,0.0413,0.0515,0.0177,0.9823
China_Drone_001774,2,2,2,0,0,1.0,1.0,1.0,0,1,0,0.5256,0.5558,0.4953,0.0303,0,0,0.0989,0.0744,0.3353,0.8429,0.1571,117.39,22.35,120.83,0.01024,0.0416,0.0771,0.0395,0.9605
China_Drone_001777,1,3,1,2,0,0.3333,1.0,0.5,0,1,0,0.6422,0.7932,0.5,0.1199,0,2,0.1618,0.0357,0.2283,0.6913,0.3087,168.65,8.39,25.48,0.0037,0.0246,0.1293,0.0329,0.9671
China_Drone_001787,1,2,1,1,0,0.5,1.0,0.6667,0,1,0,0.3784,0.3985,0.3582,0.0201,2,0,0.0535,0.0386,0.2297,0.9521,0.0479,133.79,18.46,1325.02,0.29854,0.0971,0.0597,0.0265,0.9735
China_Drone_001789,2,2,2,0,0,1.0,1.0,1.0,0,1,0,0.621,0.6634,0.5786,0.0424,0,1,0.1419,0.055,0.3383,0.7392,0.2608,143.42,29.5,301.59,0.10603,0.039,0.0966,0.0265,0.9735
China_Drone_001792,2,1,1,0,1,1.0,0.5,0.6667,0,1,0,0.8339,0.8339,0.8339,0.0,0,1,0.2409,0.1116,0.4193,0.501,0.499,168.75,47.61,209.99,0.01101,0.021,0.1211,0.0354,0.9646
China_Drone_001799,3,5,3,2,0,0.6,1.0,0.75,0,1,0,0.4899,0.6415,0.3043,0.1269,2,1,0.1967,0.0557,0.43,0.6073,0.3927,177.39,6.77,21.17,0.00104,0.0036,0.0984,0.0036,0.9964
China_Drone_001804,3,1,1,0,2,1.0,0.3333,0.5,0,1,0,0.6343,0.6343,0.6343,0.0,0,1,0.1604,0.0503,0.2205,0.6949,0.3051,169.57,16.43,88.82,0.01564,0.0806,0.1307,0.1036,0.8964
China_Drone_001806,1,1,1,0,0,1.0,1.0,1.0,0,1,0,0.5192,0.5192,0.5192,0.0,0,0,0.1241,0.0315,0.3148,0.7822,0.2178,135.7,18.23,1137.89,0.28524,0.0675,0.0769,0.0174,0.9826
China_Drone_001807,2,2,2,0,0,1.0,1.0,1.0,0,1,0,0.7264,0.7539,0.6989,0.0275,0,2,0.2019,0.0222,0.3398,0.5949,0.4051,184.61,14.7,55.79,0.01522,0.043,0.1193,0.0487,0.9513
China_Drone_001808,4,3,3,0,1,1.0,0.75,0.8571,0,1,0,0.7317,0.9403,0.6093,0.1482,0,3,0.1962,0.1125,0.3287,0.6085,0.3915,188.12,21.73,189.03,0.03513,0.0179,0.1237,0.0277,0.9723
China_Drone_001812,1,1,1,0,0,1.0,1.0,1.0,0,1,0,0.8535,0.8535,0.8535,0.0,0,1,0.1406,0.0992,0.3246,0.7425,0.2575,181.72,16.51,117.71,0.02334,0.0131,0.0949,0.0172,0.9828
China_Drone_001817,1,1,1,0,0,1.0,1.0,1.0,0,1,0,0.3594,0.3594,0.3594,0.0,1,0,0.3918,0.3023,0.5414,0.1378,0.8622,138.43,34.86,433.79,0.13657,0.2553,0.2349,0.239,0.761
China_Drone_001823,1,1,1,0,0,1.0,1.0,1.0,0,1,0,0.6748,0.6748,0.6748,0.0,0,1,0.0999,0.0178,0.4009,0.8403,0.1597,120.61,33.45,482.42,0.10591,0.0582,0.066,0.0252,0.9748
China_Drone_001834,1,1,1,0,0,1.0,1.0,1.0,0,1,0,0.7337,0.7337,0.7337,0.0,0,1,0.2002,0.1348,0.3255,0.599,0.401,143.12,11.06,41.41,0.00436,0.0359,0.1233,0.0301,0.9699
China_Drone_001851,1,2,1,1,0,0.5,1.0,0.6667,0,1,0,0.3429,0.3778,0.308,0.0349,2,0,0.187,0.1089,0.3301,0.6308,0.3692,177.44,10.53,75.38,0.00391,0.1252,0.1189,0.1515,0.8485
China_Drone_001856,1,0,0,0,1,0.0,0.0,0.0,1,0,1,0.0,0.0,0.0,0.0,0,0,0.134,0.066,0.2333,0.7583,0.2417,175.4,12.41,93.3,0.00554,0.9565,0.1114,0.9691,0.0309
China_Drone_001861,3,4,3,1,0,0.75,1.0,0.8571,0,1,0,0.8331,0.9639,0.7215,0.0917,0,4,0.2155,0.1457,0.291,0.5621,0.4379,100.28,25.95,88.15,0.00764,0.0197,0.1522,0.023,0.977
China_Drone_001865,2,2,1,1,1,0.5,0.5,0.5,0,1,0,0.3649,0.4049,0.3248,0.04,1,0,0.1906,0.0923,0.3043,0.6221,0.3779,146.6,52.32,194.45,0.00921,0.1268,0.1269,0.2013,0.7987
China_Drone_001870,1,1,1,0,0,1.0,1.0,1.0,0,1,0,0.6395,0.6395,0.6395,0.0,0,1,0.3162,0.2377,0.3502,0.3198,0.6802,152.26,14.05,67.52,0.00375,0.1027,0.1895,0.1151,0.8849
China_Drone_001871,2,3,2,1,0,0.6667,1.0,0.8,0,1,0,0.5443,0.6753,0.3575,0.1356,1,2,0.1426,0.0796,0.2138,0.7376,0.2624,171.9,13.75,85.79,0.01285,0.042,0.1204,0.0514,0.9486
China_Drone_001883,1,1,1,0,0,1.0,1.0,1.0,0,1,0,0.3147,0.3147,0.3147,0.0,1,0,0.1535,0.0924,0.1851,0.7113,0.2887,157.44,20.62,78.29,0.00393,0.3344,0.1336,0.3895,0.6105
China_Drone_001884,1,1,1,0,0,1.0,1.0,1.0,0,1,0,0.4568,0.4568,0.4568,0.0,0,0,0.338,0.235,0.4116,0.2674,0.7326,129.78,11.5,536.02,0.03926,0.1575,0.181,0.1738,0.8262
China_Drone_001891,1,1,1,0,0,1.0,1.0,1.0,0,1,0,0.5195,0.5195,0.5195,0.0,0,0,0.08,0.0114,0.3295,0.8883,0.1117,162.9,15.35,52.55,0.00726,0.08,0.0712,0.0769,0.9231
China_Drone_001892,1,3,1,2,0,0.3333,1.0,0.5,0,1,0,0.4954,0.5628,0.3873,0.0772,1,0,0.1904,0.1271,0.1325,0.6226,0.3774,163.09,15.55,68.48,0.00927,0.012,0.1851,0.0194,0.9806
China_Drone_001911,1,1,1,0,0,1.0,1.0,1.0,0,1,0,0.5967,0.5967,0.5967,0.0,0,0,0.1301,0.0577,0.2953,0.7677,0.2323,158.6,8.75,34.13,0.00176,0.0428,0.0968,0.0422,0.9578
China_Drone_001914,4,3,1,2,3,0.3333,0.25,0.2857,0,1,1,0.4455,0.5746,0.3469,0.0954,1,0,0.2596,0.0906,0.3477,0.456,0.544,130.83,37.96,334.6,0.03472,0.013,0.153,0.0161,0.9839
China_Drone_001930,1,1,1,0,0,1.0,1.0,1.0,0,1,0,0.7994,0.7994,0.7994,0.0,0,1,0.3139,0.2521,0.5913,0.3252,0.6748,161.62,28.0,204.13,0.03502,0.015,0.1313,0.0155,0.9845
China_Drone_001931,1,1,1,0,0,1.0,1.0,1.0,0,1,0,0.7352,0.7352,0.7352,0.0,0,1,0.1874,0.0379,0.4654,0.6298,0.3702,134.29,34.72,487.9,0.08866,0.0478,0.0871,0.0352,0.9648
China_Drone_001935,2,2,2,0,0,1.0,1.0,1.0,0,1,0,0.775,0.8242,0.7258,0.0492,0,2,0.179,0.0216,0.4683,0.6499,0.3501,157.92,35.37,342.03,0.0608,0.0283,0.0655,0.022,0.978
China_Drone_001940,1,2,0,2,1,0.0,0.0,0.0,1,0,1,0.4425,0.6003,0.2847,0.1578,1,1,0.2393,0.1149,0.2738,0.5049,0.4951,154.01,10.11,75.13,0.00372,0.0579,0.1657,0.0682,0.9318
China_Drone_001945,2,1,0,1,2,0.0,0.0,0.0,1,0,1,0.5807,0.5807,0.5807,0.0,0,0,0.2532,0.1466,0.4294,0.4714,0.5286,192.68,29.09,201.58,0.05912,0.0405,0.1333,0.0488,0.9512
China_Drone_001947,2,3,2,1,0,0.6667,1.0,0.8,0,1,0,0.5479,0.7018,0.2847,0.187,1,2,0.1488,0.0506,0.3478,0.7226,0.2774,167.45,18.9,219.28,0.06971,0.0713,0.0849,0.0641,0.9359
China_Drone_001951,5,4,4,0,1,1.0,0.8,0.8889,0,1,0,0.4634,0.608,0.3217,0.1384,2,1,0.2072,0.1192,0.3033,0.582,0.418,159.75,44.72,226.19,0.01058,0.0153,0.1364,0.0336,0.9664
China_Drone_001953,2,3,1,2,1,0.3333,0.5,0.4,0,1,1,0.2923,0.3328,0.2581,0.0308,3,0,0.3137,0.2392,0.3343,0.3258,0.6742,170.32,5.14,29.52,0.00095,0.0464,0.1948,0.0783,0.9217
China_Drone_001954,1,1,1,0,0,1.0,1.0,1.0,0,1,0,0.4997,0.4997,0.4997,0.0,0,0,0.1992,0.1672,0.2648,0.6013,0.3987,119.86,12.95,51.04,0.00105,0.0949,0.1519,0.1114,0.8886
China_Drone_001955,1,1,1,0,0,1.0,1.0,1.0,0,1,0,0.496,0.496,0.496,0.0,0,0,0.1131,0.0583,0.2157,0.8086,0.1914,129.82,11.22,178.66,0.01244,0.0963,0.1074,0.0726,0.9274
China_Drone_001956,1,3,1,2,0,0.3333,1.0,0.5,0,1,0,0.2879,0.314,0.2595,0.0223,3,0,0.0952,0.0503,0.3017,0.8516,0.1484,82.65,16.04,73.05,0.00113,0.0837,0.0654,0.0468,0.9532
China_Drone_001957,1,3,1,2,0,0.3333,1.0,0.5,0,1,0,0.6734,0.9471,0.451,0.2057,0,2,0.1816,0.1583,0.2686,0.6437,0.3563,129.86,23.51,277.95,0.05095,0.0137,0.1264,0.0134,0.9866
China_Drone_001966,1,2,1,1,0,0.5,1.0,0.6667,0,1,0,0.6075,0.6422,0.5728,0.0347,0,1,0.1133,0.0813,0.3281,0.8081,0.1919,111.91,20.68,74.96,0.00394,0.0371,0.069,0.0243,0.9757
China_Drone_001968,2,6,1,5,1,0.1667,0.5,0.25,0,1,1,0.3605,0.5681,0.2576,0.1033,4,0,0.1945,0.1171,0.2224,0.6127,0.3873,164.13,47.41,172.31,0.00937,0.0007,0.1506,0.001,0.999
China_Drone_001974,2,2,2,0,0,1.0,1.0,1.0,0,1,0,0.4673,0.4871,0.4474,0.0199,0,0,0.1211,0.0976,0.3301,0.7894,0.2106,93.36,26.27,214.97,0.05826,0.0549,0.0766,0.046,0.954
China_Drone_001975,1,2,1,1,0,0.5,1.0,0.6667,0,1,0,0.6784,0.7828,0.5739,0.1045,0,1,0.0713,0.0322,0.3165,0.9091,0.0909,136.84,10.76,168.45,0.01646,0.0169,0.0534,0.0094,0.9906
China_Drone_001983,2,5,2,3,0,0.4,1.0,0.5714,0,1,0,0.4684,0.712,0.2537,0.1542,2,1,0.165,0.0995,0.2905,0.6838,0.3162,139.19,16.22,804.36,0.08324,0.0053,0.1145,0.0042,0.9958
China_Drone_001984,1,2,0,2,1,0.0,0.0,0.0,1,0,1,0.6448,0.6701,0.6196,0.0252,0,2,0.367,0.2225,0.5046,0.1974,0.8026,115.3,45.31,318.5,0.09663,0.0498,0.1945,0.0327,0.9673
China_Drone_001985,1,1,1,0,0,1.0,1.0,1.0,0,1,0,0.8897,0.8897,0.8897,0.0,0,1,0.1661,0.1326,0.1723,0.6811,0.3189,159.2,8.0,114.9,0.00932,0.0092,0.1722,0.0139,0.9861
China_Drone_001991,2,4,2,2,0,0.5,1.0,0.6667,0,1,0,0.5212,0.6197,0.4052,0.0835,0,1,0.124,0.0722,0.2994,0.7824,0.2176,132.5,28.59,218.45,0.05534,0.0094,0.0933,0.0055,0.9945
China_Drone_001997,2,2,2,0,0,1.0,1.0,1.0,0,1,0,0.599,0.6916,0.5064,0.0926,0,1,0.1622,0.1072,0.412,0.6904,0.3096,87.62,25.75,1003.65,0.18412,0.0409,0.0856,0.0149,0.9851
China_Drone_001999,1,1,1,0,0,1.0,1.0,1.0,0,1,0,0.4122,0.4122,0.4122,0.0,0,0,0.2781,0.1821,0.4328,0.4116,0.5884,169.3,40.52,546.61,0.13236,0.1564,0.1545,0.1665,0.8335
China_Drone_002000,1,1,0,1,1,0.0,0.0,0.0,1,0,1,0.515,0.515,0.515,0.0,0,0,0.1719,0.1018,0.3651,0.6671,0.3329,146.78,13.31,33.69,0.00067,0.1017,0.1029,0.0859,0.9141
China_Drone_002003,1,2,1,1,0,0.5,1.0,0.6667,0,1,0,0.4853,0.5171,0.4535,0.0318,0,0,0.2732,0.0777,0.3892,0.4232,0.5768,179.35,23.71,74.35,0.01998,0.0584,0.1582,0.0693,0.9307
China_Drone_002006,1,1,1,0,0,1.0,1.0,1.0,0,1,0,0.6651,0.6651,0.6651,0.0,0,1,0.2048,0.0849,0.3628,0.5879,0.4121,137.09,25.63,1058.02,0.13529,0.0841,0.1186,0.1046,0.8954
China_Drone_002007,2,3,1,2,1,0.3333,0.5,0.4,0,1,1,0.4277,0.4906,0.3427,0.0624,1,0,0.2077,0.1009,0.3136,0.581,0.419,151.04,46.15,171.88,0.00792,0.0177,0.1333,0.0336,0.9664
China_Drone_002015,1,2,1,1,0,0.5,1.0,0.6667,0,1,0,0.4946,0.7254,0.2639,0.2307,1,1,0.269,0.2226,0.3954,0.4334,0.5666,158.82,13.0,65.75,0.00949,0.0674,0.1599,0.0774,0.9226
China_Drone_002016,1,2,1,1,0,0.5,1.0,0.6667,0,1,0,0.5947,0.7355,0.4539,0.1408,0,1,0.0954,0.0089,0.2498,0.8513,0.1487,91.23,21.94,604.54,0.17673,0.0433,0.0918,0.009,0.991
China_Drone_002017,1,0,0,0,1,0.0,0.0,0.0,1,0,1,0.0,0.0,0.0,0.0,0,0,0.1195,0.0796,0.2944,0.7932,0.2068,135.55,20.71,443.76,0.03227,0.9568,0.0924,0.9661,0.0339
China_Drone_002018,1,1,1,0,0,1.0,1.0,1.0,0,1,0,0.9934,0.9934,0.9934,0.0,0,1,0.1228,0.0768,0.2497,0.7854,0.2146,129.4,12.84,166.44,0.01032,0.004,0.1038,0.0024,0.9976
China_Drone_002020,1,6,1,5,0,0.1667,1.0,0.2857,0,1,1,0.5305,0.7717,0.2841,0.1581,2,1,0.1488,0.0951,0.2265,0.7226,0.2774,173.74,8.15,27.34,0.00298,0.0016,0.121,0.0019,0.9981
China_Drone_002027,2,2,1,1,1,0.5,0.5,0.5,0,1,0,0.6079,0.9012,0.3146,0.2933,1,1,0.1557,0.0895,0.2675,0.7061,0.2939,165.23,10.66,35.03,0.0029,0.0045,0.1202,0.0049,0.9951
China_Drone_002031,1,1,0,1,1,0.0,0.0,0.0,1,0,1,0.3555,0.3555,0.3555,0.0,1,0,0.2727,0.1173,0.3422,0.4244,0.5756,195.73,30.24,72.51,0.01472,0.2585,0.1717,0.3494,0.6506
China_Drone_002051,1,1,1,0,0,1.0,1.0,1.0,0,1,0,0.6111,0.6111,0.6111,0.0,0,1,0.0708,0.0285,0.2284,0.9105,0.0895,142.17,14.08,473.27,0.14528,0.1276,0.0923,0.0794,0.9206
China_Drone_002057,1,1,1,0,0,1.0,1.0,1.0,0,1,0,0.6514,0.6514,0.6514,0.0,0,1,0.2054,0.1328,0.2308,0.5865,0.4135,170.42,13.23,27.57,0.00145,0.0937,0.1592,0.1295,0.8705
China_Drone_002058,1,1,1,0,0,1.0,1.0,1.0,0,1,0,0.6817,0.6817,0.6817,0.0,0,1,0.1757,0.0944,0.4596,0.658,0.342,123.67,34.09,334.08,0.06319,0.0737,0.084,0.0479,0.9521
China_Drone_002061,1,0,0,0,1,0.0,0.0,0.0,1,0,1,0.0,0.0,0.0,0.0,0,0,0.3229,0.1534,0.5725,0.3036,0.6964,143.25,8.53,47.32,0.00378,0.9531,0.1062,0.9292,0.0708
China_Drone_002063,1,1,1,0,0,1.0,1.0,1.0,0,1,0,0.9925,0.9925,0.9925,0.0,0,1,0.1129,0.0624,0.1812,0.809,0.191,129.14,13.06,223.23,0.0147,0.0042,0.1012,0.0042,0.9958
China_Drone_002075,1,1,1,0,0,1.0,1.0,1.0,0,1,0,0.7295,0.7295,0.7295,0.0,0,1,0.1534,0.091,0.4391,0.7117,0.2883,100.41,30.39,666.74,0.14286,0.0501,0.0801,0.0211,0.9789
China_Drone_002076,2,1,1,0,1,1.0,0.5,0.6667,0,1,0,0.548,0.548,0.548,0.0,0,0,0.1379,0.08,0.4671,0.749,0.251,137.17,30.92,715.49,0.12184,0.0637,0.0673,0.0488,0.9512
China_Drone_002089,1,1,1,0,0,1.0,1.0,1.0,0,1,0,0.4684,0.4684,0.4684,0.0,0,0,0.1693,0.0392,0.4845,0.6733,0.3267,87.98,24.58,858.21,0.18594,0.1362,0.081,0.0663,0.9337
China_Drone_002093,1,1,1,0,0,1.0,1.0,1.0,0,1,0,0.722,0.722,0.722,0.0,0,1,0.1739,0.0584,0.2651,0.6622,0.3378,89.79,22.1,951.26,0.06955,0.0392,0.1317,0.0333,0.9667
China_Drone_002098,2,3,1,2,1,0.3333,0.5,0.4,0,1,1,0.3071,0.3883,0.2618,0.0575,3,0,0.1809,0.114,0.2721,0.6454,0.3546,113.9,26.9,587.0,0.15587,0.0474,0.1319,0.0284,0.9716
China_Drone_002099,1,2,1,1,0,0.5,1.0,0.6667,0,1,0,0.499,0.6987,0.2993,0.1997,1,1,0.1015,0.0303,0.3048,0.8365,0.1635,108.69,28.39,479.82,0.04784,0.0832,0.0747,0.0715,0.9285
China_Drone_002103,1,2,1,1,0,0.5,1.0,0.6667,0,1,0,0.5051,0.7078,0.3024,0.2027,1,1,0.2217,0.0393,0.4087,0.5472,0.4528,164.57,8.92,47.03,0.00582,0.0811,0.1126,0.1027,0.8973
China_Drone_002104,2,2,2,0,0,1.0,1.0,1.0,0,1,0,0.5376,0.5642,0.511,0.0266,0,0,0.2228,0.1241,0.4035,0.5446,0.4554,176.91,7.65,19.99,8e-05,0.0189,0.1172,0.0183,0.9817
China_Drone_002112,1,1,1,0,0,1.0,1.0,1.0,0,1,0,0.7689,0.7689,0.7689,0.0,0,1,0.0629,0.0246,0.3092,0.9295,0.0705,127.21,8.86,40.41,0.00074,0.0362,0.0738,0.0211,0.9789
China_Drone_002113,2,1,1,0,1,1.0,0.5,0.6667,0,1,0,0.5753,0.5753,0.5753,0.0,0,0,0.1109,0.0583,0.2145,0.814,0.186,160.51,9.78,50.06,0.00364,0.0511,0.1066,0.053,0.947
China_Drone_002115,2,3,2,1,0,0.6667,1.0,0.8,0,1,0,0.5344,0.6432,0.3808,0.1117,1,1,0.1043,0.0494,0.404,0.8299,0.1701,183.52,6.08,25.5,0.00078,0.0255,0.0691,0.0317,0.9683
China_Drone_002116,1,1,1,0,0,1.0,1.0,1.0,0,1,0,0.7832,0.7832,0.7832,0.0,0,1,0.0984,0.0572,0.2337,0.8439,0.1561,137.92,21.73,2834.95,0.24572,0.0237,0.0966,0.178,0.822
China_Drone_002117,2,4,2,2,0,0.5,1.0,0.6667,0,1,0,0.3985,0.5815,0.2859,0.112,3,0,0.3653,0.2555,0.421,0.2017,0.7983,163.15,15.13,83.25,0.02448,0.0111,0.2225,0.0096,0.9904
China_Drone_002121,2,1,0,1,2,0.0,0.0,0.0,1,0,1,0.4601,0.4601,0.4601,0.0,0,0,0.1167,0.0323,0.2647,0.8001,0.1999,86.84,42.77,395.47,0.12216,0.1267,0.0976,0.0291,0.9709
China_Drone_002122,2,2,2,0,0,1.0,1.0,1.0,0,1,0,0.6086,0.6336,0.5835,0.025,0,1,0.1103,0.0435,0.2645,0.8155,0.1845,185.03,20.12,231.64,0.04867,0.0368,0.0949,0.0541,0.9459
China_Drone_002141,2,3,1,2,1,0.3333,0.5,0.4,0,1,1,0.4299,0.5084,0.3003,0.0923,1,0,0.0628,0.0365,0.1491,0.9296,0.0704,164.99,12.14,219.17,0.0187,0.027,0.1041,0.0348,0.9652
China_Drone_002142,1,2,1,1,0,0.5,1.0,0.6667,0,1,0,0.5263,0.7698,0.2828,0.2435,1,1,0.1102,0.0465,0.2648,0.8156,0.1844,142.13,34.89,71.77,0.02631,0.0475,0.0936,0.0502,0.9498
China_Drone_002146,2,2,2,0,0,1.0,1.0,1.0,0,1,0,0.5339,0.5849,0.4828,0.0511,0,0,0.3957,0.1748,0.5143,0.1285,0.8715,155.84,17.07,90.08,0.01149,0.0264,0.1876,0.0385,0.9615
China_Drone_002154,1,2,1,1,0,0.5,1.0,0.6667,0,1,0,0.5003,0.7277,0.2729,0.2274,1,1,0.1204,0.065,0.2465,0.7911,0.2089,187.15,20.04,232.38,0.05104,0.0816,0.1032,0.097,0.903
China_Drone_002155,3,2,2,0,1,1.0,0.6667,0.8,0,1,0,0.662,0.7419,0.5821,0.0799,0,1,0.0821,0.0401,0.2565,0.8833,0.1167,152.03,20.94,2245.28,0.19368,0.0241,0.0851,0.1407,0.8593
China_Drone_002157,1,1,0,1,1,0.0,0.0,0.0,1,0,1,0.6886,0.6886,0.6886,0.0,0,1,0.1632,0.0642,0.1893,0.6881,0.3119,166.43,13.82,89.23,0.00636,0.0521,0.1416,0.0686,0.9314
China_Drone_002162,1,1,0,1,1,0.0,0.0,0.0,1,0,1,0.3163,0.3163,0.3163,0.0,1,0,0.1493,0.095,0.216,0.7214,0.2786,178.45,10.9,105.2,0.00735,0.3337,0.1173,0.3807,0.6193
China_Drone_002174,4,1,1,0,3,1.0,0.25,0.4,0,1,1,0.2951,0.2951,0.2951,0.0,1,0,0.192,0.1538,0.229,0.6188,0.3812,113.91,32.52,198.16,0.0092,0.3763,0.1487,0.4635,0.5365
China_Drone_002175,1,1,0,1,1,0.0,0.0,0.0,1,0,1,0.282,0.282,0.282,0.0,1,0,0.176,0.1179,0.2538,0.6572,0.3428,158.18,12.85,205.06,0.03037,0.3635,0.1385,0.398,0.602
China_Drone_002179,2,1,1,0,1,1.0,0.5,0.6667,0,1,0,0.369,0.369,0.369,0.0,1,0,0.0906,0.0377,0.2671,0.8627,0.1373,164.31,8.12,24.84,0.00122,0.2615,0.0917,0.2707,0.7293
China_Drone_002188,1,1,1,0,0,1.0,1.0,1.0,0,1,0,0.5548,0.5548,0.5548,0.0,0,0,0.1117,0.0134,0.5709,0.812,0.188,110.97,34.63,315.71,0.10275,0.0606,0.0292,0.0288,0.9712
China_Drone_002191,1,2,1,1,0,0.5,1.0,0.6667,0,1,0,0.6367,0.9174,0.3561,0.2807,1,1,0.2592,0.2331,0.3482,0.4569,0.5431,168.42,8.22,27.59,0.00019,0.0039,0.1526,0.0043,0.9957
China_Drone_002203,1,0,0,0,1,0.0,0.0,0.0,1,0,1,0.0,0.0,0.0,0.0,0,0,0.1693,0.1383,0.3105,0.6733,0.3267,157.59,12.33,62.5,0.00431,0.9538,0.105,0.9475,0.0525
China_Drone_002205,2,3,1,2,1,0.3333,0.5,0.4,0,1,1,0.4234,0.5886,0.2588,0.1346,1,0,0.1275,0.0235,0.2056,0.7741,0.2259,146.44,36.57,1152.02,0.26699,0.0138,0.1045,0.0074,0.9926
China_Drone_002212,4,4,2,2,2,0.5,0.5,0.5,0,1,0,0.4952,0.7588,0.2707,0.2173,2,2,0.0957,0.0623,0.3917,0.8504,0.1496,128.94,32.57,398.29,0.1077,0.0306,0.0515,0.0144,0.9856
China_Drone_002215,1,1,1,0,0,1.0,1.0,1.0,0,1,0,0.4901,0.4901,0.4901,0.0,0,0,0.2179,0.1572,0.3657,0.5564,0.4436,118.72,32.41,118.9,0.00365,0.1024,0.1195,0.1101,0.8899
China_Drone_002216,1,2,1,1,0,0.5,1.0,0.6667,0,1,0,0.4449,0.5509,0.339,0.1059,1,0,0.0843,0.0378,0.2634,0.8779,0.1221,139.42,16.77,1058.35,0.26904,0.0395,0.0673,0.0102,0.9898
China_Drone_002217,1,1,1,0,0,1.0,1.0,1.0,0,1,0,0.9512,0.9512,0.9512,0.0,0,1,0.162,0.1149,0.3607,0.6909,0.3091,165.07,12.0,32.28,0.00097,0.0039,0.0996,0.0041,0.9959
China_Drone_002229,5,5,5,0,0,1.0,1.0,1.0,0,1,0,0.6232,0.7556,0.4762,0.0938,0,3,0.2674,0.1996,0.2655,0.4373,0.5627,171.34,12.2,66.6,0.01704,0.0155,0.1879,0.0229,0.9771
China_Drone_002231,1,1,1,0,0,1.0,1.0,1.0,0,1,0,0.7752,0.7752,0.7752,0.0,0,1,0.1597,0.0814,0.3504,0.6965,0.3035,161.81,12.06,39.95,0.00391,0.0343,0.1012,0.0317,0.9683
China_Drone_002241,1,0,0,0,1,0.0,0.0,0.0,1,0,1,0.0,0.0,0.0,0.0,0,0,0.1137,0.0762,0.2936,0.8071,0.1929,123.1,15.52,1600.38,0.2117,0.9568,0.0902,0.9739,0.0261
China_Drone_002248,1,2,1,1,0,0.5,1.0,0.6667,0,1,0,0.8993,0.9302,0.8685,0.0308,0,2,0.1482,0.0619,0.3628,0.7242,0.2758,161.9,14.22,26.92,0.00071,0.0097,0.0801,0.0094,0.9906
China_Drone_002249,1,2,1,1,0,0.5,1.0,0.6667,0,1,0,0.5592,0.6495,0.4688,0.0904,0,1,0.1941,0.0415,0.166,0.6137,0.3863,170.64,14.3,69.57,0.00961,0.0485,0.1753,0.0751,0.9249
China_Drone_002250,1,1,0,1,1,0.0,0.0,0.0,1,0,1,0.377,0.377,0.377,0.0,1,0,0.109,0.0667,0.2394,0.8185,0.1815,146.3,16.13,2034.6,0.18026,0.1984,0.099,0.1212,0.8788
China_Drone_002255,1,1,1,0,0,1.0,1.0,1.0,0,1,0,0.5923,0.5923,0.5923,0.0,0,0,0.1693,0.0498,0.2735,0.6734,0.3266,153.81,10.88,402.24,0.00953,0.0367,0.1153,0.0459,0.9541
China_Drone_002259,3,3,3,0,0,1.0,1.0,1.0,0,1,0,0.4436,0.6689,0.2925,0.1624,2,1,0.1938,0.1176,0.2411,0.6145,0.3855,142.83,39.95,228.83,0.00892,0.0169,0.1487,0.0285,0.9715
China_Drone_002269,1,1,1,0,0,1.0,1.0,1.0,0,1,0,0.5965,0.5965,0.5965,0.0,0,0,0.0395,0.0244,0.2785,0.9858,0.0142,147.45,16.45,981.8,0.23599,0.0429,0.0665,0.0227,0.9773
China_Drone_002271,2,2,2,0,0,1.0,1.0,1.0,0,1,0,0.615,0.862,0.3679,0.247,1,1,0.225,0.1743,0.333,0.5392,0.4608,167.17,11.6,45.45,0.00307,0.0219,0.141,0.0227,0.9773
China_Drone_002274,1,1,1,0,0,1.0,1.0,1.0,0,1,0,0.423,0.423,0.423,0.0,0,0,0.2533,0.0549,0.2721,0.4711,0.5289,152.62,18.06,57.55,0.0085,0.1665,0.1733,0.1952,0.8048
China_Drone_002282,1,1,1,0,0,1.0,1.0,1.0,0,1,0,0.6807,0.6807,0.6807,0.0,0,1,0.1209,0.0468,0.3156,0.79,0.21,142.51,20.3,207.34,0.07513,0.0619,0.075,0.0355,0.9645
China_Drone_002284,1,1,1,0,0,1.0,1.0,1.0,0,1,0,0.559,0.559,0.559,0.0,0,0,0.1427,0.0933,0.2927,0.7374,0.2626,121.61,20.88,864.29,0.24321,0.0586,0.0998,0.0392,0.9608
China_Drone_002286,2,2,1,1,1,0.5,0.5,0.5,0,1,0,0.5189,0.5734,0.4644,0.0545,0,0,0.1648,0.0953,0.394,0.6843,0.3157,144.64,26.1,137.97,0.04169,0.03,0.0903,0.0211,0.9789
China_Drone_002289,2,3,2,1,0,0.6667,1.0,0.8,0,1,0,0.311,0.3661,0.2637,0.0422,3,0,0.1906,0.1591,0.2872,0.6221,0.3779,130.01,10.2,217.01,0.01485,0.045,0.1341,0.0439,0.9561
China_Drone_002303,4,4,4,0,0,1.0,1.0,1.0,0,1,0,0.7896,0.9122,0.6694,0.1067,0,4,0.1655,0.0432,0.3187,0.6824,0.3176,146.71,27.47,609.44,0.1064,0.0184,0.1075,0.0193,0.9807
China_Drone_002312,1,1,1,0,0,1.0,1.0,1.0,0,1,0,0.5916,0.5916,0.5916,0.0,0,0,0.185,0.0409,0.2289,0.6356,0.3644,145.57,16.15,43.49,0.00169,0.0447,0.1427,0.0411,0.9589
China_Drone_002313,1,1,1,0,0,1.0,1.0,1.0,0,1,0,0.9605,0.9605,0.9605,0.0,0,1,0.1963,0.0671,0.2319,0.6083,0.3917,153.71,18.59,119.52,0.02372,0.0036,0.149,0.0034,0.9966
China_Drone_002316,2,1,1,0,1,1.0,0.5,0.6667,0,1,0,0.7761,0.7761,0.7761,0.0,0,1,0.0852,0.0233,0.4715,0.8757,0.1243,118.79,32.19,614.93,0.13217,0.0184,0.0548,0.0133,0.9867
China_Drone_002317,1,1,1,0,0,1.0,1.0,1.0,0,1,0,0.2973,0.2973,0.2973,0.0,1,0,0.1248,0.0768,0.2872,0.7805,0.2195,157.52,7.78,71.19,0.00227,0.3699,0.0961,0.3963,0.6037
China_Drone_002318,1,1,1,0,0,1.0,1.0,1.0,0,1,0,0.3862,0.3862,0.3862,0.0,1,0,0.157,0.0877,0.251,0.703,0.297,114.43,13.87,799.15,0.08564,0.1858,0.1255,0.1595,0.8405
China_Drone_002321,1,1,1,0,0,1.0,1.0,1.0,0,1,0,0.9224,0.9224,0.9224,0.0,0,1,0.279,0.2479,0.4447,0.4094,0.5906,144.53,22.62,47.59,0.00758,0.005,0.1467,0.0045,0.9955
China_Drone_002323,1,1,1,0,0,1.0,1.0,1.0,0,1,0,0.6152,0.6152,0.6152,0.0,0,1,0.0393,0.0138,0.2715,0.9863,0.0137,135.36,20.19,1476.72,0.30319,0.0946,0.0578,0.0474,0.9526
China_Drone_002334,3,2,1,1,2,0.5,0.3333,0.4,0,1,1,0.7007,0.7548,0.6465,0.0542,0,2,0.1118,0.0676,0.3197,0.8117,0.1883,167.06,8.11,57.2,0.00272,0.0297,0.0847,0.0345,0.9655
China_Drone_002335,2,3,2,1,0,0.6667,1.0,0.8,0,1,0,0.4675,0.6033,0.3399,0.1077,1,1,0.0929,0.0499,0.2603,0.8572,0.1428,77.69,20.65,663.1,0.18776,0.0356,0.0886,0.006,0.994
China_Drone_002339,2,1,1,0,1,1.0,0.5,0.6667,0,1,0,0.4494,0.4494,0.4494,0.0,0,0,0.1539,0.0827,0.1949,0.7104,0.2896,156.44,34.48,207.06,0.04567,0.1179,0.1273,0.1521,0.8479
China_Drone_002344,1,2,1,1,0,0.5,1.0,0.6667,0,1,0,0.4254,0.5976,0.2532,0.1722,1,0,0.131,0.0651,0.4538,0.7656,0.2344,101.11,25.39,366.72,0.10917,0.067,0.0714,0.0352,0.9648
China_Drone_002345,1,1,1,0,0,1.0,1.0,1.0,0,1,0,0.3883,0.3883,0.3883,0.0,1,0,0.2245,0.1282,0.2696,0.5404,0.4596,129.9,26.9,116.95,0.02379,0.183,0.1717,0.2272,0.7728
China_Drone_002346,1,2,1,1,0,0.5,1.0,0.6667,0,1,0,0.4788,0.7073,0.2502,0.2286,1,1,0.2187,0.0957,0.3367,0.5546,0.4454,133.19,11.72,49.05,0.00256,0.0237,0.1331,0.0186,0.9814
China_Drone_002351,1,3,1,2,0,0.3333,1.0,0.5,0,1,0,0.3655,0.5234,0.2527,0.115,2,0,0.2024,0.1462,0.191,0.5937,0.4063,179.26,50.47,246.07,0.01686,0.0266,0.1737,0.082,0.918
China_Drone_002357,1,3,1,2,0,0.3333,1.0,0.5,0,1,0,0.2771,0.291,0.2509,0.0186,3,0,0.1212,0.0926,0.2795,0.7892,0.2108,138.47,24.76,219.12,0.02191,0.0931,0.1014,0.1001,0.8999
China_Drone_002358,1,2,0,2,1,0.0,0.0,0.0,1,0,1,0.503,0.6234,0.3826,0.1204,1,1,0.186,0.0978,0.5269,0.6331,0.3669,154.58,35.55,230.93,0.05498,0.0481,0.0749,0.0381,0.9619
China_Drone_002375,3,4,3,1,0,0.75,1.0,0.8571,0,1,0,0.59,0.732,0.4494,0.0999,0,1,0.3938,0.3173,0.3956,0.1329,0.8671,171.5,16.24,83.73,0.0234,0.0081,0.2602,0.0077,0.9923
China_Drone_002378,1,1,1,0,0,1.0,1.0,1.0,0,1,0,0.7479,0.7479,0.7479,0.0,0,1,0.1518,0.0825,0.3774,0.7156,0.2844,145.36,24.11,1695.92,0.18083,0.0319,0.0884,0.084,0.916
China_Drone_002387,1,2,1,1,0,0.5,1.0,0.6667,0,1,0,0.5356,0.7552,0.316,0.2196,1,1,0.2153,0.0994,0.6372,0.5627,0.4373,164.51,23.92,135.58,0.03283,0.0613,0.0435,0.0335,0.9665
China_Drone_002394,1,1,1,0,0,1.0,1.0,1.0,0,1,0,0.7987,0.7987,0.7987,0.0,0,1,0.2505,0.0445,0.5331,0.4778,0.5222,161.59,15.1,83.74,0.01432,0.0151,0.109,0.0145,0.9855
