pair_id,site_id,outer_fold,is_previously_observed_audit_site,current_date,future_date,observed_days_ahead,days_ahead,current_severity,future_severity_true,delta_severity_true,m0_persistence_pred_future,m0_persistence_pred_delta,m0_error,m1_ols_pred_future,m1_ols_pred_delta,m1_error,m2_xgb_scenario_pred_future,m2_xgb_scenario_pred_delta,m2_error,m3_xgb_temporal_pred_future,m3_xgb_temporal_pred_delta,m3_error,m4_xgb_combined_pred_future,m4_xgb_combined_pred_delta,m4_error,paired_diff_m4_minus_m0,num_prior_inspections,has_at_least_2_prior
02-1004_1993-08-27_1995-06-13,02-1004,0,False,1993-08-27,1995-06-13,655,660,0.5504966812475023,0.6387767263055587,0.08828004505805642,0.5504966812475023,0.0,0.08828004505805642,0.619832361085642,0.0693356798381397,0.018944365219916715,0.6458881559117136,0.09539147466421127,0.007111429606154851,0.576381886963397,0.0258852057158947,0.06239483934216172,0.5883776383741197,0.03788095712661743,0.05039908793143899,-0.03788095712661743,0,False
02-1004_2001-07-10_2003-06-12,02-1004,0,False,2001-07-10,2003-06-12,702,690,0.8273254360984496,0.9352232039178757,0.10789776781942617,0.8273254360984496,0.0,0.10789776781942617,0.9000309042136985,0.07270546811524894,0.035192299704177255,0.8684951055775813,0.0411696694791317,0.06672809834029447,0.8962219458054236,0.06889650970697403,0.03900125811245214,0.8875322442482642,0.060206808149814606,0.047690959669611566,-0.060206808149814606,2,True
02-1004_2003-06-12_2005-05-03,02-1004,0,False,2003-06-12,2005-05-03,691,690,0.9352232039178757,1.0,0.06477679608212428,0.9352232039178757,0.0,0.06477679608212428,1.0,0.07848008841949727,0.0,0.980845951309338,0.045622747391462326,0.01915404869066195,1.0,0.09170800447463989,0.0,1.0,0.09875649213790894,0.0,-0.06477679608212428,3,True
15-1008_1991-02-27_1993-02-18,15-1008,0,False,1991-02-27,1993-02-18,722,720,0.5543112981823998,0.5913670834979482,0.03705578531554843,0.5543112981823998,0.0,0.03705578531554843,0.5636206031688132,0.009309304986413476,0.02774648032913496,0.6037884991375523,0.04947720095515251,0.012421415639604083,0.5801965038982945,0.0258852057158947,0.01117057959965373,0.5687248589230495,0.0144135607406497,0.02264222457489873,-0.0144135607406497,0,False
15-1008_1995-03-29_1997-02-10,15-1008,0,False,1995-03-29,1997-02-10,684,690,0.5532213708073093,0.5913670834979482,0.03814571269063893,0.5532213708073093,0.0,0.03814571269063893,0.5699517951667583,0.016730424359449006,0.021415288331189886,0.593688174864669,0.040466804057359695,0.0023210913667207622,0.6242528741866542,0.07103150337934494,0.03288579068870601,0.6128550206929637,0.05963364988565445,0.021487937195015516,-0.016657775495623417,2,True
15-1008_2001-09-11_2003-03-06,15-1008,0,False,2001-09-11,2003-03-06,541,540,0.7156129864964625,0.7515789087396458,0.03596592224318329,0.7156129864964625,0.0,0.03596592224318329,0.7204019264458718,0.004788939949409224,0.03117698229377408,0.7743766805145881,0.058763694018125534,0.022797771774942244,0.7739399051282546,0.05832691863179207,0.022360996388608778,0.7590751586470744,0.04346217215061188,0.007496249907428587,-0.028469672335754703,4,True
36-4018_1990-11-02_1991-07-29,36-4018,0,False,1990-11-02,1991-07-29,269,270,0.4900085562356865,0.5090813804296436,0.01907282419395706,0.4900085562356865,0.0,0.01907282419395706,0.5192037043596502,0.029195148123963767,0.010122323930006671,0.5628307694085991,0.0728222131729126,0.05374938897895554,0.5097376675793087,0.019729111343622208,0.0006562871496651468,0.5088037019112265,0.01879514567553997,0.00027767851841709046,-0.01879514567553997,0,False
36-4018_1991-07-29_1992-07-10,36-4018,0,False,1991-07-29,1992-07-10,347,360,0.5090813804296436,0.48346931567852225,-0.025612064751121322,0.5090813804296436,0.0,0.025612064751121322,0.5367397574659217,0.027658377036278117,0.05327044178739948,0.5811456832913341,0.07206430286169052,0.09767636761281184,0.5504426527646961,0.04136127233505249,0.06697333708617381,0.5480519812432708,0.03897060081362724,0.06458266556474856,0.03897060081362724,1,False
36-4018_1994-03-18_1994-04-18,36-4018,0,False,1994-03-18,1994-04-18,31,30,0.5913670834979482,0.5559460598221778,-0.03542102367577038,0.5913670834979482,0.0,0.03542102367577038,0.6302415577096098,0.038874474211661604,0.07429549788743195,0.6478622098347612,0.05649512633681297,0.09191615001258335,0.6746512454828687,0.0832841619849205,0.11870518566069088,0.672710056312985,0.08134297281503677,0.11676399649080715,0.08134297281503677,3,True
36-4018_1994-10-26_1995-01-11,36-4018,0,False,1994-10-26,1995-01-11,77,90,0.49927248635265775,0.5363283370608082,0.03705585070815043,0.49927248635265775,0.0,0.03705585070815043,0.5398414096995786,0.04056892334692085,0.0035130726387704314,0.5609750097331757,0.06170252338051796,0.02464667267236753,0.5956096706626172,0.09633718430995941,0.05928133360180898,0.5857466591236348,0.08647417277097702,0.04941832206282659,0.012362471354676163,5,True
36-4018_1995-01-11_1995-04-18,36-4018,0,False,1995-01-11,1995-04-18,97,90,0.5363283370608082,0.4622167010371092,-0.07411163602369897,0.5363283370608082,0.0,0.07411163602369897,0.5817432163938894,0.04541487933308119,0.11952651535678016,0.6170901049846401,0.08076176792383194,0.1548734039475309,0.6058391545885792,0.069510817527771,0.14362245355146996,0.5814529833370438,0.04512464627623558,0.11923628229993455,0.04512464627623558,6,True
36-4018_1997-01-02_1997-02-07,36-4018,0,False,1997-01-02,1997-02-07,36,30,0.43987422441320756,0.5382355804081242,0.09836135599491669,0.43987422441320756,0.0,0.09836135599491669,0.4709479291604414,0.031073704747233873,0.06728765124768282,0.49861984332280496,0.0587456189095974,0.03961573708531929,0.5486125872023616,0.10873836278915405,0.010377006794237364,0.542101226795486,0.10222700238227844,0.003865646387361754,-0.09449570960755493,8,True
36-4018_1997-02-07_1997-04-10,36-4018,0,False,1997-02-07,1997-04-10,62,60,0.5382355804081242,0.6082601499407503,0.07002456953262604,0.5382355804081242,0.0,0.07002456953262604,0.5781573590679581,0.03992177865983385,0.030102790872792218,0.6027029509182256,0.06446737051010132,0.005557199022524717,0.5978303494389337,0.0595947690308094,0.010429800501816633,0.5953215564127248,0.057085976004600525,0.01293859352802551,-0.057085976004600525,9,True
36-4018_1997-04-10_1997-08-28,36-4018,0,False,1997-04-10,1997-08-28,140,150,0.6082601499407503,0.5930019099853897,-0.015258239955360575,0.6082601499407503,0.0,0.015258239955360575,0.5958564263978907,-0.012403723542859617,0.002854516412501007,0.6658226539044592,0.05756250396370888,0.07282074391906945,0.6640245754866811,0.05576442554593086,0.07102266550129144,0.6589710552840444,0.050710905343294144,0.06596914529865472,0.050710905343294144,10,True
36-4018_1997-08-28_1997-10-15,36-4018,0,False,1997-08-28,1997-10-15,48,60,0.5930019099853897,0.7036244322122861,0.11062252222689639,0.5930019099853897,0.0,0.11062252222689639,0.5694437943637254,-0.023558115621664343,0.1341806378485607,0.648489423527565,0.05548751354217529,0.0551350086847211,0.6878262241028213,0.09482431411743164,0.01579820810946475,0.6660191346548462,0.07301722466945648,0.03760529755743991,-0.07301722466945648,11,True
36-4018_1997-10-15_1998-06-05,36-4018,0,False,1997-10-15,1998-06-05,233,240,0.7036244322122861,0.5930019099853897,-0.11062252222689639,0.7036244322122861,0.0,0.11062252222689639,0.7514363180308938,0.047811885818607756,0.15843440804550413,0.7666403625668813,0.06301593035459518,0.17363845258149158,0.7511076752604772,0.04748324304819107,0.15810576527508746,0.7559843969108392,0.052359964698553085,0.16298248692544948,0.052359964698553085,12,True
36-4018_1998-06-05_1999-08-25,36-4018,0,False,1998-06-05,1999-08-25,446,450,0.5930019099853897,0.7030794034046083,0.11007749341921857,0.5930019099853897,0.0,0.11007749341921857,0.6216385412958243,0.028636631310434597,0.08144086210878398,0.6508109238587284,0.0578090138733387,0.052268479545879876,0.6875003357075119,0.09449842572212219,0.015579067697096383,0.6681041647337341,0.07510225474834442,0.034975238670874154,-0.07510225474834442,13,True
36-4018_2002-02-23_2002-07-25,36-4018,0,False,2002-02-23,2002-07-25,152,150,0.7385004270803787,0.8850888715504582,0.14658844447007957,0.7385004270803787,0.0,0.14658844447007957,0.7565985968352714,0.0180981697548928,0.12849027471518681,0.7903091903757907,0.051808763295412064,0.09477968117466751,0.8044818971288062,0.06598147004842758,0.08060697442165199,0.8013774190080024,0.06287699192762375,0.08371145254245582,-0.06287699192762375,15,True
36-4018_2009-04-29_2010-04-13,36-4018,0,False,2009-04-29,2010-04-13,349,360,0.9755485773606438,1.0,0.02445142263935618,0.9755485773606438,0.0,0.02445142263935618,1.0,0.04958101676489131,0.0,1.0,0.03606885299086571,0.0,1.0,0.06907355040311813,0.0,1.0,0.06224874034523964,0.0,-0.02445142263935618,17,True
38-5002_1989-10-25_1991-07-20,38-5002,0,True,1989-10-25,1991-07-20,633,630,0.24696606451060815,0.27802750729146675,0.031061442780858595,0.24696606451060815,0.0,0.031061442780858595,0.2988844992735237,0.05191843476291554,0.020856991982056927,0.31607244962241693,0.06910638511180878,0.03804494233095018,0.26179764380093856,0.01483157929033041,0.016229863490528185,0.268837817547584,0.02187175303697586,0.009189689743882734,-0.02187175303697586,0,False
38-5002_1991-07-20_1992-08-31,38-5002,0,True,1991-07-20,1992-08-31,408,420,0.27802750729146675,0.24805592703803528,-0.029971580253431468,0.27802750729146675,0.0,0.029971580253431468,0.30708478667463285,0.029057279383166112,0.05902885963659757,0.3336936261517115,0.05566611886024475,0.08563769911367622,0.2869458690297909,0.008918361738324165,0.03888994199175563,0.2893528759491749,0.011325368657708168,0.041296948911139636,0.011325368657708168,1,False
38-5002_1992-08-31_1993-10-21,38-5002,0,True,1992-08-31,1993-10-21,416,420,0.24805592703803528,0.2355223439461809,-0.012533583091854372,0.24805592703803528,0.0,0.012533583091854372,0.2866019564147601,0.03854602937672485,0.0510796124685792,0.32171838688834653,0.07366245985031128,0.08619604294216562,0.28203769731505857,0.033981770277023315,0.04651535336887766,0.28948134514673696,0.041425418108701706,0.05395900120055605,0.04142541810870168,2,True
38-5002_1993-10-21_1994-07-28,38-5002,0,True,1993-10-21,1994-07-28,280,270,0.2355223439461809,0.2709433027742879,0.035420958828107,0.2355223439461809,0.0,0.035420958828107,0.2726709200505326,0.037148576104351703,0.0017276172762447084,0.26056088803478294,0.025038544088602066,0.010382414739504964,0.262996428815208,0.027474084869027138,0.007946873959079892,0.27913634775348717,0.04361400380730629,0.00819304497919926,-0.027227913848907742,3,True
15-1006_1991-02-22_1993-02-02,15-1006,1,True,1991-02-22,1993-02-02,711,720,0.8016920275695723,0.7572995677048956,-0.04439245986467666,0.8016920275695723,0.0,0.04439245986467666,0.856297544511777,0.05460551694220474,0.09899797680688138,0.8582599237270754,0.05656789615750313,0.10096035602217979,0.8185969069309633,0.016904879361391068,0.061297339226067726,0.8198567181535166,0.01816469058394432,0.06255715044862098,0.01816469058394432,0,False
15-1006_1995-03-21_1997-02-20,15-1006,1,True,1995-03-21,1997-02-20,702,690,0.9237711422468663,0.7810091267513563,-0.14276201549551004,0.9237711422468663,0.0,0.14276201549551004,0.9931607804684062,0.06938963822153982,0.21215165371704992,0.9796036251212598,0.05583248287439346,0.1985944983699035,1.0,0.11396438628435135,0.21899087324864375,1.0,0.11609011143445969,0.21899087324864375,0.0762288577531337,2,True
15-1006_2001-09-05_2003-03-13,15-1006,1,True,2001-09-05,2003-03-13,554,540,0.7724333365692031,0.7502371664153076,-0.022196170153895523,0.7724333365692031,0.0,0.022196170153895523,0.8250494607178231,0.0526161241486201,0.07481229430251557,0.8244309981597793,0.05199766159057617,0.0741938317444717,0.8512326290143859,0.0787992924451828,0.10099546259907832,0.8442476426495444,0.07181430608034134,0.09401047623423686,0.07181430608034134,4,True
22-3056_1990-05-31_1992-01-24,22-3056,1,False,1990-05-31,1992-01-24,603,600,0.0,0.008177302678469427,0.008177302678469427,0.0,0.0,0.008177302678469427,0.020565616886988165,0.020565616886988165,0.012388314208518738,0.028432602062821388,0.028432602062821388,0.02025529938435196,0.019260844215750694,0.019260844215750694,0.011083541537281267,0.015194159001111984,0.015194159001111984,0.007016856322642557,-0.0011604463558268704,0,False
22-3056_1992-01-24_1994-01-13,22-3056,1,False,1992-01-24,1994-01-13,720,720,0.008177302678469427,0.0,-0.008177302678469427,0.008177302678469427,0.0,0.008177302678469427,0.03344495603733247,0.025267653358863044,0.03344495603733247,0.030761500721219786,0.02258419804275036,0.030761500721219786,0.014426390541139849,0.006249087862670422,0.014426390541139849,0.020673061621729143,0.012495758943259716,0.020673061621729143,0.012495758943259716,1,False
22-3056_1994-01-13_1995-06-01,22-3056,1,False,1994-01-13,1995-06-01,504,510,0.0,0.07022582605001826,0.07022582605001826,0.0,0.0,0.07022582605001826,0.021782802615868208,0.021782802615868208,0.04844302343415005,0.023055901750922203,0.023055901750922203,0.047169924299096055,0.028532881289720535,0.028532881289720535,0.04169294476029772,0.017532136291265488,0.017532136291265488,0.05269368975875277,-0.017532136291265488,2,True
36-1644_1990-06-06_1990-11-21,36-1644,1,False,1990-06-06,1990-11-21,168,180,0.0677035011398875,0.05912771095773424,-0.008575790182153264,0.0677035011398875,0.0,0.008575790182153264,0.054310499478445906,-0.013393001661441598,0.004817211479288333,0.08396178000152939,0.016258278861641884,0.02483406904379515,0.0869643453556382,0.019260844215750694,0.02783663439790396,0.07539473642141455,0.007691235281527042,0.016267025463680307,0.007691235281527042,0,False
36-1644_1990-11-21_1992-07-07,36-1644,1,False,1990-11-21,1992-07-07,594,600,0.05912771095773424,0.08031500512473676,0.02118729416700252,0.05912771095773424,0.0,0.02118729416700252,0.09611598622969164,0.036988275271957395,0.015800981104954884,0.0994449036314174,0.040317192673683167,0.019129898506680648,0.07363476065239156,0.014507049694657326,0.006680244472345193,0.07687801515003885,0.01775030419230461,0.003436989974697907,-0.01775030419230461,1,False
36-1644_1992-07-07_1993-09-13,36-1644,1,False,1992-07-07,1993-09-13,433,420,0.08031500512473676,0.11562713163402179,0.03531212650928503,0.08031500512473676,0.0,0.03531212650928503,0.10532457489390532,0.02500956976916856,0.010302556740116472,0.10715903723352048,0.026844032108783722,0.008468094400501308,0.08748414749019238,0.0071691423654556274,0.028142984143829403,0.08404702422880027,0.003732019104063511,0.03158010740522152,-0.003732019104063511,2,True
36-1644_1993-09-13_1994-06-29,36-1644,1,False,1993-09-13,1994-06-29,289,300,0.11562713163402179,0.12470740445428138,0.009080272820259597,0.11562713163402179,0.0,0.009080272820259597,0.14748108942401056,0.031853957789988785,0.022773684969729174,0.16013493689205743,0.04450780525803566,0.03542753243777605,0.11932686690669754,0.0036997352726757526,0.005380537547583844,0.13696702124979593,0.021339889615774155,0.012259616795514544,0.0031793439752549474,3,True
36-1644_1994-06-29_1995-07-06,36-1644,1,False,1994-06-29,1995-07-06,372,360,0.12470740445428138,0.1327787720290008,0.008071367574719407,0.12470740445428138,0.0,0.008071367574719407,0.1436033393718535,0.018895934917572115,0.010824567342852698,0.1632440722780729,0.038536667823791504,0.030465300249072097,0.13109613063283806,0.006388726178556681,0.0016826413961627262,0.13315789580815082,0.008450491353869438,0.00037912377915003126,-0.007692243795569376,4,True
36-1644_1995-07-06_1996-05-09,36-1644,1,False,1995-07-06,1996-05-09,308,300,0.1327787720290008,0.18221582117880697,0.04943704914980618,0.1327787720290008,0.0,0.04943704914980618,0.1645782350896386,0.031799463060637786,0.017637586089168378,0.16990548080475953,0.03712670877575874,0.012310340374047435,0.13798094481872347,0.005202172789722681,0.0442348763600835,0.14850821426780847,0.015729442238807678,0.0337076069109985,-0.015729442238807678,5,True
36-1644_1996-11-06_1997-10-16,36-1644,1,False,1996-11-06,1997-10-16,344,330,0.0,0.0,0.0,0.0,0.0,0.0,0.013559907635166013,0.013559907635166013,0.013559907635166013,0.032832060009241104,0.032832060009241104,0.032832060009241104,0.02705676667392254,0.02705676667392254,0.02705676667392254,0.03171312436461449,0.03171312436461449,0.03171312436461449,0.03171312436461449,7,True
36-1644_1999-08-24_2001-08-21,36-1644,1,False,1999-08-24,2001-08-21,728,720,0.0,0.034913639005601245,0.034913639005601245,0.0,0.0,0.034913639005601245,0.03737649655432693,0.03737649655432693,0.002462857548725682,0.043373528867959976,0.043373528867959976,0.008459889862358731,0.040930069983005524,0.040930069983005524,0.006016430977404279,0.04025554284453392,0.04025554284453392,0.005341903838932675,-0.02957173516666857,9,True
36-1644_2001-08-21_2002-11-07,36-1644,1,False,2001-08-21,2002-11-07,443,450,0.034913639005601245,0.03138243861303696,-0.003531200392564285,0.034913639005601245,0.0,0.003531200392564285,0.051068993762077394,0.016155354756476146,0.019686555149040434,0.06556735227662308,0.030653713271021843,0.03418491366358612,0.07087257358092053,0.03595893457531929,0.03949013496788357,0.06621150898593647,0.031297869980335236,0.034829070372899514,0.03129786998033523,10,True
36-1644_2002-11-07_2004-04-13,36-1644,1,False,2002-11-07,2004-04-13,523,510,0.03138243861303696,0.14942592928141415,0.11804349066837719,0.03138243861303696,0.0,0.11804349066837719,0.06322292467613205,0.031840486063095086,0.0862030046052821,0.06854034296975503,0.03715790435671806,0.08088558631165912,0.07154371298656831,0.04016127437353134,0.07788221629484585,0.0745385856162108,0.04315614700317383,0.07488734366520336,-0.04315614700317383,11,True
36-4017_1990-06-09_1991-07-31,36-4017,1,True,1990-06-09,1991-07-31,417,420,0.5585425243774252,0.6659924133636502,0.10744988898622498,0.5585425243774252,0.0,0.10744988898622498,0.607647376386065,0.04910485200863981,0.058345036977585196,0.6271944017210799,0.06865187734365463,0.03879801164257035,0.5763695788631039,0.017827054485678673,0.08962283450054631,0.5663682538145977,0.007825729437172413,0.09962415954905257,-0.007825729437172413,0,False
36-4017_1991-07-31_1992-11-03,36-4017,1,True,1991-07-31,1992-11-03,461,450,0.6659924133636502,0.5398775551205536,-0.12611485824309665,0.6659924133636502,0.0,0.12611485824309665,0.7331070679808124,0.06711465461716218,0.1932295128602588,0.7449683218218831,0.07897590845823288,0.20509076670132953,0.7091887860514668,0.04319637268781662,0.16931123093091327,0.7123878902711419,0.046395476907491684,0.17251033515058833,0.046395476907491684,1,False
36-4017_1992-11-03_1993-08-03,36-4017,1,True,1992-11-03,1993-08-03,273,270,0.5398775551205536,0.6226089192796459,0.08273136415909232,0.5398775551205536,0.0,0.08273136415909232,0.5870793148857478,0.04720175976519431,0.03552960439389807,0.5795021790748497,0.03962462395429611,0.04310674020479621,0.6263076130038162,0.08643005788326263,0.00369869372417031,0.6098612460976501,0.06998369097709656,0.012747673181995767,-0.06998369097709656,2,True
36-4017_1993-08-03_1994-06-01,36-4017,1,True,1993-08-03,1994-06-01,302,300,0.6226089192796459,0.5878012153777944,-0.034807703901851506,0.6226089192796459,0.0,0.034807703901851506,0.69056990655208,0.06796098727243406,0.10276869117428555,0.6973285047579517,0.07471958547830582,0.10952728938015732,0.6520673116911163,0.029458392411470413,0.06426609631332192,0.6580663962531795,0.03545747697353363,0.07026518087538514,0.03545747697353363,3,True
36-4017_1998-06-01_1999-04-30,36-4017,1,True,1998-06-01,1999-04-30,333,330,0.8269149755085982,0.8970348059197345,0.07011983041113634,0.8269149755085982,0.0,0.07011983041113634,0.8944460684343079,0.06753109292570975,0.002588737485426651,0.910396376713661,0.08348140120506287,0.013361570793926525,0.9362510909284628,0.10933611541986465,0.03921628500872831,0.9402057697023428,0.11329079419374466,0.04317096378260832,-0.026948866628528023,5,True
38-3006_1991-07-19_1992-08-30,38-3006,1,True,1991-07-19,1992-08-30,408,420,0.00010593510374996917,0.08838637219499675,0.08828043709124678,0.00010593510374996917,0.0,0.08828043709124678,0.02196163638808791,0.02185570128433794,0.06642473580690883,0.05193935609564755,0.05183342099189758,0.036447016099349194,0.019366779319500663,0.019260844215750694,0.06901959287549608,0.011326381891524531,0.011220446787774563,0.07705999030347221,-0.011220446787774563,0,False
38-3006_1992-08-30_1993-06-11,38-3006,1,True,1992-08-30,1993-06-11,285,300,0.08838637219499675,0.002628260013880717,-0.08575811218111602,0.08838637219499675,0.0,0.08575811218111602,0.12816743291112348,0.03978106071612672,0.12553917289724276,0.14207927928995218,0.053692907094955444,0.13945101927607145,0.093458459244481,0.005072087049484253,0.09083019923060028,0.11611659684907523,0.027730224654078484,0.1134883368351945,0.027730224654078484,1,False
02-1002_1990-06-02_1991-08-22,02-1002,2,True,1990-06-02,1991-08-22,446,450,0.45035115538830706,0.3791806769485151,-0.07117047843979196,0.45035115538830706,0.0,0.07117047843979196,0.4948483186344451,0.04449716324613809,0.11566764168593002,0.4895351147531981,0.03918395936489105,0.11035443780468301,0.4738525832324738,0.023501427844166756,0.09467190628395872,0.4788784785449023,0.02852732315659523,0.09969780159638719,0.02852732315659523,0,False
02-1002_1993-08-25_1995-06-14,02-1002,2,True,1993-08-25,1995-06-14,658,660,0.37324975951074946,0.5472221188902047,0.1739723593794552,0.37324975951074946,0.0,0.1739723593794552,0.4314835301741697,0.058233770663420226,0.11573858871603498,0.4240580551183163,0.050808295607566833,0.12316406377188838,0.4165063701426922,0.04325661063194275,0.13071574874751246,0.4244165286278664,0.05116676911711693,0.12280559026233828,-0.05116676911711693,2,True
02-1002_2001-07-14_2003-06-13,02-1002,2,True,2001-07-14,2003-06-13,699,690,0.2719306667450473,0.3050446809753208,0.03311401423027349,0.2719306667450473,0.0,0.03311401423027349,0.32623925885095084,0.054308592105903566,0.02119457787563006,0.3031325602087781,0.031201893463730812,0.0019121207665426798,0.36876902926002,0.09683836251497269,0.0637243482846992,0.36732940572534056,0.09539873898029327,0.06228472475001978,0.02917071051974629,4,True
02-1002_2003-06-13_2005-05-04,02-1002,2,True,2003-06-13,2005-05-04,691,690,0.3050446809753208,0.6159214603150337,0.3108767793397129,0.3050446809753208,0.0,0.3108767793397129,0.35962823080836986,0.0545835498330491,0.25629322950666383,0.34338384880864903,0.03833916783332825,0.27253761150638467,0.3996564374789028,0.094611756503582,0.21626502283613092,0.39924745275819584,0.09420277178287506,0.21667400755683786,-0.09420277178287506,5,True
15-1003_1991-02-21_1993-02-03,15-1003,2,False,1991-02-21,1993-02-03,713,720,0.8526623029903112,0.8160885088314749,-0.036573794158836326,0.8526623029903112,0.0,0.036573794158836326,0.8694636484549689,0.01680134546465774,0.05337513962349405,0.864728151325935,0.012065848335623741,0.04863964249446007,0.8675011410087882,0.014838838018476963,0.05141263217731329,0.8648736909673153,0.012211387977004051,0.04878518213584038,0.012211387977004051,0,False
15-1003_1995-03-23_1997-02-20,15-1003,2,False,1995-03-23,1997-02-20,700,690,0.7978016705665764,0.8576046946492766,0.05980302408270022,0.7978016705665764,0.0,0.05980302408270022,0.8109685012340954,0.013166830667518972,0.046636193415181215,0.7960132772050824,-0.0017883933614939451,0.06159141744419416,0.8028501034196492,0.005048432853072882,0.054754591229627336,0.8037529508065459,0.005951280239969492,0.053851743842730726,-0.005951280239969492,2,True
15-1003_2001-09-06_2003-03-14,15-1003,2,False,2001-09-06,2003-03-14,554,540,0.8452486561931043,0.8274560220030862,-0.017792634190018086,0.8452486561931043,0.0,0.017792634190018086,0.8557126966203772,0.010464040427272926,0.028256674617290978,0.8438084692082672,-0.0014401869848370552,0.01635244720518103,0.8608157549373179,0.015567098744213581,0.03335973293423167,0.8545046856946616,0.00925602950155735,0.027048663691575436,0.00925602950155735,4,True
22-4001_1990-06-01_1991-12-12,22-4001,2,False,1990-06-01,1991-12-12,559,570,0.4740746482015711,0.5630378201401403,0.08896317193856917,0.4740746482015711,0.0,0.08896317193856917,0.49440205208937055,0.02032740388779947,0.06863576805076971,0.48471477206061897,0.01064012385904789,0.07832304807952128,0.49757607604573784,0.023501427844166756,0.06546174409440242,0.4936229898334604,0.019548341631889343,0.06941483030667983,-0.019548341631889343,0,False
22-4001_1993-12-17_1995-06-02,22-4001,2,False,1993-12-17,1995-06-02,532,540,0.5847843800133218,0.7058730399091243,0.12108865989580253,0.5847843800133218,0.0,0.12108865989580253,0.6146667560182184,0.02988237600489666,0.0912062838909059,0.6031547829901923,0.018370402976870537,0.102718256918932,0.6359649885838975,0.051180608570575714,0.06990805132522682,0.6263032060509671,0.04151882603764534,0.07956983385815719,-0.04151882603764534,2,True
38-2001_1990-11-30_1991-07-20,38-2001,2,False,1990-11-30,1991-07-20,232,240,0.5966460967655741,0.5941749009360916,-0.00247119582948252,0.5966460967655741,0.0,0.00247119582948252,0.6413411278395486,0.04469503107397446,0.047166226903456954,0.6602243298883997,0.06357823312282562,0.06604942895230814,0.6226447599227988,0.025998663157224655,0.028469858986707175,0.6351989696021639,0.03855287283658981,0.04102406866607233,0.03855287283658981,0,False
38-2001_1991-07-20_1992-08-31,38-2001,2,False,1991-07-20,1992-08-31,408,420,0.5941749009360916,0.67226482209821,0.07808992116211844,0.5941749009360916,0.0,0.07808992116211844,0.6370852232909491,0.04291032235485745,0.03517959880726096,0.6375677454342491,0.0433928444981575,0.034697076663960935,0.6083440584187753,0.014169157482683659,0.06392076367943478,0.6076326145847685,0.013457713648676872,0.06463220751344156,-0.013457713648676872,1,False
38-2001_1992-08-31_1993-06-10,38-2001,2,False,1992-08-31,1993-06-10,283,270,0.67226482209821,0.6351968243587327,-0.03706799773947733,0.67226482209821,0.0,0.03706799773947733,0.7296744425568018,0.05740962045859182,0.0944776181980691,0.7274692210282828,0.055204398930072784,0.09227239666955012,0.6509416683491017,-0.021323153749108315,0.015744843990369017,0.6622971494596149,-0.009967672638595104,0.027100325100882228,-0.009967672638595104,2,True
38-2001_1993-06-10_1994-08-17,38-2001,2,False,1993-06-10,1994-08-17,433,420,0.6351968243587327,0.806697928599946,0.17150110424121334,0.6351968243587327,0.0,0.17150110424121334,0.6816045936620934,0.0464077693033607,0.12509333493785268,0.693336696164639,0.058139871805906296,0.11336123243530705,0.6614384211469007,0.026241596788167953,0.1452595074530454,0.6589412845540357,0.023744460195302963,0.14775664404591038,-0.023744460195302963,3,True
38-2001_1997-05-01_1998-06-26,38-2001,2,False,1997-05-01,1998-06-26,421,420,0.4182256081223145,0.6050481512183028,0.18682254309598828,0.4182256081223145,0.0,0.18682254309598828,0.4528975563077623,0.03467194818544776,0.1521505949105405,0.4539927424013272,0.03576713427901268,0.1510554088169756,0.5187693827867166,0.10054377466440201,0.08627876843158622,0.5119394728064195,0.09371386468410492,0.0931086784118833,-0.09371386468410497,5,True
44-7401_1989-10-25_1991-07-24,44-7401,2,False,1989-10-25,1991-07-24,637,630,0.16072673184689518,0.14886495578588363,-0.011861776061011547,0.16072673184689518,0.0,0.011861776061011547,0.19688072555597103,0.036153993709075856,0.048015769770087396,0.16950933003690477,0.008782598190009594,0.02064437425102114,0.18709915896769996,0.026372427120804787,0.038234203181816334,0.18329571766671177,0.02256898581981659,0.03443076188082814,0.02256898581981659,0,False
44-7401_1991-07-24_1992-09-01,44-7401,2,False,1991-07-24,1992-09-01,405,420,0.14886495578588363,0.1528188809748076,0.003953925188923985,0.14886495578588363,0.0,0.003953925188923985,0.17440037096494576,0.025535415179062125,0.021581489990138147,0.1627004008323085,0.013835445046424866,0.009881519857500881,0.15917757447363254,0.010312618687748909,0.006358693498824924,0.15615763529689428,0.007292679511010647,0.0033387543220866622,-0.0006151708668373224,1,False
44-7401_1992-09-01_1993-09-23,44-7401,2,False,1992-09-01,1993-09-23,387,390,0.1528188809748076,0.1622094612063366,0.009390580231529,0.1528188809748076,0.0,0.009390580231529,0.17782340315875422,0.025004522183946623,0.01561394195241761,0.16279727965549456,0.00997839868068695,0.0005878184491579508,0.1733604222531699,0.020541541278362274,0.011150961046833274,0.17111883871213424,0.018299957737326622,0.008909377505797622,-0.0004812027257313778,2,True
44-7401_1993-09-23_1994-09-09,44-7401,2,False,1993-09-23,1994-09-09,351,360,0.1622094612063366,0.16369219007153835,0.0014827288652017323,0.1622094612063366,0.0,0.0014827288652017323,0.1886566233931598,0.02644716218682319,0.02496443332162146,0.1790314454080063,0.016821984201669693,0.01533925533646796,0.18364991503371775,0.021440453827381134,0.0199577249621794,0.17970667290105402,0.017497211694717407,0.016014482829515675,0.014531753964313943,3,True
44-7401_1994-09-09_1995-06-16,44-7401,2,False,1994-09-09,1995-06-16,280,270,0.16369219007153835,0.15578433969369038,-0.00790785037784797,0.16369219007153835,0.0,0.00790785037784797,0.191688379106489,0.027996189034950665,0.03590403941279863,0.169904360307351,0.006212170235812664,0.014120020613660633,0.18513264389891948,0.021440453827381134,0.029348304205229103,0.18118940176625575,0.017497211694717407,0.025405062072565376,0.017497211694717407,4,True
44-7401_1997-08-23_1998-06-10,44-7401,2,False,1997-08-23,1998-06-10,291,300,0.17505970324314976,0.1711057780542258,-0.003953925188923957,0.17505970324314976,0.0,0.003953925188923957,0.20473685577991296,0.029677152536763198,0.03363107772568716,0.1841089195284977,0.009049216285347939,0.013003141474271895,0.21985809604562664,0.04479839280247688,0.04875231799140084,0.21055427293218518,0.035494569689035416,0.03944849487795937,0.035494569689035416,6,True
44-7401_2001-08-14_2002-02-22,44-7401,2,False,2001-08-14,2002-02-22,192,180,0.16962304869478437,0.1706115151648256,0.0009884664700412216,0.16962304869478437,0.0,0.0009884664700412216,0.1860626234256992,0.01643957473091483,0.01545110826087362,0.18689123885517808,0.017268190160393715,0.016279723690352493,0.21367684537356588,0.04405379667878151,0.04306533020874029,0.20575050795262548,0.03612745925784111,0.03513899278779989,0.03415052631775867,8,True
44-7401_2002-02-22_2002-05-08,44-7401,2,False,2002-02-22,2002-05-08,75,90,0.1706115151648256,0.16764605694018242,-0.0029654582246431693,0.1706115151648256,0.0,0.0029654582246431693,0.18619126886285842,0.015579753698032838,0.018545211922675997,0.18452328302756277,0.013911767862737179,0.016877226087380348,0.20225039449379173,0.03163887932896614,0.03460433755360931,0.1937790377889606,0.023167522624135017,0.026132980848778187,0.023167522624135017,9,True
44-7401_2002-11-12_2004-08-12,44-7401,2,False,2002-11-12,2004-08-12,639,630,0.18346175769587836,0.18000209539635456,-0.003459662299523797,0.18346175769587836,0.0,0.003459662299523797,0.23150870985921979,0.04804695216334144,0.051506614462865224,0.19793139802535853,0.014469640329480171,0.017929302629003968,0.1931022725464948,0.009640514850616455,0.013100177150140252,0.18964214422052583,0.006180386524647474,0.009640048824171271,0.006180386524647474,11,True
02-1008_1990-05-25_1991-08-29,02-1008,3,False,1990-05-25,1991-08-29,461,450,0.0177130861426878,0.05483321481448087,0.03712012867179307,0.0177130861426878,0.0,0.03712012867179307,0.04780988542771952,0.030096799285031724,0.007023329386761347,0.04977810322142004,0.03206501707873224,0.005055111593060831,0.03237189099299766,0.014658804850309862,0.022461323821483213,0.040797108818588126,0.023084022675900324,0.014036105995892743,-0.023084022675900324,0,False
02-1008_1997-08-28_1999-06-16,02-1008,3,False,1997-08-28,1999-06-16,657,660,0.1583512377548779,0.2686659064179372,0.1103146686630593,0.1583512377548779,0.0,0.1103146686630593,0.1375093151093215,-0.020841922645556392,0.1311565913086157,0.06111884583861657,-0.09723239191626132,0.20754706057932062,0.1897987960648755,0.03144755830999762,0.07886711035306168,0.20795791200049585,0.04960667424561796,0.06070799441744135,-0.04960667424561796,2,True
02-9035_1997-08-26_1999-06-18,02-9035,3,False,1997-08-26,1999-06-18,661,660,0.18187810635045146,0.29010146578529167,0.10822335943484021,0.18187810635045146,0.0,0.10822335943484021,0.16714895018091122,-0.014729156169540241,0.12295251560438045,0.2278541937453365,0.045976087394885054,0.06224727203995517,0.20289647946553785,0.021018373115086378,0.08720498631975382,0.21497688940635193,0.03309878305590047,0.07512457637893974,-0.03309878305590047,0,False
02-9035_2001-07-16_2003-06-19,02-9035,3,False,2001-07-16,2003-06-19,703,690,0.2833048828008397,0.3000350439811775,0.016730161180337766,0.2833048828008397,0.0,0.016730161180337766,0.2727554869708803,-0.010549395829959373,0.027279557010297162,0.34107483142638795,0.05776994862554826,0.041039787445210474,0.3126468147662789,0.029341931965439227,0.01261177078510145,0.3090204416115462,0.0257155588107065,0.008985397630368708,-0.007744763549969058,2,True
02-9035_2003-06-19_2005-05-09,02-9035,3,False,2003-06-19,2005-05-09,690,690,0.3000350439811775,0.5185731342944689,0.21853809031329147,0.3000350439811775,0.0,0.21853809031329147,0.28272471987191106,-0.017310324109266424,0.23584841442255788,0.3718560927451654,0.07182104876398795,0.14671704154930354,0.3652269840968848,0.06519194011570736,0.15334615019758413,0.3478710713933766,0.04783602741219914,0.17070206290109236,-0.04783602741219911,3,True
15-7080_1991-02-25_1993-02-17,15-7080,3,False,1991-02-25,1993-02-17,723,720,0.3831631930146162,0.37113836832872166,-0.012024824685894553,0.3831631930146162,0.0,0.012024824685894553,0.48877821649219666,0.10561502347758042,0.117639848163475,0.443190357783128,0.060027164768511755,0.07205198945440633,0.4061530322917833,0.022989839277167096,0.03501466396306163,0.4193665517883167,0.03620335877370051,0.048228183459595064,0.03620335877370051,0,False
15-7080_1995-03-28_1997-02-11,15-7080,3,False,1995-03-28,1997-02-11,686,690,0.34499740972871357,0.3768893280681693,0.03189191833945576,0.34499740972871357,0.0,0.03189191833945576,0.40914292810702607,0.0641455183783125,0.032253600038856745,0.40195264490326277,0.05695523517454919,0.02506331683509344,0.38386096970063976,0.038863559971926226,0.006971641632470438,0.3863690916314828,0.04137168190276925,0.009479763563313481,-0.02241215477614228,2,True
15-7080_2001-09-10_2003-03-05,15-7080,3,False,2001-09-10,2003-03-05,541,540,0.32722162582618985,0.34447462947531665,0.017253003649126797,0.32722162582618985,0.0,0.017253003649126797,0.3909717575477676,0.06375013172157774,0.04649712807245093,0.37394899117945885,0.046727365353269004,0.029474361704142193,0.36248314748137633,0.035261521655186485,0.01800851800605968,0.3677764153222618,0.040554789496071934,0.023301785846945144,0.006048782197818348,4,True
36-1643_1990-06-08_1990-11-21,36-1643,3,False,1990-06-08,1990-11-21,166,180,0.3042175996994053,0.25873239096026174,-0.04548520873914358,0.3042175996994053,0.0,0.04548520873914358,0.31938762027398093,0.015170020574575631,0.060655229313719194,0.3188254516787478,0.014607851979342492,0.06009306071848608,0.3094960413591698,0.005278441659764506,0.05076365039890807,0.31252985081480544,0.008312251115400118,0.053797459854543705,0.008312251115400127,0,False
36-1643_1990-11-21_1991-04-19,36-1643,3,False,1990-11-21,1991-04-19,149,150,0.25873239096026174,0.35022558921476427,0.09149319825450253,0.25873239096026174,0.0,0.09149319825450253,0.2867544695471975,0.0280220785869358,0.06347111966756674,0.26781020894722135,0.00907781798695963,0.08241538026754291,0.27459743615256704,0.015865045192305312,0.07562815306219722,0.286104311845182,0.02737192088492026,0.06412127736958229,-0.027371920884920242,1,False
36-1643_1992-07-09_1993-09-14,36-1643,3,False,1992-07-09,1993-09-14,432,420,0.5238013132577012,0.7020823737950813,0.17828106053738013,0.5238013132577012,0.0,0.17828106053738013,0.6133613882165138,0.0895600749588126,0.08872098557856756,0.5363354918828432,0.01253417862514206,0.16574688191223808,0.43009292733585475,-0.09370838592184642,0.27198944645922657,0.4531447590923839,-0.0706565541653173,0.24893761470269743,0.0706565541653173,3,True
36-1643_1993-09-14_1994-06-28,36-1643,3,False,1993-09-14,1994-06-28,287,300,0.7020823737950813,0.9509439784266087,0.2488616046315274,0.7020823737950813,0.0,0.2488616046315274,0.7687943717149247,0.06671199791984336,0.182149606711684,0.7109179208014522,0.008835547006370922,0.2400260576251565,0.5985292932118261,-0.10355308058325514,0.3524146852147826,0.6525588610891145,-0.049523512705966756,0.2983851173374942,0.04952351270596678,4,True
36-1643_1994-06-28_1995-07-05,36-1643,3,False,1994-06-28,1995-07-05,372,360,0.9509439784266087,1.0,0.049056021573391284,0.9509439784266087,0.0,0.049056021573391284,1.0,0.07090479932364312,0.0,0.9670438783114652,0.016099899884856456,0.03295612168853479,0.9692822095784519,0.01833823115184322,0.030717790421548097,0.9169888294565316,-0.03395514897007717,0.0830111705434684,0.03395514897007712,5,True
36-1643_1996-11-07_1997-10-16,36-1643,3,False,1996-11-07,1997-10-16,343,330,0.0213728302384134,0.11391171447613055,0.09253888423771715,0.0213728302384134,0.0,0.09253888423771715,0.06465785724971584,0.04328502701130245,0.049253857226414705,0.03775737237467589,0.016384542136262493,0.07615434210145466,0.15429559968798814,0.13292276944957473,0.040383885211857595,0.13135678066339104,0.10998395042497763,0.017445066187260494,-0.07509381805045666,7,True
36-1643_1997-10-16_1999-08-24,36-1643,3,False,1997-10-16,1999-08-24,677,690,0.11391171447613055,0.1369156783875233,0.023003963911392755,0.11391171447613055,0.0,0.023003963911392755,0.14593408028072324,0.03202236580459269,0.00901840189319994,0.14625088364887023,0.03233916917273967,0.00933520526134693,0.30109226511633597,0.18718055064020542,0.16417658672881266,0.10822910151558818,-0.005682612960542374,0.028686576871935127,0.005682612960542371,8,True
36-1643_2002-11-08_2004-04-22,36-1643,3,False,2002-11-08,2004-04-22,531,540,0.1363928976113079,0.14737203631398776,0.010979138702679858,0.1363928976113079,0.0,0.010979138702679858,0.16800437234633575,0.03161147473502784,0.020632336032347987,0.1619162525627914,0.02552335495148351,0.014544216248803643,0.22449868864741634,0.08810579103610844,0.07712665233342858,0.18953318574984437,0.05314028813853646,0.04216114943585661,0.03118201073317675,10,True
38-3005_1989-10-24_1990-11-30,38-3005,3,False,1989-10-24,1990-11-30,402,390,0.2885330622868903,0.29637533073173855,0.007842268444848255,0.2885330622868903,0.0,0.007842268444848255,0.269647507461998,-0.01888555482489229,0.026727823269740547,0.3249731344664653,0.03644007217957499,0.028597803734726757,0.30131579449909107,0.012782732212200793,0.004940463767352521,0.3086627306506906,0.020129668363800285,0.012287399918952058,0.004445131474103803,0,False
38-3005_1991-07-19_1992-08-31,38-3005,3,False,1991-07-19,1992-08-31,409,420,0.0,0.17089890543237968,0.17089890543237968,0.0,0.0,0.17089890543237968,0.0,-0.013775637856303447,0.17089890543237968,0.02812837801674798,0.02812837801674798,0.1427705274156317,0.043241059174283086,0.043241059174283086,0.1276578462580966,0.08924747853553272,0.08924747853553272,0.08165142689684696,-0.08924747853553272,2,True
38-3005_1992-08-31_1993-06-11,38-3005,3,False,1992-08-31,1993-06-11,284,270,0.17089890543237968,0.1520774350238229,-0.01882147040855678,0.17089890543237968,0.0,0.01882147040855678,0.14224211507271917,-0.02865679035966051,0.009835319951103733,0.12886846509110386,-0.04203044034127582,0.023208969932719037,0.11420789880063945,-0.05669100663174023,0.03786953622318345,0.13379268470528555,-0.037106220727094144,0.01828475031853735,-0.0005367200900194269,3,True
38-3005_1993-06-11_1994-08-17,38-3005,3,False,1993-06-11,1994-08-17,432,420,0.1520774350238229,0.21324718169829984,0.061169746674476944,0.1520774350238229,0.0,0.061169746674476944,0.13115308205660509,-0.02092435296721782,0.08209409964169476,0.18212534690671298,0.030047911882890077,0.031121834791586866,0.21351246867712917,0.06143503365330628,0.0002652869788293266,0.18841821681923845,0.03634078179541555,0.024828964879061388,-0.036340781795415555,4,True
38-3005_1998-06-26_1999-05-14,38-3005,3,False,1998-06-26,1999-05-14,322,330,0.23050018587024496,0.36800143585549827,0.13750124998525332,0.23050018587024496,0.0,0.13750124998525332,0.17498359821961348,-0.05551658765063148,0.1930178376358848,0.252897009079251,0.02239682320900603,0.11510442677624727,0.2767430088900625,0.046242823019817546,0.09125842696543579,0.26040358465999086,0.02990339878974591,0.10759785119550741,-0.029903398789745905,6,True
38-3005_1999-05-14_2000-07-23,38-3005,3,False,1999-05-14,2000-07-23,436,450,0.36800143585549827,0.40773562263980223,0.03973418678430396,0.36800143585549827,0.0,0.03973418678430396,0.27832921590703064,-0.08967221994846762,0.1294064067327716,0.40718263673089217,0.03918120087539391,0.0005529859089100642,0.29707188176905197,-0.07092955408644627,0.11066374087075026,0.3160664922222588,-0.05193494363323946,0.09166913041754343,0.05193494363323947,7,True
38-3005_2000-07-23_2001-10-09,38-3005,3,False,2000-07-23,2001-10-09,443,450,0.40773562263980223,0.5488965858744945,0.1411609632346923,0.40773562263980223,0.0,0.1411609632346923,0.35360395253024696,-0.054131670109555295,0.19529263334424757,0.44754587949255337,0.03981025685275115,0.10135070638194116,0.44332218665927764,0.03558656401947539,0.10557439921521689,0.44491992905190114,0.03718430641209892,0.10397665682259338,-0.03718430641209891,8,True
02-1001_1990-05-28_1991-08-21,02-1001,4,False,1990-05-28,1991-08-21,450,450,0.21814180490068197,0.24043154035480652,0.02228973545412455,0.21814180490068197,0.0,0.02228973545412455,0.2752875135006889,0.057145708600006964,0.0348559731458824,0.2428197893171668,0.024677984416484833,0.0023882489623602843,0.2374951871900916,0.019353382289409637,0.002936353164714911,0.2334960563897252,0.015354251489043236,0.006935483965081313,-0.015354251489043236,0,False
02-1001_1997-08-22_1999-06-24,02-1001,4,False,1997-08-22,1999-06-24,671,660,0.30977725993806104,0.36475848531006777,0.054981225372006726,0.30977725993806104,0.0,0.054981225372006726,0.39912898722703205,0.08935172728897102,0.03437050191696428,0.39475730072671156,0.08498004078865051,0.029998815416643787,0.36559267353230696,0.05581541359424591,0.000834188222239185,0.38941022019797544,0.0796329602599144,0.024651734887907673,-0.030329490484099053,2,True
02-1001_2001-07-14_2003-06-16,02-1001,4,False,2001-07-14,2003-06-16,702,690,0.378132338668512,0.4152817998491581,0.037149461180646104,0.378132338668512,0.0,0.037149461180646104,0.46880402855314646,0.09067168988463446,0.05352222870398837,0.4631123794571625,0.08498004078865051,0.04783057960800441,0.46791994109313356,0.08978760242462158,0.05263814124397548,0.4820047123686539,0.1038723737001419,0.0667229125194958,0.0295734513388497,4,True
02-1001_2003-06-16_2005-05-05,02-1001,4,False,2003-06-16,2005-05-05,689,690,0.4152817998491581,0.43757153530328263,0.02228973545412455,0.4152817998491581,0.0,0.02228973545412455,0.5129493827711407,0.09766758292198259,0.07537784746785803,0.4906822491847332,0.0754004493355751,0.053110713881450555,0.5102979887687022,0.09501618891954422,0.07272645346541962,0.5303588632904346,0.11507706344127655,0.09278732798715195,0.0704975925330274,5,True
02-6010_1990-05-29_1991-08-28,02-6010,4,False,1990-05-29,1991-08-28,456,450,0.14285218323804544,0.15870260826591143,0.01585042502786599,0.14285218323804544,0.0,0.01585042502786599,0.18145200313120813,0.0385998198931627,0.0227493948652967,0.1963994799111049,0.053547296673059464,0.037696871645193475,0.16220556552745508,0.019353382289409637,0.003502957261543649,0.16392240095175908,0.021070217713713646,0.005219792685847657,-0.010630632342018331,0,False
02-6010_1991-08-28_1993-08-24,02-6010,4,False,1991-08-28,1993-08-24,727,720,0.15870260826591143,0.13988020272642054,-0.018822405539490883,0.15870260826591143,0.0,0.018822405539490883,0.23055330995344928,0.07185070168753785,0.09067310722702873,0.2372837402606357,0.07858113199472427,0.09740353753421516,0.17077044683787712,0.012067838571965694,0.030890244111456577,0.19819835580233225,0.03949574753642082,0.058318153075911705,0.03949574753642082,1,False
02-6010_1993-08-24_1995-06-12,02-6010,4,False,1993-08-24,1995-06-12,657,660,0.13988020272642054,0.17802036320841105,0.03814016048199051,0.13988020272642054,0.0,0.03814016048199051,0.2078994963964872,0.06801929367006665,0.02987913318807614,0.22029182316451945,0.08041162043809891,0.0422714599561084,0.1772968247690765,0.037416622042655945,0.0007235384393345645,0.19584899024754443,0.055968787521123886,0.017828627039133377,-0.020311533442857133,2,True
36-1008_1990-06-05_1991-07-30,36-1008,4,True,1990-06-05,1991-07-30,420,420,0.21417924297544783,0.18495496458913768,-0.029224278386310143,0.21417924297544783,0.0,0.029224278386310143,0.24174024617711706,0.027561003201669237,0.05678528158797938,0.23482737598512,0.020648133009672165,0.04987241139598231,0.23353262526485746,0.019353382289409637,0.04857766067571978,0.23227086012754267,0.01809161715209484,0.047315895538404984,0.01809161715209484,0,False
36-1008_1991-07-30_1992-10-23,36-1008,4,True,1991-07-30,1992-10-23,451,450,0.18495496458913768,0.09827280049793434,-0.08668216409120334,0.18495496458913768,0.0,0.08668216409120334,0.22452526405737908,0.03957029946824139,0.12625246355944475,0.2231719242742249,0.038216959685087204,0.12489912377629055,0.21113346054758514,0.026178495958447456,0.1128606600496508,0.2071131253948399,0.02215816080570221,0.10884032489690555,0.02215816080570221,1,False
36-1008_1992-10-23_1993-07-29,36-1008,4,True,1992-10-23,1993-07-29,279,270,0.09827280049793434,0.18495496458913768,0.08668216409120334,0.09827280049793434,0.0,0.08668216409120334,0.132357645039928,0.034084844541993654,0.05259731954920968,0.11149993823491049,0.013227137736976147,0.0734550263542272,0.15720783551804735,0.05893503502011299,0.027747129071090337,0.1459774599003048,0.04770465940237045,0.038977504688832876,-0.04770465940237047,2,True
36-1008_1993-07-29_1994-09-07,36-1008,4,True,1993-07-29,1994-09-07,405,420,0.18495496458913768,0.12204843803973324,-0.06290652654940444,0.18495496458913768,0.0,0.06290652654940444,0.22566902927097862,0.04071406468184094,0.10362059123124538,0.22400036923195804,0.03904540464282036,0.1019519311922248,0.16308572239782299,-0.021869242191314697,0.041037284358089746,0.17063662692512954,-0.01431833766400814,0.0485881888853963,-0.01431833766400814,3,True
36-1008_1994-09-07_1995-06-13,36-1008,4,True,1994-09-07,1995-06-13,279,270,0.12204843803973324,0.11164662413678145,-0.010401813902951793,0.12204843803973324,0.0,0.010401813902951793,0.14469159038131635,0.022643152341583123,0.0330449662445349,0.13113393306465276,0.00908549502491951,0.019487308927871316,0.17123244002194532,0.04918400198221207,0.05958581588516387,0.16906097575755247,0.047012537717819214,0.05741435162077102,0.04701253771781923,4,True
36-1008_1999-08-26_2000-04-20,36-1008,4,True,1999-08-26,2000-04-20,238,240,0.22259977566811923,0.2825342627620313,0.05993448709391208,0.22259977566811923,0.0,0.05993448709391208,0.24940679426162377,0.026807018593504525,0.03312746850040754,0.21613578651834014,-0.006463989149779081,0.06639847624369116,0.23833739119384173,0.015737615525722504,0.04419687156818958,0.23386471918586377,0.011264943517744541,0.04866954357616754,-0.011264943517744541,6,True
36-1011_1990-06-05_1991-07-30,36-1011,4,False,1990-06-05,1991-07-30,420,420,0.14483346444832584,0.18445961518612872,0.03962615073780287,0.14483346444832584,0.0,0.03962615073780287,0.16795991806812077,0.023126453619794943,0.016499697118007944,0.1838788690911462,0.03904540464282036,0.000580746094982515,0.16418684673773548,0.019353382289409637,0.020272768448393236,0.16292508160042068,0.01809161715209484,0.021534533585708032,-0.01809161715209484,0,False
36-1011_1991-07-30_1992-01-27,36-1011,4,False,1991-07-30,1992-01-27,181,180,0.18445961518612872,0.17851571310674658,-0.005943902079382141,0.18445961518612872,0.0,0.005943902079382141,0.1927729213196234,0.008313306133494677,0.01425720821287682,0.18151080856499444,-0.002948806621134281,0.0029950954582478595,0.1639993075880147,-0.020460307598114014,0.014516405518731873,0.15783389626470576,-0.02662571892142296,0.020681816842040818,0.014737914762658677,1,False
36-1011_1992-01-27_1992-06-16,36-1011,4,False,1992-01-27,1992-06-16,141,150,0.17851571310674658,0.14780544495995063,-0.03071026814679595,0.17851571310674658,0.0,0.03071026814679595,0.19457757443284934,0.016061861326102777,0.046772129472898716,0.18151470544179787,0.002998992335051298,0.03370926048184725,0.2050223792008113,0.026506666094064713,0.05721693424086066,0.1955532053521823,0.017037492245435715,0.047747760392231664,0.017037492245435715,2,True
36-1011_1992-06-16_1992-10-23,36-1011,4,False,1992-06-16,1992-10-23,129,120,0.14780544495995063,0.19634747779343387,0.04854203283348324,0.14780544495995063,0.0,0.04854203283348324,0.12690282907901645,-0.02090261588093416,0.06944464871441741,0.14727558621059078,-0.0005298587493598461,0.049071891582843086,0.17175352393503207,0.023948078975081444,0.024593953858401796,0.16211358836705703,0.0143081434071064,0.03423388942637684,-0.0143081434071064,3,True
36-1011_1992-10-23_1993-07-30,36-1011,4,False,1992-10-23,1993-07-30,280,270,0.19634747779343387,0.20724464109939464,0.010897163305960772,0.19634747779343387,0.0,0.010897163305960772,0.22510054164094134,0.028753063847507476,0.017855900541546704,0.19442023587759694,-0.0019272419158369303,0.012824405221797702,0.16123165091846248,-0.03511582687497139,0.04601299018093216,0.1639089127478387,-0.03243856504559517,0.04333572835155594,0.03243856504559517,4,True
36-1011_1994-09-07_1995-06-13,36-1011,4,False,1994-09-07,1995-06-13,279,270,0.048740127306974176,0.02001116909940244,-0.028728958207571736,0.048740127306974176,0.0,0.028728958207571736,0.06551528267537605,0.016775155368401875,0.045504113575973615,0.06411612145284439,0.015375994145870209,0.044104952353441945,0.09220966808179641,0.043469540774822235,0.07219849898239397,0.09062094725350166,0.04188081994652748,0.07060977815409922,0.04188081994652748,6,True
36-1011_2002-02-08_2002-07-24,36-1011,4,False,2002-02-08,2002-07-24,166,180,0.028927051690409364,0.045272855840881324,0.01634580415047196,0.028927051690409364,0.0,0.01634580415047196,0.02745867158813703,-0.0014683801022723347,0.017814184252744295,0.04626659978647012,0.017339548096060753,0.000993743945588793,0.08335805055219907,0.0544309988617897,0.038085194711317744,0.06790826585609692,0.03898121416568756,0.0226354100152156,0.0062896058647436415,8,True
36-1011_2002-07-24_2004-04-12,36-1011,4,False,2002-07-24,2004-04-12,628,630,0.045272855840881324,0.055674698968103634,0.01040184312722231,0.045272855840881324,0.0,0.01040184312722231,0.100299471892816,0.05502661605193468,0.04462477292471237,0.0763022553252773,0.03102939948439598,0.02062755635717367,0.05089706723417804,0.005624211393296719,0.004777631733925591,0.0610264100211458,0.015753554180264473,0.005351711053042163,-0.005050132074180147,9,True
