image_id,dataset,gt_count,yolo_pred_count,yolo_tp,yolo_fp,yolo_fn,yolo_precision,yolo_recall,yolo_f1,yolo_success_label,yolo_failure_label,yolo_success,yolo_failure,mean_confidence,max_confidence,min_confidence,std_confidence,num_low_confidence,num_high_confidence,num_low_conf,num_high_conf,dino_knn_distance,dino_centroid_distance,dino_ood_score,domain_familiarity_score,brightness,contrast,sharpness,edge_density,image_brightness,image_contrast,image_sharpness,image_edge_density,dino_sam_f1,dino_sam_defect_count,dino_sam_severity
India_000005,RDD2022_India,1,1,0,1,1,0.0,0.0,0.0,0,1,0,1,0.2832,0.2832,0.2832,0.0,1,0,1,0,0.853,0.9459,1.0,0.0,153.391,39.747,238.6984,0.0274,153.391,39.747,238.6984,0.0274,0.0,4,0.5854
India_000010,RDD2022_India,1,0,0,0,1,0.0,0.0,0.0,0,1,0,1,0.0,0.0,0.0,0.0,0,0,0,0,0.8763,0.9881,1.0,0.0,127.9926,74.7918,656.0906,0.0446,127.9926,74.7918,656.0906,0.0446,0.0,2,0.7227
India_000011,RDD2022_India,1,0,0,0,1,0.0,0.0,0.0,0,1,0,1,0.0,0.0,0.0,0.0,0,0,0,0,0.8639,0.9772,1.0,0.0,147.5334,76.7678,194.2528,0.0199,147.5334,76.7678,194.2528,0.0199,0.0,1,0.4403
India_000014,RDD2022_India,3,0,0,0,3,0.0,0.0,0.0,0,1,0,1,0.0,0.0,0.0,0.0,0,0,0,0,0.8614,0.9492,1.0,0.0,132.1256,84.1739,140.0531,0.02,132.1256,84.1739,140.0531,0.02,0.0,3,0.995
India_000017,RDD2022_India,5,0,0,0,5,0.0,0.0,0.0,0,1,0,1,0.0,0.0,0.0,0.0,0,0,0,0,0.9041,1.0016,1.0,0.0,117.1929,87.9961,435.3601,0.0269,117.1929,87.9961,435.3601,0.0269,0.0,0,0.0
India_000024,RDD2022_India,1,0,0,0,1,0.0,0.0,0.0,0,1,0,1,0.0,0.0,0.0,0.0,0,0,0,0,0.8886,1.016,1.0,0.0,121.7482,76.3689,294.5067,0.0247,121.7482,76.3689,294.5067,0.0247,0.0,2,0.7785
India_000027,RDD2022_India,6,0,0,0,6,0.0,0.0,0.0,0,1,0,1,0.0,0.0,0.0,0.0,0,0,0,0,0.8427,0.9234,1.0,0.0,134.9195,62.2472,373.8408,0.0367,134.9195,62.2472,373.8408,0.0367,0.0,1,0.5655
India_000028,RDD2022_India,1,0,0,0,1,0.0,0.0,0.0,0,1,0,1,0.0,0.0,0.0,0.0,0,0,0,0,0.8705,0.9572,1.0,0.0,132.6772,69.9677,193.0904,0.0307,132.6772,69.9677,193.0904,0.0307,0.0,2,0.5395
India_000032,RDD2022_India,2,0,0,0,2,0.0,0.0,0.0,0,1,0,1,0.0,0.0,0.0,0.0,0,0,0,0,0.8284,0.9069,1.0,0.0,107.279,83.7269,931.3242,0.0542,107.279,83.7269,931.3242,0.0542,0.0,0,0.0
India_000038,RDD2022_India,2,0,0,0,2,0.0,0.0,0.0,0,1,0,1,0.0,0.0,0.0,0.0,0,0,0,0,0.8376,0.936,1.0,0.0,138.5486,63.6406,383.7745,0.0401,138.5486,63.6406,383.7745,0.0401,0.0,1,0.2224
India_000043,RDD2022_India,7,1,0,1,7,0.0,0.0,0.0,0,1,0,1,0.4027,0.4027,0.4027,0.0,0,0,0,0,0.7838,0.8876,1.0,0.0,160.0085,39.8928,150.1505,0.0119,160.0085,39.8928,150.1505,0.0119,0.0,3,0.5741
India_000052,RDD2022_India,9,0,0,0,9,0.0,0.0,0.0,0,1,0,1,0.0,0.0,0.0,0.0,0,0,0,0,0.8064,0.8839,1.0,0.0,158.9119,40.4307,40.3494,0.0118,158.9119,40.4307,40.3494,0.0118,0.0,3,0.7633
India_000053,RDD2022_India,3,1,0,1,3,0.0,0.0,0.0,0,1,0,1,0.4884,0.4884,0.4884,0.0,0,0,0,0,0.8479,0.9252,1.0,0.0,153.7914,41.7524,312.4281,0.031,153.7914,41.7524,312.4281,0.031,0.0,3,0.3497
India_000054,RDD2022_India,2,0,0,0,2,0.0,0.0,0.0,0,1,0,1,0.0,0.0,0.0,0.0,0,0,0,0,0.8621,0.9689,1.0,0.0,133.1904,49.6219,331.5987,0.0382,133.1904,49.6219,331.5987,0.0382,0.0,5,0.668
India_000055,RDD2022_India,3,0,0,0,3,0.0,0.0,0.0,0,1,0,1,0.0,0.0,0.0,0.0,0,0,0,0,0.8356,0.9389,1.0,0.0,126.6834,75.3368,426.1445,0.0308,126.6834,75.3368,426.1445,0.0308,0.0,1,0.8338
India_000057,RDD2022_India,5,0,0,0,5,0.0,0.0,0.0,0,1,0,1,0.0,0.0,0.0,0.0,0,0,0,0,0.8428,0.9672,1.0,0.0,115.0601,64.3361,986.4991,0.0773,115.0601,64.3361,986.4991,0.0773,0.0,3,0.77
India_000061,RDD2022_India,2,2,0,2,2,0.0,0.0,0.0,0,1,0,1,0.3637,0.4354,0.2919,0.0718,1,0,1,0,0.885,0.9673,1.0,0.0,124.9087,80.7655,408.1976,0.0324,124.9087,80.7655,408.1976,0.0324,0.0,3,0.8162
India_000067,RDD2022_India,2,1,0,1,2,0.0,0.0,0.0,0,1,0,1,0.4123,0.4123,0.4123,0.0,0,0,0,0,0.8362,0.9414,1.0,0.0,157.4564,40.4508,416.9087,0.0427,157.4564,40.4508,416.9087,0.0427,0.0,2,0.5164
India_000071,RDD2022_India,2,0,0,0,2,0.0,0.0,0.0,0,1,0,1,0.0,0.0,0.0,0.0,0,0,0,0,0.8747,0.9897,1.0,0.0,117.8751,61.4243,1336.5823,0.1006,117.8751,61.4243,1336.5823,0.1006,0.0,1,0.339
India_000076,RDD2022_India,1,0,0,0,1,0.0,0.0,0.0,0,1,0,1,0.0,0.0,0.0,0.0,0,0,0,0,0.8088,0.901,1.0,0.0,93.717,85.9606,1319.1128,0.0757,93.717,85.9606,1319.1128,0.0757,0.0,1,0.2497
India_000078,RDD2022_India,4,0,0,0,4,0.0,0.0,0.0,0,1,0,1,0.0,0.0,0.0,0.0,0,0,0,0,0.8939,1.008,1.0,0.0,129.5261,81.8919,830.2512,0.0458,129.5261,81.8919,830.2512,0.0458,0.0,1,0.768
India_000081,RDD2022_India,1,0,0,0,1,0.0,0.0,0.0,0,1,0,1,0.0,0.0,0.0,0.0,0,0,0,0,0.8938,0.992,1.0,0.0,154.0945,47.9459,369.1588,0.0422,154.0945,47.9459,369.1588,0.0422,0.0,3,0.7568
India_000086,RDD2022_India,2,0,0,0,2,0.0,0.0,0.0,0,1,0,1,0.0,0.0,0.0,0.0,0,0,0,0,0.6598,0.7857,1.0,0.0,140.1046,47.3926,266.5775,0.048,140.1046,47.3926,266.5775,0.048,0.0,5,0.6282
India_000088,RDD2022_India,1,0,0,0,1,0.0,0.0,0.0,0,1,0,1,0.0,0.0,0.0,0.0,0,0,0,0,0.8542,0.9509,1.0,0.0,143.2277,55.2823,407.9138,0.0416,143.2277,55.2823,407.9138,0.0416,0.0,2,0.8308
India_000090,RDD2022_India,1,0,0,0,1,0.0,0.0,0.0,0,1,0,1,0.0,0.0,0.0,0.0,0,0,0,0,0.83,0.9449,1.0,0.0,140.2279,53.6934,355.8082,0.0354,140.2279,53.6934,355.8082,0.0354,0.0,1,0.429
India_000092,RDD2022_India,4,0,0,0,4,0.0,0.0,0.0,0,1,0,1,0.0,0.0,0.0,0.0,0,0,0,0,0.838,0.9521,1.0,0.0,141.2433,43.19,437.5267,0.044,141.2433,43.19,437.5267,0.044,0.0,1,0.5501
India_000093,RDD2022_India,1,1,0,1,1,0.0,0.0,0.0,0,1,0,1,0.2831,0.2831,0.2831,0.0,1,0,1,0,0.8352,0.9057,1.0,0.0,104.2815,83.2515,466.1372,0.0432,104.2815,83.2515,466.1372,0.0432,0.0,3,0.7845
India_000099,RDD2022_India,2,0,0,0,2,0.0,0.0,0.0,0,1,0,1,0.0,0.0,0.0,0.0,0,0,0,0,0.9132,1.0292,1.0,0.0,118.8088,72.566,314.9043,0.0295,118.8088,72.566,314.9043,0.0295,0.0,3,0.7257
India_000102,RDD2022_India,2,0,0,0,2,0.0,0.0,0.0,0,1,0,1,0.0,0.0,0.0,0.0,0,0,0,0,0.8735,0.958,1.0,0.0,131.6317,76.3445,740.3267,0.0536,131.6317,76.3445,740.3267,0.0536,0.0,2,0.7505
India_000103,RDD2022_India,1,1,0,1,1,0.0,0.0,0.0,0,1,0,1,0.3217,0.3217,0.3217,0.0,1,0,1,0,0.8106,0.904,1.0,0.0,154.4707,40.8371,264.3082,0.0306,154.4707,40.8371,264.3082,0.0306,0.0,3,0.8095
India_000104,RDD2022_India,1,0,0,0,1,0.0,0.0,0.0,0,1,0,1,0.0,0.0,0.0,0.0,0,0,0,0,0.8338,0.9136,1.0,0.0,136.4502,73.2662,160.3535,0.0201,136.4502,73.2662,160.3535,0.0201,0.0,1,0.8167
India_000105,RDD2022_India,3,0,0,0,3,0.0,0.0,0.0,0,1,0,1,0.0,0.0,0.0,0.0,0,0,0,0,0.8384,0.9177,1.0,0.0,154.6877,40.8118,164.8018,0.0189,154.6877,40.8118,164.8018,0.0189,0.0,2,0.7584
India_000109,RDD2022_India,2,0,0,0,2,0.0,0.0,0.0,0,1,0,1,0.0,0.0,0.0,0.0,0,0,0,0,0.8312,0.9048,1.0,0.0,152.9125,38.7358,428.2113,0.032,152.9125,38.7358,428.2113,0.032,0.0,1,0.718
India_000114,RDD2022_India,1,0,0,0,1,0.0,0.0,0.0,0,1,0,1,0.0,0.0,0.0,0.0,0,0,0,0,0.8918,1.0006,1.0,0.0,104.8803,80.4825,179.4706,0.0254,104.8803,80.4825,179.4706,0.0254,0.0,2,0.8347
India_000115,RDD2022_India,2,0,0,0,2,0.0,0.0,0.0,0,1,0,1,0.0,0.0,0.0,0.0,0,0,0,0,0.8369,0.9189,1.0,0.0,154.1976,42.9162,319.9791,0.0338,154.1976,42.9162,319.9791,0.0338,0.0,3,0.5465
India_000125,RDD2022_India,4,0,0,0,4,0.0,0.0,0.0,0,1,0,1,0.0,0.0,0.0,0.0,0,0,0,0,0.8731,0.9792,1.0,0.0,143.8159,40.0275,336.516,0.0468,143.8159,40.0275,336.516,0.0468,0.0,1,0.5692
India_000126,RDD2022_India,3,0,0,0,3,0.0,0.0,0.0,0,1,0,1,0.0,0.0,0.0,0.0,0,0,0,0,0.8599,0.9469,1.0,0.0,135.4216,80.3515,1087.2324,0.0813,135.4216,80.3515,1087.2324,0.0813,0.0,3,0.7577
India_000127,RDD2022_India,2,0,0,0,2,0.0,0.0,0.0,0,1,0,1,0.0,0.0,0.0,0.0,0,0,0,0,0.7292,0.8424,1.0,0.0,138.0224,47.1568,419.7933,0.0577,138.0224,47.1568,419.7933,0.0577,0.0,0,0.0
India_000128,RDD2022_India,4,0,0,0,4,0.0,0.0,0.0,0,1,0,1,0.0,0.0,0.0,0.0,0,0,0,0,0.8736,0.9768,1.0,0.0,120.2648,83.3093,186.7892,0.0307,120.2648,83.3093,186.7892,0.0307,0.0,1,0.9062
India_000130,RDD2022_India,2,0,0,0,2,0.0,0.0,0.0,0,1,0,1,0.0,0.0,0.0,0.0,0,0,0,0,0.8417,0.943,1.0,0.0,148.1915,49.8953,178.0341,0.0291,148.1915,49.8953,178.0341,0.0291,0.0,2,0.442
India_000131,RDD2022_India,3,0,0,0,3,0.0,0.0,0.0,0,1,0,1,0.0,0.0,0.0,0.0,0,0,0,0,0.8359,0.9179,1.0,0.0,138.376,54.8811,287.8518,0.0267,138.376,54.8811,287.8518,0.0267,0.0,2,0.5577
India_000142,RDD2022_India,3,0,0,0,3,0.0,0.0,0.0,0,1,0,1,0.0,0.0,0.0,0.0,0,0,0,0,0.8765,0.9954,1.0,0.0,121.2031,88.8952,219.6744,0.0197,121.2031,88.8952,219.6744,0.0197,0.0,0,0.0
India_000145,RDD2022_India,3,0,0,0,3,0.0,0.0,0.0,0,1,0,1,0.0,0.0,0.0,0.0,0,0,0,0,0.8675,0.976,1.0,0.0,115.8554,74.9375,784.6763,0.0477,115.8554,74.9375,784.6763,0.0477,0.0,1,0.6613
India_000146,RDD2022_India,1,0,0,0,1,0.0,0.0,0.0,0,1,0,1,0.0,0.0,0.0,0.0,0,0,0,0,0.8468,0.9405,1.0,0.0,135.7911,67.8762,345.5866,0.0302,135.7911,67.8762,345.5866,0.0302,0.0,1,0.8156
India_000147,RDD2022_India,4,0,0,0,4,0.0,0.0,0.0,0,1,0,1,0.0,0.0,0.0,0.0,0,0,0,0,0.8278,0.898,1.0,0.0,133.693,57.4109,216.2789,0.0294,133.693,57.4109,216.2789,0.0294,0.0,3,0.795
India_000155,RDD2022_India,2,0,0,0,2,0.0,0.0,0.0,0,1,0,1,0.0,0.0,0.0,0.0,0,0,0,0,0.9032,1.0243,1.0,0.0,120.8576,85.3316,660.0974,0.0401,120.8576,85.3316,660.0974,0.0401,0.0,0,0.0
India_000157,RDD2022_India,3,0,0,0,3,0.0,0.0,0.0,0,1,0,1,0.0,0.0,0.0,0.0,0,0,0,0,0.8331,0.9185,1.0,0.0,159.6482,36.3082,199.7951,0.0174,159.6482,36.3082,199.7951,0.0174,0.0,2,0.5805
India_000158,RDD2022_India,1,0,0,0,1,0.0,0.0,0.0,0,1,0,1,0.0,0.0,0.0,0.0,0,0,0,0,0.8733,0.9583,1.0,0.0,114.8511,78.3297,1007.2498,0.0515,114.8511,78.3297,1007.2498,0.0515,0.0,0,0.0
India_000163,RDD2022_India,1,0,0,0,1,0.0,0.0,0.0,0,1,0,1,0.0,0.0,0.0,0.0,0,0,0,0,0.822,0.9054,1.0,0.0,138.6982,75.3476,173.0655,0.0191,138.6982,75.3476,173.0655,0.0191,0.0,2,0.9113
India_000164,RDD2022_India,2,1,0,1,2,0.0,0.0,0.0,0,1,0,1,0.2777,0.2777,0.2777,0.0,1,0,1,0,0.9119,1.0196,1.0,0.0,129.0048,71.3864,611.7772,0.0442,129.0048,71.3864,611.7772,0.0442,0.0,1,0.7619
India_000168,RDD2022_India,3,0,0,0,3,0.0,0.0,0.0,0,1,0,1,0.0,0.0,0.0,0.0,0,0,0,0,0.8501,0.9484,1.0,0.0,142.3711,52.506,444.2193,0.0354,142.3711,52.506,444.2193,0.0354,0.0,2,0.7404
India_000173,RDD2022_India,2,1,0,1,2,0.0,0.0,0.0,0,1,0,1,0.3284,0.3284,0.3284,0.0,1,0,1,0,0.8346,0.9274,1.0,0.0,152.4632,42.076,118.8554,0.0113,152.4632,42.076,118.8554,0.0113,0.0,1,0.5979
India_000174,RDD2022_India,4,1,0,1,4,0.0,0.0,0.0,0,1,0,1,0.2932,0.2932,0.2932,0.0,1,0,1,0,0.8515,0.944,1.0,0.0,139.1306,48.5566,440.3425,0.0335,139.1306,48.5566,440.3425,0.0335,0.0,4,0.5689
India_000182,RDD2022_India,1,0,0,0,1,0.0,0.0,0.0,0,1,0,1,0.0,0.0,0.0,0.0,0,0,0,0,0.871,0.9874,1.0,0.0,123.4611,77.3619,730.2555,0.0468,123.4611,77.3619,730.2555,0.0468,0.0,1,0.8107
India_000184,RDD2022_India,1,1,0,1,1,0.0,0.0,0.0,0,1,0,1,0.559,0.559,0.559,0.0,0,0,0,0,0.8612,0.9613,1.0,0.0,116.536,75.6849,971.6565,0.0799,116.536,75.6849,971.6565,0.0799,0.0,3,0.6517
India_000189,RDD2022_India,1,1,0,1,1,0.0,0.0,0.0,0,1,0,1,0.4719,0.4719,0.4719,0.0,0,0,0,0,0.9043,1.0273,1.0,0.0,117.8437,72.6143,2129.797,0.105,117.8437,72.6143,2129.797,0.105,0.0,0,0.0
India_000191,RDD2022_India,3,0,0,0,3,0.0,0.0,0.0,0,1,0,1,0.0,0.0,0.0,0.0,0,0,0,0,0.8792,0.9624,1.0,0.0,107.0636,87.9518,211.3637,0.0248,107.0636,87.9518,211.3637,0.0248,0.0,0,0.0
India_000193,RDD2022_India,3,1,0,1,3,0.0,0.0,0.0,0,1,0,1,0.2599,0.2599,0.2599,0.0,1,0,1,0,0.8096,0.9272,1.0,0.0,111.4626,81.7906,1231.9497,0.0769,111.4626,81.7906,1231.9497,0.0769,0.0,2,0.4804
India_000197,RDD2022_India,2,0,0,0,2,0.0,0.0,0.0,0,1,0,1,0.0,0.0,0.0,0.0,0,0,0,0,0.8711,0.9591,1.0,0.0,145.2204,56.246,762.5974,0.0633,145.2204,56.246,762.5974,0.0633,0.0,2,0.5278
India_000199,RDD2022_India,1,1,0,1,1,0.0,0.0,0.0,0,1,0,1,0.3855,0.3855,0.3855,0.0,1,0,1,0,0.788,0.8773,1.0,0.0,133.4153,79.1626,163.9068,0.0221,133.4153,79.1626,163.9068,0.0221,0.0,2,0.598
India_000200,RDD2022_India,1,1,0,1,1,0.0,0.0,0.0,0,1,0,1,0.2748,0.2748,0.2748,0.0,1,0,1,0,0.9128,1.0371,1.0,0.0,112.1926,83.1667,374.4931,0.034,112.1926,83.1667,374.4931,0.034,0.0,0,0.0
India_000201,RDD2022_India,1,1,0,1,1,0.0,0.0,0.0,0,1,0,1,0.3174,0.3174,0.3174,0.0,1,0,1,0,0.8401,0.9403,1.0,0.0,121.1092,82.5193,397.4464,0.0269,121.1092,82.5193,397.4464,0.0269,0.0,3,0.9035
India_000203,RDD2022_India,1,0,0,0,1,0.0,0.0,0.0,0,1,0,1,0.0,0.0,0.0,0.0,0,0,0,0,0.8718,0.9751,1.0,0.0,115.2823,79.3672,99.4537,0.027,115.2823,79.3672,99.4537,0.027,0.0,2,0.7558
India_000205,RDD2022_India,1,0,0,0,1,0.0,0.0,0.0,0,1,0,1,0.0,0.0,0.0,0.0,0,0,0,0,0.8935,1.0143,1.0,0.0,120.7547,72.6656,390.4787,0.0462,120.7547,72.6656,390.4787,0.0462,0.0,1,0.6384
India_000209,RDD2022_India,7,0,0,0,7,0.0,0.0,0.0,0,1,0,1,0.0,0.0,0.0,0.0,0,0,0,0,0.7918,0.8765,1.0,0.0,152.4404,47.4642,408.8953,0.0357,152.4404,47.4642,408.8953,0.0357,0.0,4,0.5686
India_000210,RDD2022_India,1,0,0,0,1,0.0,0.0,0.0,0,1,0,1,0.0,0.0,0.0,0.0,0,0,0,0,0.8898,0.9911,1.0,0.0,130.2252,59.1555,790.2944,0.062,130.2252,59.1555,790.2944,0.062,0.0,0,0.0
India_000214,RDD2022_India,1,0,0,0,1,0.0,0.0,0.0,0,1,0,1,0.0,0.0,0.0,0.0,0,0,0,0,0.8241,0.9069,1.0,0.0,98.6584,69.7626,1592.1225,0.0911,98.6584,69.7626,1592.1225,0.0911,0.0,2,0.6914
India_000222,RDD2022_India,2,0,0,0,2,0.0,0.0,0.0,0,1,0,1,0.0,0.0,0.0,0.0,0,0,0,0,0.8106,0.8836,1.0,0.0,153.6349,39.3095,284.6798,0.0308,153.6349,39.3095,284.6798,0.0308,0.0,4,0.5712
India_000223,RDD2022_India,7,1,0,1,7,0.0,0.0,0.0,0,1,0,1,0.4122,0.4122,0.4122,0.0,0,0,0,0,0.8765,0.985,1.0,0.0,155.9692,44.4008,216.0742,0.0234,155.9692,44.4008,216.0742,0.0234,0.0,4,0.5629
India_000224,RDD2022_India,1,0,0,0,1,0.0,0.0,0.0,0,1,0,1,0.0,0.0,0.0,0.0,0,0,0,0,0.9261,1.0305,1.0,0.0,111.869,81.4007,236.0472,0.0222,111.869,81.4007,236.0472,0.0222,0.0,3,0.913
India_000230,RDD2022_India,2,0,0,0,2,0.0,0.0,0.0,0,1,0,1,0.0,0.0,0.0,0.0,0,0,0,0,0.8799,0.9556,1.0,0.0,153.6682,49.9957,364.2388,0.0313,153.6682,49.9957,364.2388,0.0313,0.0,1,0.2777
India_000232,RDD2022_India,1,0,0,0,1,0.0,0.0,0.0,0,1,0,1,0.0,0.0,0.0,0.0,0,0,0,0,0.7229,0.7813,1.0,0.0,157.7043,44.9796,168.107,0.025,157.7043,44.9796,168.107,0.025,0.0,1,0.6255
India_000241,RDD2022_India,2,0,0,0,2,0.0,0.0,0.0,0,1,0,1,0.0,0.0,0.0,0.0,0,0,0,0,0.8668,0.9688,1.0,0.0,134.2002,73.3957,1168.3015,0.0929,134.2002,73.3957,1168.3015,0.0929,0.0,1,0.6558
India_000245,RDD2022_India,1,0,0,0,1,0.0,0.0,0.0,0,1,0,1,0.0,0.0,0.0,0.0,0,0,0,0,0.8779,0.9772,1.0,0.0,116.6075,79.973,374.3848,0.0374,116.6075,79.973,374.3848,0.0374,0.0,3,0.7967
India_000256,RDD2022_India,2,0,0,0,2,0.0,0.0,0.0,0,1,0,1,0.0,0.0,0.0,0.0,0,0,0,0,0.7782,0.8425,1.0,0.0,139.4813,51.7218,408.211,0.0446,139.4813,51.7218,408.211,0.0446,0.0,1,0.4593
India_000259,RDD2022_India,1,0,0,0,1,0.0,0.0,0.0,0,1,0,1,0.0,0.0,0.0,0.0,0,0,0,0,0.9069,1.0237,1.0,0.0,118.0989,72.6256,563.2204,0.0556,118.0989,72.6256,563.2204,0.0556,0.0,1,0.5572
India_000260,RDD2022_India,1,0,0,0,1,0.0,0.0,0.0,0,1,0,1,0.0,0.0,0.0,0.0,0,0,0,0,0.7405,0.8807,1.0,0.0,130.3052,60.0689,487.2097,0.0586,130.3052,60.0689,487.2097,0.0586,0.0,3,0.6078
India_000261,RDD2022_India,1,0,0,0,1,0.0,0.0,0.0,0,1,0,1,0.0,0.0,0.0,0.0,0,0,0,0,0.8491,0.9461,1.0,0.0,111.3384,76.4492,491.2511,0.0337,111.3384,76.4492,491.2511,0.0337,0.0,1,0.8282
India_000267,RDD2022_India,3,0,0,0,3,0.0,0.0,0.0,0,1,0,1,0.0,0.0,0.0,0.0,0,0,0,0,0.8243,0.9116,1.0,0.0,143.0907,57.3252,271.7562,0.0415,143.0907,57.3252,271.7562,0.0415,0.0,2,0.5955
India_000268,RDD2022_India,2,1,0,1,2,0.0,0.0,0.0,0,1,0,1,0.6234,0.6234,0.6234,0.0,0,0,0,0,0.8412,0.9411,1.0,0.0,127.8531,76.6845,592.0686,0.0473,127.8531,76.6845,592.0686,0.0473,0.0,2,0.5254
India_000269,RDD2022_India,1,0,0,0,1,0.0,0.0,0.0,0,1,0,1,0.0,0.0,0.0,0.0,0,0,0,0,0.826,0.9611,1.0,0.0,140.5591,49.061,257.2693,0.0349,140.5591,49.061,257.2693,0.0349,0.0,2,0.5602
India_000270,RDD2022_India,2,0,0,0,2,0.0,0.0,0.0,0,1,0,1,0.0,0.0,0.0,0.0,0,0,0,0,0.8758,0.9729,1.0,0.0,157.3257,47.228,453.2397,0.0472,157.3257,47.228,453.2397,0.0472,0.0,2,0.7848
India_000271,RDD2022_India,1,0,0,0,1,0.0,0.0,0.0,0,1,0,1,0.0,0.0,0.0,0.0,0,0,0,0,0.8673,0.9639,1.0,0.0,113.0715,85.5532,889.4899,0.0451,113.0715,85.5532,889.4899,0.0451,0.0,0,0.0
India_000272,RDD2022_India,3,0,0,0,3,0.0,0.0,0.0,0,1,0,1,0.0,0.0,0.0,0.0,0,0,0,0,0.9031,1.0255,1.0,0.0,127.4429,77.4721,328.5287,0.0272,127.4429,77.4721,328.5287,0.0272,0.0,2,0.8391
India_000274,RDD2022_India,4,0,0,0,4,0.0,0.0,0.0,0,1,0,1,0.0,0.0,0.0,0.0,0,0,0,0,0.8418,0.9469,1.0,0.0,158.1718,42.685,553.043,0.0411,158.1718,42.685,553.043,0.0411,0.0,3,0.6146
India_000275,RDD2022_India,2,0,0,0,2,0.0,0.0,0.0,0,1,0,1,0.0,0.0,0.0,0.0,0,0,0,0,0.8427,0.928,1.0,0.0,108.3903,63.8972,246.9365,0.0329,108.3903,63.8972,246.9365,0.0329,0.0,1,0.6524
India_000278,RDD2022_India,1,1,0,1,1,0.0,0.0,0.0,0,1,0,1,0.3114,0.3114,0.3114,0.0,1,0,1,0,0.8257,0.8945,1.0,0.0,145.9652,55.3699,684.0383,0.0639,145.9652,55.3699,684.0383,0.0639,0.0,1,0.7072
India_000283,RDD2022_India,2,0,0,0,2,0.0,0.0,0.0,0,1,0,1,0.0,0.0,0.0,0.0,0,0,0,0,0.8956,0.9933,1.0,0.0,131.0531,69.2941,357.1258,0.0281,131.0531,69.2941,357.1258,0.0281,0.0,2,0.7817
India_000285,RDD2022_India,3,0,0,0,3,0.0,0.0,0.0,0,1,0,1,0.0,0.0,0.0,0.0,0,0,0,0,0.8742,0.9915,1.0,0.0,117.6117,75.9546,321.7798,0.0321,117.6117,75.9546,321.7798,0.0321,0.0,0,0.0
India_000288,RDD2022_India,2,0,0,0,2,0.0,0.0,0.0,0,1,0,1,0.0,0.0,0.0,0.0,0,0,0,0,0.8675,0.9754,1.0,0.0,111.8593,81.5665,460.1595,0.0444,111.8593,81.5665,460.1595,0.0444,0.0,2,0.7942
India_000292,RDD2022_India,2,0,0,0,2,0.0,0.0,0.0,0,1,0,1,0.0,0.0,0.0,0.0,0,0,0,0,0.8059,0.8847,1.0,0.0,145.2001,49.0398,273.161,0.0316,145.2001,49.0398,273.161,0.0316,0.0,1,0.5814
India_000293,RDD2022_India,1,1,0,1,1,0.0,0.0,0.0,0,1,0,1,0.3804,0.3804,0.3804,0.0,1,0,1,0,0.8419,0.9301,1.0,0.0,155.7392,32.9264,105.0768,0.011,155.7392,32.9264,105.0768,0.011,0.0,5,0.7936
India_000298,RDD2022_India,2,0,0,0,2,0.0,0.0,0.0,0,1,0,1,0.0,0.0,0.0,0.0,0,0,0,0,0.8542,0.9558,1.0,0.0,124.7945,77.0153,610.6299,0.0513,124.7945,77.0153,610.6299,0.0513,0.0,0,0.0
India_000299,RDD2022_India,2,0,0,0,2,0.0,0.0,0.0,0,1,0,1,0.0,0.0,0.0,0.0,0,0,0,0,0.7592,0.8177,1.0,0.0,152.8923,54.4023,171.0531,0.0168,152.8923,54.4023,171.0531,0.0168,0.0,4,0.5773
India_000301,RDD2022_India,2,0,0,0,2,0.0,0.0,0.0,0,1,0,1,0.0,0.0,0.0,0.0,0,0,0,0,0.8732,0.9954,1.0,0.0,141.9846,60.4849,828.4414,0.064,141.9846,60.4849,828.4414,0.064,0.0,3,0.5192
India_000302,RDD2022_India,1,0,0,0,1,0.0,0.0,0.0,0,1,0,1,0.0,0.0,0.0,0.0,0,0,0,0,0.8554,0.9455,1.0,0.0,123.166,85.6847,772.6032,0.0457,123.166,85.6847,772.6032,0.0457,0.0,1,0.5977
India_000309,RDD2022_India,2,2,0,2,2,0.0,0.0,0.0,0,1,0,1,0.3589,0.3632,0.3546,0.0043,2,0,2,0,0.8648,0.9723,1.0,0.0,142.9534,39.0729,537.7352,0.0533,142.9534,39.0729,537.7352,0.0533,0.0,1,0.4827
India_000310,RDD2022_India,1,0,0,0,1,0.0,0.0,0.0,0,1,0,1,0.0,0.0,0.0,0.0,0,0,0,0,0.878,0.9962,1.0,0.0,151.6016,48.2322,256.8256,0.0331,151.6016,48.2322,256.8256,0.0331,0.0,2,0.8172
India_000312,RDD2022_India,1,1,1,0,0,1.0,1.0,1.0,1,0,1,0,0.434,0.434,0.434,0.0,0,0,0,0,0.7626,0.8202,1.0,0.0,133.0631,62.3802,393.0032,0.0451,133.0631,62.3802,393.0032,0.0451,0.0,2,0.5979
India_000316,RDD2022_India,7,0,0,0,7,0.0,0.0,0.0,0,1,0,1,0.0,0.0,0.0,0.0,0,0,0,0,0.8892,0.9956,1.0,0.0,153.9579,46.373,255.9934,0.0277,153.9579,46.373,255.9934,0.0277,0.0,2,0.5147
India_000317,RDD2022_India,3,0,0,0,3,0.0,0.0,0.0,0,1,0,1,0.0,0.0,0.0,0.0,0,0,0,0,0.8489,0.9515,1.0,0.0,137.5892,43.3396,296.9665,0.0326,137.5892,43.3396,296.9665,0.0326,0.0,1,0.5852
India_000319,RDD2022_India,2,1,1,0,1,1.0,0.5,0.6667,1,0,1,0,0.5715,0.5715,0.5715,0.0,0,0,0,0,0.8266,0.9255,1.0,0.0,136.9651,72.6788,1012.1411,0.0574,136.9651,72.6788,1012.1411,0.0574,0.0,3,0.7547
India_000320,RDD2022_India,2,1,1,0,1,1.0,0.5,0.6667,1,0,1,0,0.3325,0.3325,0.3325,0.0,1,0,1,0,0.8044,0.8936,1.0,0.0,144.9861,70.1768,260.5849,0.0223,144.9861,70.1768,260.5849,0.0223,0.0,1,0.5695
India_000323,RDD2022_India,4,1,0,1,4,0.0,0.0,0.0,0,1,0,1,0.3411,0.3411,0.3411,0.0,1,0,1,0,0.8706,0.9744,1.0,0.0,135.6226,52.6188,662.5676,0.0431,135.6226,52.6188,662.5676,0.0431,0.0,0,0.0
India_000329,RDD2022_India,1,0,0,0,1,0.0,0.0,0.0,0,1,0,1,0.0,0.0,0.0,0.0,0,0,0,0,0.8982,1.0267,1.0,0.0,119.7159,71.345,386.1097,0.0452,119.7159,71.345,386.1097,0.0452,0.0,1,0.5679
India_000330,RDD2022_India,1,2,0,2,1,0.0,0.0,0.0,0,1,0,1,0.3733,0.4481,0.2986,0.0748,1,0,1,0,0.815,0.8856,1.0,0.0,152.2872,47.0976,481.8052,0.0424,152.2872,47.0976,481.8052,0.0424,0.0,2,0.7632
India_000335,RDD2022_India,1,0,0,0,1,0.0,0.0,0.0,0,1,0,1,0.0,0.0,0.0,0.0,0,0,0,0,0.851,0.9392,1.0,0.0,118.1879,78.9846,516.8233,0.0395,118.1879,78.9846,516.8233,0.0395,0.0,3,0.6724
India_000343,RDD2022_India,2,0,0,0,2,0.0,0.0,0.0,0,1,0,1,0.0,0.0,0.0,0.0,0,0,0,0,0.8335,0.8968,1.0,0.0,135.6014,73.8784,428.4427,0.0408,135.6014,73.8784,428.4427,0.0408,0.0,1,0.4436
India_000348,RDD2022_India,2,0,0,0,2,0.0,0.0,0.0,0,1,0,1,0.0,0.0,0.0,0.0,0,0,0,0,0.8375,0.9295,1.0,0.0,126.5957,91.1036,509.1697,0.0436,126.5957,91.1036,509.1697,0.0436,0.0,3,0.8014
India_000350,RDD2022_India,1,0,0,0,1,0.0,0.0,0.0,0,1,0,1,0.0,0.0,0.0,0.0,0,0,0,0,0.8877,0.9842,1.0,0.0,119.8694,73.9557,468.741,0.0309,119.8694,73.9557,468.741,0.0309,0.0,2,0.5929
India_000352,RDD2022_India,4,1,0,1,4,0.0,0.0,0.0,0,1,0,1,0.3466,0.3466,0.3466,0.0,1,0,1,0,0.8148,0.8999,1.0,0.0,153.5494,42.9175,540.9354,0.0547,153.5494,42.9175,540.9354,0.0547,0.0,3,0.5845
India_000353,RDD2022_India,3,2,0,2,3,0.0,0.0,0.0,0,1,0,1,0.3921,0.444,0.3402,0.0519,1,0,1,0,0.8316,0.9268,1.0,0.0,116.6686,78.1484,547.257,0.0582,116.6686,78.1484,547.257,0.0582,0.0,1,0.7227
India_000358,RDD2022_India,1,0,0,0,1,0.0,0.0,0.0,0,1,0,1,0.0,0.0,0.0,0.0,0,0,0,0,0.8347,0.9239,1.0,0.0,105.7692,91.3334,862.2312,0.0371,105.7692,91.3334,862.2312,0.0371,0.0,3,0.4477
India_000361,RDD2022_India,4,0,0,0,4,0.0,0.0,0.0,0,1,0,1,0.0,0.0,0.0,0.0,0,0,0,0,0.8447,0.9167,1.0,0.0,144.6392,53.5548,484.0198,0.0451,144.6392,53.5548,484.0198,0.0451,0.0,1,0.7316
India_000362,RDD2022_India,5,0,0,0,5,0.0,0.0,0.0,0,1,0,1,0.0,0.0,0.0,0.0,0,0,0,0,0.8695,0.9691,1.0,0.0,146.7538,45.6529,286.296,0.0398,146.7538,45.6529,286.296,0.0398,0.0,1,0.504
India_000367,RDD2022_India,3,3,0,3,3,0.0,0.0,0.0,0,1,0,1,0.3566,0.3914,0.3301,0.0257,3,0,3,0,0.8142,0.8949,1.0,0.0,107.5135,73.2415,594.3166,0.052,107.5135,73.2415,594.3166,0.052,0.0,2,0.652
India_000368,RDD2022_India,5,0,0,0,5,0.0,0.0,0.0,0,1,0,1,0.0,0.0,0.0,0.0,0,0,0,0,0.8284,0.924,1.0,0.0,149.4294,45.7032,51.6786,0.0193,149.4294,45.7032,51.6786,0.0193,0.0,0,0.0
India_000369,RDD2022_India,2,0,0,0,2,0.0,0.0,0.0,0,1,0,1,0.0,0.0,0.0,0.0,0,0,0,0,0.895,0.9839,1.0,0.0,118.0567,90.5558,407.5452,0.0297,118.0567,90.5558,407.5452,0.0297,0.0,1,0.5074
India_000371,RDD2022_India,3,1,0,1,3,0.0,0.0,0.0,0,1,0,1,0.4399,0.4399,0.4399,0.0,0,0,0,0,0.871,0.9497,1.0,0.0,128.9456,78.0778,411.6945,0.055,128.9456,78.0778,411.6945,0.055,0.0,2,0.57
India_000373,RDD2022_India,2,0,0,0,2,0.0,0.0,0.0,0,1,0,1,0.0,0.0,0.0,0.0,0,0,0,0,0.8631,0.9586,1.0,0.0,142.9796,54.6707,137.2613,0.0149,142.9796,54.6707,137.2613,0.0149,0.0,1,0.6006
India_000379,RDD2022_India,1,1,0,1,1,0.0,0.0,0.0,0,1,0,1,0.2966,0.2966,0.2966,0.0,1,0,1,0,0.8577,0.9375,1.0,0.0,135.5612,82.2339,494.0153,0.0384,135.5612,82.2339,494.0153,0.0384,0.0,2,0.7908
India_000382,RDD2022_India,5,0,0,0,5,0.0,0.0,0.0,0,1,0,1,0.0,0.0,0.0,0.0,0,0,0,0,0.86,0.9437,1.0,0.0,135.1398,54.8869,387.0951,0.0313,135.1398,54.8869,387.0951,0.0313,0.0,1,0.5439
India_000383,RDD2022_India,6,0,0,0,6,0.0,0.0,0.0,0,1,0,1,0.0,0.0,0.0,0.0,0,0,0,0,0.8307,0.9172,1.0,0.0,149.1961,56.8916,517.7332,0.0521,149.1961,56.8916,517.7332,0.0521,0.0,3,0.7917
India_000384,RDD2022_India,3,0,0,0,3,0.0,0.0,0.0,0,1,0,1,0.0,0.0,0.0,0.0,0,0,0,0,0.8348,0.9359,1.0,0.0,140.0041,63.1938,178.0368,0.0232,140.0041,63.1938,178.0368,0.0232,0.0,5,0.6072
India_000389,RDD2022_India,1,0,0,0,1,0.0,0.0,0.0,0,1,0,1,0.0,0.0,0.0,0.0,0,0,0,0,0.8592,0.9546,1.0,0.0,143.2801,53.9062,380.1281,0.0349,143.2801,53.9062,380.1281,0.0349,0.0,2,0.8018
India_000391,RDD2022_India,3,1,0,1,3,0.0,0.0,0.0,0,1,0,1,0.2829,0.2829,0.2829,0.0,1,0,1,0,0.8364,0.9253,1.0,0.0,129.8143,69.4861,167.1147,0.028,129.8143,69.4861,167.1147,0.028,0.0,4,0.9401
India_000392,RDD2022_India,1,0,0,0,1,0.0,0.0,0.0,0,1,0,1,0.0,0.0,0.0,0.0,0,0,0,0,0.7282,0.8762,1.0,0.0,137.8161,41.9982,1007.5884,0.1049,137.8161,41.9982,1007.5884,0.1049,0.0,2,0.3814
India_000399,RDD2022_India,2,0,0,0,2,0.0,0.0,0.0,0,1,0,1,0.0,0.0,0.0,0.0,0,0,0,0,0.7171,0.7831,1.0,0.0,148.2499,58.5908,90.8379,0.0096,148.2499,58.5908,90.8379,0.0096,0.0,5,0.6624
India_000402,RDD2022_India,2,0,0,0,2,0.0,0.0,0.0,0,1,0,1,0.0,0.0,0.0,0.0,0,0,0,0,0.8238,0.9204,1.0,0.0,164.4938,38.1545,163.2887,0.0189,164.4938,38.1545,163.2887,0.0189,0.0,3,0.7458
India_000403,RDD2022_India,1,0,0,0,1,0.0,0.0,0.0,0,1,0,1,0.0,0.0,0.0,0.0,0,0,0,0,0.8758,0.9894,1.0,0.0,105.5278,90.2704,154.0751,0.0239,105.5278,90.2704,154.0751,0.0239,0.0,0,0.0
India_000407,RDD2022_India,2,0,0,0,2,0.0,0.0,0.0,0,1,0,1,0.0,0.0,0.0,0.0,0,0,0,0,0.7935,0.8739,1.0,0.0,121.7749,77.1636,1115.8308,0.0801,121.7749,77.1636,1115.8308,0.0801,0.0,6,0.7358
India_000409,RDD2022_India,2,0,0,0,2,0.0,0.0,0.0,0,1,0,1,0.0,0.0,0.0,0.0,0,0,0,0,0.8234,0.9136,1.0,0.0,114.4816,65.5105,1866.6434,0.1022,114.4816,65.5105,1866.6434,0.1022,0.0,4,0.7226
India_000410,RDD2022_India,1,0,0,0,1,0.0,0.0,0.0,0,1,0,1,0.0,0.0,0.0,0.0,0,0,0,0,0.8668,0.994,1.0,0.0,96.5773,82.8445,413.0267,0.0385,96.5773,82.8445,413.0267,0.0385,0.0,1,0.8031
India_000412,RDD2022_India,2,0,0,0,2,0.0,0.0,0.0,0,1,0,1,0.0,0.0,0.0,0.0,0,0,0,0,0.804,0.8907,1.0,0.0,154.231,45.0175,221.6689,0.0221,154.231,45.0175,221.6689,0.0221,0.0,2,0.4268
India_000414,RDD2022_India,1,0,0,0,1,0.0,0.0,0.0,0,1,0,1,0.0,0.0,0.0,0.0,0,0,0,0,0.8545,0.9634,1.0,0.0,120.1183,76.8999,1352.9784,0.0932,120.1183,76.8999,1352.9784,0.0932,0.0,1,0.5819
India_000416,RDD2022_India,1,0,0,0,1,0.0,0.0,0.0,0,1,0,1,0.0,0.0,0.0,0.0,0,0,0,0,0.7153,0.7892,1.0,0.0,149.3097,40.9705,326.4611,0.044,149.3097,40.9705,326.4611,0.044,0.0,1,0.2889
India_000421,RDD2022_India,2,0,0,0,2,0.0,0.0,0.0,0,1,0,1,0.0,0.0,0.0,0.0,0,0,0,0,0.8453,0.9353,1.0,0.0,153.6882,41.0842,337.0917,0.0399,153.6882,41.0842,337.0917,0.0399,0.0,3,0.3533
India_000424,RDD2022_India,1,0,0,0,1,0.0,0.0,0.0,0,1,0,1,0.0,0.0,0.0,0.0,0,0,0,0,0.7213,0.8561,1.0,0.0,125.1549,60.0889,406.7766,0.0502,125.1549,60.0889,406.7766,0.0502,0.0,2,0.6843
India_000427,RDD2022_India,1,0,0,0,1,0.0,0.0,0.0,0,1,0,1,0.0,0.0,0.0,0.0,0,0,0,0,0.8918,0.9909,1.0,0.0,144.1781,50.0253,632.0943,0.0596,144.1781,50.0253,632.0943,0.0596,0.0,2,0.7144
India_000428,RDD2022_India,1,0,0,0,1,0.0,0.0,0.0,0,1,0,1,0.0,0.0,0.0,0.0,0,0,0,0,0.8848,0.9679,1.0,0.0,104.7987,91.5799,484.8583,0.0316,104.7987,91.5799,484.8583,0.0316,0.0,1,0.729
India_000431,RDD2022_India,1,0,0,0,1,0.0,0.0,0.0,0,1,0,1,0.0,0.0,0.0,0.0,0,0,0,0,0.8467,0.9417,1.0,0.0,128.5402,57.2864,580.4421,0.0396,128.5402,57.2864,580.4421,0.0396,0.0,2,0.5534
India_000432,RDD2022_India,1,0,0,0,1,0.0,0.0,0.0,0,1,0,1,0.0,0.0,0.0,0.0,0,0,0,0,0.8133,0.8754,1.0,0.0,146.6563,49.8641,304.1071,0.032,146.6563,49.8641,304.1071,0.032,0.0,2,0.7843
India_000436,RDD2022_India,2,0,0,0,2,0.0,0.0,0.0,0,1,0,1,0.0,0.0,0.0,0.0,0,0,0,0,0.909,1.0244,1.0,0.0,124.7011,78.0637,358.5621,0.0246,124.7011,78.0637,358.5621,0.0246,0.0,0,0.0
India_000438,RDD2022_India,2,0,0,0,2,0.0,0.0,0.0,0,1,0,1,0.0,0.0,0.0,0.0,0,0,0,0,0.8407,0.9432,1.0,0.0,154.0136,46.1701,206.2077,0.0241,154.0136,46.1701,206.2077,0.0241,0.0,1,0.6821
India_000439,RDD2022_India,8,0,0,0,8,0.0,0.0,0.0,0,1,0,1,0.0,0.0,0.0,0.0,0,0,0,0,0.8567,0.9324,1.0,0.0,141.0514,51.5513,418.5095,0.0313,141.0514,51.5513,418.5095,0.0313,0.0,3,0.556
India_000440,RDD2022_India,1,0,0,0,1,0.0,0.0,0.0,0,1,0,1,0.0,0.0,0.0,0.0,0,0,0,0,0.7894,0.863,1.0,0.0,153.4591,45.8404,438.9065,0.0453,153.4591,45.8404,438.9065,0.0453,0.0,1,0.3765
India_000446,RDD2022_India,1,0,0,0,1,0.0,0.0,0.0,0,1,0,1,0.0,0.0,0.0,0.0,0,0,0,0,0.7907,0.8964,1.0,0.0,150.2597,54.7736,488.2746,0.0487,150.2597,54.7736,488.2746,0.0487,0.0,1,0.4033
India_000448,RDD2022_India,3,0,0,0,3,0.0,0.0,0.0,0,1,0,1,0.0,0.0,0.0,0.0,0,0,0,0,0.8198,0.949,1.0,0.0,159.4787,48.9913,245.465,0.0353,159.4787,48.9913,245.465,0.0353,0.0,3,0.5887
India_000451,RDD2022_India,1,0,0,0,1,0.0,0.0,0.0,0,1,0,1,0.0,0.0,0.0,0.0,0,0,0,0,0.9026,0.9998,1.0,0.0,132.527,61.6584,256.8375,0.0307,132.527,61.6584,256.8375,0.0307,0.0,1,0.5817
India_000453,RDD2022_India,1,0,0,0,1,0.0,0.0,0.0,0,1,0,1,0.0,0.0,0.0,0.0,0,0,0,0,0.8665,0.9795,1.0,0.0,115.1452,77.9407,1114.6979,0.0689,115.1452,77.9407,1114.6979,0.0689,0.0,1,0.7375
India_000455,RDD2022_India,1,0,0,0,1,0.0,0.0,0.0,0,1,0,1,0.0,0.0,0.0,0.0,0,0,0,0,0.9033,1.0045,1.0,0.0,119.9835,79.3147,407.979,0.0293,119.9835,79.3147,407.979,0.0293,0.0,2,0.8632
India_000456,RDD2022_India,4,2,0,2,4,0.0,0.0,0.0,0,1,0,1,0.3247,0.3578,0.2916,0.0331,2,0,2,0,0.8559,0.9527,1.0,0.0,140.0083,60.9303,1165.8088,0.0768,140.0083,60.9303,1165.8088,0.0768,0.0,2,0.7008
India_000459,RDD2022_India,2,0,0,0,2,0.0,0.0,0.0,0,1,0,1,0.0,0.0,0.0,0.0,0,0,0,0,0.7916,0.8701,1.0,0.0,154.6757,34.3013,287.8582,0.0301,154.6757,34.3013,287.8582,0.0301,0.0,3,0.581
India_000462,RDD2022_India,2,1,0,1,2,0.0,0.0,0.0,0,1,0,1,0.3489,0.3489,0.3489,0.0,1,0,1,0,0.8573,0.9419,1.0,0.0,128.4303,68.3,779.2147,0.0523,128.4303,68.3,779.2147,0.0523,0.0,3,0.6946
India_000466,RDD2022_India,5,0,0,0,5,0.0,0.0,0.0,0,1,0,1,0.0,0.0,0.0,0.0,0,0,0,0,0.7017,0.7675,1.0,0.0,148.3452,59.089,221.0352,0.0183,148.3452,59.089,221.0352,0.0183,0.0,1,0.5987
India_000467,RDD2022_India,2,0,0,0,2,0.0,0.0,0.0,0,1,0,1,0.0,0.0,0.0,0.0,0,0,0,0,0.8578,0.9353,1.0,0.0,107.6123,93.0515,744.4273,0.0374,107.6123,93.0515,744.4273,0.0374,0.0,2,0.7943
India_000470,RDD2022_India,7,0,0,0,7,0.0,0.0,0.0,0,1,0,1,0.0,0.0,0.0,0.0,0,0,0,0,0.8469,0.9662,1.0,0.0,158.2254,47.451,178.4602,0.026,158.2254,47.451,178.4602,0.026,0.0,1,0.7723
India_000471,RDD2022_India,2,0,0,0,2,0.0,0.0,0.0,0,1,0,1,0.0,0.0,0.0,0.0,0,0,0,0,0.8856,0.993,1.0,0.0,137.3414,77.8985,208.5089,0.0262,137.3414,77.8985,208.5089,0.0262,0.0,2,0.7933
India_000472,RDD2022_India,4,0,0,0,4,0.0,0.0,0.0,0,1,0,1,0.0,0.0,0.0,0.0,0,0,0,0,0.8628,0.9481,1.0,0.0,126.5929,56.6871,434.3429,0.038,126.5929,56.6871,434.3429,0.038,0.0,2,0.5885
India_000475,RDD2022_India,5,0,0,0,5,0.0,0.0,0.0,0,1,0,1,0.0,0.0,0.0,0.0,0,0,0,0,0.791,0.8575,1.0,0.0,146.3349,61.1348,294.6802,0.03,146.3349,61.1348,294.6802,0.03,0.0,0,0.0
India_000477,RDD2022_India,1,0,0,0,1,0.0,0.0,0.0,0,1,0,1,0.0,0.0,0.0,0.0,0,0,0,0,0.7845,0.9147,1.0,0.0,158.6909,49.5139,664.2613,0.0472,158.6909,49.5139,664.2613,0.0472,0.0,1,0.3997
India_000478,RDD2022_India,2,0,0,0,2,0.0,0.0,0.0,0,1,0,1,0.0,0.0,0.0,0.0,0,0,0,0,0.8244,0.9347,1.0,0.0,127.1448,79.1086,1044.4717,0.0791,127.1448,79.1086,1044.4717,0.0791,0.0,3,0.5019
India_000480,RDD2022_India,2,0,0,0,2,0.0,0.0,0.0,0,1,0,1,0.0,0.0,0.0,0.0,0,0,0,0,0.7682,0.8164,1.0,0.0,110.0758,75.0269,824.6432,0.0594,110.0758,75.0269,824.6432,0.0594,0.0,1,0.7575
India_000482,RDD2022_India,2,0,0,0,2,0.0,0.0,0.0,0,1,0,1,0.0,0.0,0.0,0.0,0,0,0,0,0.8804,0.9619,1.0,0.0,106.5158,88.5943,335.0499,0.0243,106.5158,88.5943,335.0499,0.0243,0.0,3,0.9041
India_000483,RDD2022_India,1,0,0,0,1,0.0,0.0,0.0,0,1,0,1,0.0,0.0,0.0,0.0,0,0,0,0,0.8901,0.9876,1.0,0.0,112.5358,82.6478,167.215,0.0181,112.5358,82.6478,167.215,0.0181,0.0,1,0.6212
India_000485,RDD2022_India,1,1,0,1,1,0.0,0.0,0.0,0,1,0,1,0.2884,0.2884,0.2884,0.0,1,0,1,0,0.8403,0.936,1.0,0.0,152.1917,43.5814,175.6002,0.0238,152.1917,43.5814,175.6002,0.0238,0.0,4,0.5914
India_000486,RDD2022_India,2,0,0,0,2,0.0,0.0,0.0,0,1,0,1,0.0,0.0,0.0,0.0,0,0,0,0,0.8107,0.8703,1.0,0.0,156.2361,38.1005,363.5482,0.0307,156.2361,38.1005,363.5482,0.0307,0.0,2,0.7094
India_000492,RDD2022_India,1,0,0,0,1,0.0,0.0,0.0,0,1,0,1,0.0,0.0,0.0,0.0,0,0,0,0,0.7991,0.8688,1.0,0.0,138.943,44.8639,530.9168,0.0612,138.943,44.8639,530.9168,0.0612,0.0,2,0.2633
India_000493,RDD2022_India,1,0,0,0,1,0.0,0.0,0.0,0,1,0,1,0.0,0.0,0.0,0.0,0,0,0,0,0.7863,0.8458,1.0,0.0,131.4776,66.2155,982.1203,0.0782,131.4776,66.2155,982.1203,0.0782,0.0,1,0.7037
India_000494,RDD2022_India,2,0,0,0,2,0.0,0.0,0.0,0,1,0,1,0.0,0.0,0.0,0.0,0,0,0,0,0.8343,0.9106,1.0,0.0,152.149,44.031,210.0483,0.0249,152.149,44.031,210.0483,0.0249,0.0,6,0.6075
India_000495,RDD2022_India,1,0,0,0,1,0.0,0.0,0.0,0,1,0,1,0.0,0.0,0.0,0.0,0,0,0,0,0.8254,0.9235,1.0,0.0,117.9354,77.8768,539.8052,0.0518,117.9354,77.8768,539.8052,0.0518,0.0,0,0.0
India_000498,RDD2022_India,1,0,0,0,1,0.0,0.0,0.0,0,1,0,1,0.0,0.0,0.0,0.0,0,0,0,0,0.88,0.9726,1.0,0.0,114.9122,75.2267,414.6021,0.0288,114.9122,75.2267,414.6021,0.0288,0.0,4,0.904
India_000500,RDD2022_India,1,0,0,0,1,0.0,0.0,0.0,0,1,0,1,0.0,0.0,0.0,0.0,0,0,0,0,0.8753,0.9657,1.0,0.0,115.7884,74.0728,489.1551,0.0326,115.7884,74.0728,489.1551,0.0326,0.0,3,0.7955
India_000504,RDD2022_India,1,0,0,0,1,0.0,0.0,0.0,0,1,0,1,0.0,0.0,0.0,0.0,0,0,0,0,0.7695,0.8597,1.0,0.0,147.2481,64.8669,318.0552,0.0461,147.2481,64.8669,318.0552,0.0461,0.0,3,0.6789
India_000511,RDD2022_India,2,3,1,2,1,0.3333,0.5,0.4,1,0,1,0,0.3847,0.4523,0.2506,0.0948,1,0,1,0,0.8384,0.9249,1.0,0.0,93.0664,64.3365,644.9092,0.0487,93.0664,64.3365,644.9092,0.0487,0.0,3,0.8099
India_000512,RDD2022_India,1,0,0,0,1,0.0,0.0,0.0,0,1,0,1,0.0,0.0,0.0,0.0,0,0,0,0,0.8156,0.9499,1.0,0.0,126.3218,60.8933,254.1983,0.0296,126.3218,60.8933,254.1983,0.0296,0.0,0,0.0
India_000514,RDD2022_India,2,0,0,0,2,0.0,0.0,0.0,0,1,0,1,0.0,0.0,0.0,0.0,0,0,0,0,0.8396,0.9169,1.0,0.0,157.8026,36.758,217.7634,0.0287,157.8026,36.758,217.7634,0.0287,0.0,2,0.6726
India_000517,RDD2022_India,5,1,0,1,5,0.0,0.0,0.0,0,1,0,1,0.4122,0.4122,0.4122,0.0,0,0,0,0,0.8594,0.956,1.0,0.0,136.8428,50.8491,513.5591,0.0424,136.8428,50.8491,513.5591,0.0424,0.0,1,0.5393
India_000522,RDD2022_India,2,2,0,2,2,0.0,0.0,0.0,0,1,0,1,0.362,0.417,0.3069,0.0551,1,0,1,0,0.884,0.9829,1.0,0.0,138.2366,43.9104,488.6271,0.0436,138.2366,43.9104,488.6271,0.0436,0.0,4,0.5574
India_000524,RDD2022_India,3,0,0,0,3,0.0,0.0,0.0,0,1,0,1,0.0,0.0,0.0,0.0,0,0,0,0,0.7317,0.7962,1.0,0.0,146.3801,49.0301,225.1924,0.0193,146.3801,49.0301,225.1924,0.0193,0.0,2,0.6188
India_000525,RDD2022_India,2,1,0,1,2,0.0,0.0,0.0,0,1,0,1,0.3872,0.3872,0.3872,0.0,1,0,1,0,0.8944,1.0146,1.0,0.0,115.9381,80.3658,550.711,0.0393,115.9381,80.3658,550.711,0.0393,0.0,2,0.4439
India_000528,RDD2022_India,2,0,0,0,2,0.0,0.0,0.0,0,1,0,1,0.0,0.0,0.0,0.0,0,0,0,0,0.848,0.9464,1.0,0.0,148.1784,46.6899,498.6754,0.0433,148.1784,46.6899,498.6754,0.0433,0.0,5,0.5512
India_000532,RDD2022_India,2,0,0,0,2,0.0,0.0,0.0,0,1,0,1,0.0,0.0,0.0,0.0,0,0,0,0,0.847,0.9617,1.0,0.0,145.1682,45.6059,272.3325,0.0374,145.1682,45.6059,272.3325,0.0374,0.0,2,0.8076
India_000534,RDD2022_India,1,0,0,0,1,0.0,0.0,0.0,0,1,0,1,0.0,0.0,0.0,0.0,0,0,0,0,0.8566,0.9666,1.0,0.0,105.295,77.2627,1936.9487,0.1011,105.295,77.2627,1936.9487,0.1011,0.0,1,0.6917
India_000535,RDD2022_India,1,0,0,0,1,0.0,0.0,0.0,0,1,0,1,0.0,0.0,0.0,0.0,0,0,0,0,0.796,0.874,1.0,0.0,154.9968,34.1399,472.6609,0.0355,154.9968,34.1399,472.6609,0.0355,0.0,3,0.5682
India_000537,RDD2022_India,10,0,0,0,10,0.0,0.0,0.0,0,1,0,1,0.0,0.0,0.0,0.0,0,0,0,0,0.7796,0.8456,1.0,0.0,153.7526,41.8076,47.7528,0.0146,153.7526,41.8076,47.7528,0.0146,0.0,4,0.5561
India_000542,RDD2022_India,2,0,0,0,2,0.0,0.0,0.0,0,1,0,1,0.0,0.0,0.0,0.0,0,0,0,0,0.8949,1.0195,1.0,0.0,121.5,82.1521,445.4436,0.0426,121.5,82.1521,445.4436,0.0426,0.0,2,0.3032
India_000544,RDD2022_India,4,1,0,1,4,0.0,0.0,0.0,0,1,0,1,0.496,0.496,0.496,0.0,0,0,0,0,0.7985,0.8772,1.0,0.0,145.6554,71.7621,657.6131,0.0366,145.6554,71.7621,657.6131,0.0366,0.0,1,0.5884
India_000545,RDD2022_India,1,0,0,0,1,0.0,0.0,0.0,0,1,0,1,0.0,0.0,0.0,0.0,0,0,0,0,0.87,0.9454,1.0,0.0,142.1089,55.8583,223.7643,0.0205,142.1089,55.8583,223.7643,0.0205,0.0,2,0.5841
India_000548,RDD2022_India,1,1,0,1,1,0.0,0.0,0.0,0,1,0,1,0.3822,0.3822,0.3822,0.0,1,0,1,0,0.8768,0.9771,1.0,0.0,125.0451,76.8685,928.8481,0.0503,125.0451,76.8685,928.8481,0.0503,0.0,1,0.756
India_000552,RDD2022_India,6,0,0,0,6,0.0,0.0,0.0,0,1,0,1,0.0,0.0,0.0,0.0,0,0,0,0,0.8612,0.9614,1.0,0.0,164.5461,43.8929,179.593,0.0205,164.5461,43.8929,179.593,0.0205,0.0,3,0.6726
India_000555,RDD2022_India,2,0,0,0,2,0.0,0.0,0.0,0,1,0,1,0.0,0.0,0.0,0.0,0,0,0,0,0.8775,1.002,1.0,0.0,134.997,63.7887,808.4617,0.0577,134.997,63.7887,808.4617,0.0577,0.0,2,0.7367
India_000556,RDD2022_India,2,0,0,0,2,0.0,0.0,0.0,0,1,0,1,0.0,0.0,0.0,0.0,0,0,0,0,0.8079,0.9091,1.0,0.0,141.5148,54.2441,1134.6859,0.1173,141.5148,54.2441,1134.6859,0.1173,0.0,3,0.7086
India_000557,RDD2022_India,5,0,0,0,5,0.0,0.0,0.0,0,1,0,1,0.0,0.0,0.0,0.0,0,0,0,0,0.8572,0.9592,1.0,0.0,144.8473,52.0301,318.9557,0.0333,144.8473,52.0301,318.9557,0.0333,0.0,2,0.5816
India_000560,RDD2022_India,2,0,0,0,2,0.0,0.0,0.0,0,1,0,1,0.0,0.0,0.0,0.0,0,0,0,0,0.8395,0.9497,1.0,0.0,147.9166,53.4715,814.7346,0.0634,147.9166,53.4715,814.7346,0.0634,0.0,2,0.5041
India_000561,RDD2022_India,1,0,0,0,1,0.0,0.0,0.0,0,1,0,1,0.0,0.0,0.0,0.0,0,0,0,0,0.8586,0.9707,1.0,0.0,116.681,77.5607,608.1406,0.0461,116.681,77.5607,608.1406,0.0461,0.0,1,0.7734
India_000562,RDD2022_India,3,0,0,0,3,0.0,0.0,0.0,0,1,0,1,0.0,0.0,0.0,0.0,0,0,0,0,0.8185,0.9287,1.0,0.0,151.0547,49.2864,384.3103,0.0364,151.0547,49.2864,384.3103,0.0364,0.0,1,0.395
India_000563,RDD2022_India,2,0,0,0,2,0.0,0.0,0.0,0,1,0,1,0.0,0.0,0.0,0.0,0,0,0,0,0.8554,0.9677,1.0,0.0,154.0774,46.3485,205.1312,0.0296,154.0774,46.3485,205.1312,0.0296,0.0,2,0.5792
India_000566,RDD2022_India,1,0,0,0,1,0.0,0.0,0.0,0,1,0,1,0.0,0.0,0.0,0.0,0,0,0,0,0.8607,0.9539,1.0,0.0,119.5786,77.585,419.0225,0.039,119.5786,77.585,419.0225,0.039,0.0,2,0.9835
India_000570,RDD2022_India,2,0,0,0,2,0.0,0.0,0.0,0,1,0,1,0.0,0.0,0.0,0.0,0,0,0,0,0.8675,0.9359,1.0,0.0,131.3314,60.4679,225.9111,0.0259,131.3314,60.4679,225.9111,0.0259,0.0,3,0.7679
India_000575,RDD2022_India,2,0,0,0,2,0.0,0.0,0.0,0,1,0,1,0.0,0.0,0.0,0.0,0,0,0,0,0.8396,0.9448,1.0,0.0,113.1026,79.4951,509.021,0.0298,113.1026,79.4951,509.021,0.0298,0.0,0,0.0
India_000576,RDD2022_India,3,0,0,0,3,0.0,0.0,0.0,0,1,0,1,0.0,0.0,0.0,0.0,0,0,0,0,0.9026,1.0062,1.0,0.0,121.8588,73.8232,334.5482,0.0299,121.8588,73.8232,334.5482,0.0299,0.0,3,0.8286
India_000578,RDD2022_India,3,1,0,1,3,0.0,0.0,0.0,0,1,0,1,0.5833,0.5833,0.5833,0.0,0,0,0,0,0.8455,0.9268,1.0,0.0,137.8954,67.0995,392.6063,0.0675,137.8954,67.0995,392.6063,0.0675,0.0,1,0.8205
India_000579,RDD2022_India,5,0,0,0,5,0.0,0.0,0.0,0,1,0,1,0.0,0.0,0.0,0.0,0,0,0,0,0.8684,0.9604,1.0,0.0,141.6273,49.481,362.9845,0.0322,141.6273,49.481,362.9845,0.0322,0.0,1,0.5557
India_000580,RDD2022_India,3,2,0,2,3,0.0,0.0,0.0,0,1,0,1,0.5007,0.7018,0.2996,0.2011,1,1,1,1,0.8549,0.9406,1.0,0.0,125.1967,87.3392,583.7245,0.0532,125.1967,87.3392,583.7245,0.0532,0.0,2,0.802
India_000581,RDD2022_India,2,0,0,0,2,0.0,0.0,0.0,0,1,0,1,0.0,0.0,0.0,0.0,0,0,0,0,0.8238,0.9213,1.0,0.0,155.0987,43.0202,324.8513,0.0409,155.0987,43.0202,324.8513,0.0409,0.0,2,0.604
India_000582,RDD2022_India,1,0,0,0,1,0.0,0.0,0.0,0,1,0,1,0.0,0.0,0.0,0.0,0,0,0,0,0.8388,0.9122,1.0,0.0,153.1803,43.3542,630.7626,0.0456,153.1803,43.3542,630.7626,0.0456,0.0,3,0.7407
India_000586,RDD2022_India,4,0,0,0,4,0.0,0.0,0.0,0,1,0,1,0.0,0.0,0.0,0.0,0,0,0,0,0.8958,1.0047,1.0,0.0,132.1128,84.3142,353.0467,0.0283,132.1128,84.3142,353.0467,0.0283,0.0,3,0.7952
India_000589,RDD2022_India,1,0,0,0,1,0.0,0.0,0.0,0,1,0,1,0.0,0.0,0.0,0.0,0,0,0,0,0.7988,0.8993,1.0,0.0,146.76,57.4035,590.4805,0.0507,146.76,57.4035,590.4805,0.0507,0.0,1,0.4812
India_000590,RDD2022_India,2,0,0,0,2,0.0,0.0,0.0,0,1,0,1,0.0,0.0,0.0,0.0,0,0,0,0,0.8364,0.9161,1.0,0.0,133.7333,68.8064,527.1311,0.043,133.7333,68.8064,527.1311,0.043,0.0,2,0.7085
India_000591,RDD2022_India,2,1,0,1,2,0.0,0.0,0.0,0,1,0,1,0.3835,0.3835,0.3835,0.0,1,0,1,0,0.8373,0.9205,1.0,0.0,158.0774,44.5631,527.128,0.0501,158.0774,44.5631,527.128,0.0501,0.0,1,0.7291
India_000592,RDD2022_India,2,0,0,0,2,0.0,0.0,0.0,0,1,0,1,0.0,0.0,0.0,0.0,0,0,0,0,0.7839,0.8336,1.0,0.0,112.9894,74.8243,112.62,0.0325,112.9894,74.8243,112.62,0.0325,0.0,1,0.6636
India_000595,RDD2022_India,3,0,0,0,3,0.0,0.0,0.0,0,1,0,1,0.0,0.0,0.0,0.0,0,0,0,0,0.8314,0.8986,1.0,0.0,150.4263,46.4489,169.403,0.0174,150.4263,46.4489,169.403,0.0174,0.0,2,0.7994
India_000596,RDD2022_India,2,2,1,1,1,0.5,0.5,0.5,1,0,1,0,0.3812,0.4542,0.3081,0.073,1,0,1,0,0.7885,0.8856,1.0,0.0,135.9012,73.5993,167.3219,0.0192,135.9012,73.5993,167.3219,0.0192,0.0,1,0.3613
India_000597,RDD2022_India,2,0,0,0,2,0.0,0.0,0.0,0,1,0,1,0.0,0.0,0.0,0.0,0,0,0,0,0.8413,0.9246,1.0,0.0,126.3131,70.9691,493.4442,0.0534,126.3131,70.9691,493.4442,0.0534,0.0,2,0.5221
India_000599,RDD2022_India,1,0,0,0,1,0.0,0.0,0.0,0,1,0,1,0.0,0.0,0.0,0.0,0,0,0,0,0.8075,0.8956,1.0,0.0,114.9574,77.0438,701.8845,0.0502,114.9574,77.0438,701.8845,0.0502,0.0,2,0.7586
India_000601,RDD2022_India,1,0,0,0,1,0.0,0.0,0.0,0,1,0,1,0.0,0.0,0.0,0.0,0,0,0,0,0.8457,0.9408,1.0,0.0,123.5983,79.3344,773.1907,0.0632,123.5983,79.3344,773.1907,0.0632,0.0,3,0.7624
India_000603,RDD2022_India,1,0,0,0,1,0.0,0.0,0.0,0,1,0,1,0.0,0.0,0.0,0.0,0,0,0,0,0.6405,0.7665,1.0,0.0,133.541,50.6868,200.3124,0.037,133.541,50.6868,200.3124,0.037,0.0,6,0.944
India_000605,RDD2022_India,4,0,0,0,4,0.0,0.0,0.0,0,1,0,1,0.0,0.0,0.0,0.0,0,0,0,0,0.8889,0.9778,1.0,0.0,114.2349,82.5644,328.3576,0.0244,114.2349,82.5644,328.3576,0.0244,0.0,2,0.8328
India_000609,RDD2022_India,2,0,0,0,2,0.0,0.0,0.0,0,1,0,1,0.0,0.0,0.0,0.0,0,0,0,0,0.9117,1.0289,1.0,0.0,115.9847,79.526,302.1239,0.0232,115.9847,79.526,302.1239,0.0232,0.0,1,0.3612
India_000611,RDD2022_India,1,2,0,2,1,0.0,0.0,0.0,0,1,0,1,0.4362,0.4973,0.3752,0.0611,1,0,1,0,0.8349,0.9162,1.0,0.0,164.488,49.6263,208.9172,0.0277,164.488,49.6263,208.9172,0.0277,0.0,1,0.2486
India_000612,RDD2022_India,1,0,0,0,1,0.0,0.0,0.0,0,1,0,1,0.0,0.0,0.0,0.0,0,0,0,0,0.8629,0.9699,1.0,0.0,151.8892,72.2186,564.4234,0.0588,151.8892,72.2186,564.4234,0.0588,0.0,2,0.5272
India_000614,RDD2022_India,2,0,0,0,2,0.0,0.0,0.0,0,1,0,1,0.0,0.0,0.0,0.0,0,0,0,0,0.8262,0.9153,1.0,0.0,106.8297,72.2935,929.3364,0.0608,106.8297,72.2935,929.3364,0.0608,0.0,2,0.7479
India_000617,RDD2022_India,1,0,0,0,1,0.0,0.0,0.0,0,1,0,1,0.0,0.0,0.0,0.0,0,0,0,0,0.8639,0.973,1.0,0.0,112.8731,60.941,701.8559,0.0551,112.8731,60.941,701.8559,0.0551,0.0,3,0.7731
India_000618,RDD2022_India,4,0,0,0,4,0.0,0.0,0.0,0,1,0,1,0.0,0.0,0.0,0.0,0,0,0,0,0.8879,0.9931,1.0,0.0,137.3465,55.4199,525.2237,0.0478,137.3465,55.4199,525.2237,0.0478,0.0,2,0.7719
India_000622,RDD2022_India,3,0,0,0,3,0.0,0.0,0.0,0,1,0,1,0.0,0.0,0.0,0.0,0,0,0,0,0.896,0.9953,1.0,0.0,118.1751,87.3486,275.8401,0.0269,118.1751,87.3486,275.8401,0.0269,0.0,4,0.9956
India_000624,RDD2022_India,1,1,0,1,1,0.0,0.0,0.0,0,1,0,1,0.612,0.612,0.612,0.0,0,0,0,0,0.8756,1.0088,1.0,0.0,131.4407,72.234,522.5949,0.0449,131.4407,72.234,522.5949,0.0449,0.0,1,0.8473
India_000627,RDD2022_India,1,0,0,0,1,0.0,0.0,0.0,0,1,0,1,0.0,0.0,0.0,0.0,0,0,0,0,0.9013,1.0299,1.0,0.0,131.782,83.0356,1078.6244,0.0653,131.782,83.0356,1078.6244,0.0653,0.0,2,0.3105
India_000628,RDD2022_India,2,0,0,0,2,0.0,0.0,0.0,0,1,0,1,0.0,0.0,0.0,0.0,0,0,0,0,0.8853,0.9738,1.0,0.0,121.9943,86.2158,559.1742,0.0295,121.9943,86.2158,559.1742,0.0295,0.0,3,0.8167
India_000630,RDD2022_India,2,0,0,0,2,0.0,0.0,0.0,0,1,0,1,0.0,0.0,0.0,0.0,0,0,0,0,0.8042,0.8675,1.0,0.0,155.197,37.4834,425.3688,0.0313,155.197,37.4834,425.3688,0.0313,0.0,1,0.654
India_000631,RDD2022_India,3,0,0,0,3,0.0,0.0,0.0,0,1,0,1,0.0,0.0,0.0,0.0,0,0,0,0,0.8286,0.9074,1.0,0.0,105.1967,84.8766,471.6131,0.0377,105.1967,84.8766,471.6131,0.0377,0.0,1,0.7665
India_000638,RDD2022_India,1,0,0,0,1,0.0,0.0,0.0,0,1,0,1,0.0,0.0,0.0,0.0,0,0,0,0,0.8637,0.9587,1.0,0.0,125.2838,87.8239,790.5713,0.0535,125.2838,87.8239,790.5713,0.0535,0.0,2,0.6997
India_000644,RDD2022_India,2,1,0,1,2,0.0,0.0,0.0,0,1,0,1,0.2846,0.2846,0.2846,0.0,1,0,1,0,0.8088,0.8701,1.0,0.0,109.4329,88.7121,110.5998,0.0165,109.4329,88.7121,110.5998,0.0165,0.0,2,0.9157
India_000646,RDD2022_India,3,2,0,2,3,0.0,0.0,0.0,0,1,0,1,0.2821,0.2982,0.266,0.0161,2,0,2,0,0.8938,0.9923,1.0,0.0,118.5416,78.1439,275.5758,0.0336,118.5416,78.1439,275.5758,0.0336,0.0,1,0.777
India_000652,RDD2022_India,6,0,0,0,6,0.0,0.0,0.0,0,1,0,1,0.0,0.0,0.0,0.0,0,0,0,0,0.8396,0.9081,1.0,0.0,144.6333,53.4629,355.0361,0.0401,144.6333,53.4629,355.0361,0.0401,0.0,1,0.408
India_000654,RDD2022_India,1,0,0,0,1,0.0,0.0,0.0,0,1,0,1,0.0,0.0,0.0,0.0,0,0,0,0,0.8624,0.9488,1.0,0.0,145.7666,55.9164,464.6756,0.0571,145.7666,55.9164,464.6756,0.0571,0.0,1,0.5413
India_000655,RDD2022_India,1,0,0,0,1,0.0,0.0,0.0,0,1,0,1,0.0,0.0,0.0,0.0,0,0,0,0,0.852,0.9485,1.0,0.0,135.4594,44.356,328.935,0.0385,135.4594,44.356,328.935,0.0385,0.0,1,0.5541
India_000656,RDD2022_India,1,2,1,1,0,0.5,1.0,0.6667,1,0,1,0,0.3659,0.4656,0.2662,0.0997,1,0,1,0,0.8447,0.9308,1.0,0.0,116.6145,79.2323,1163.4674,0.086,116.6145,79.2323,1163.4674,0.086,0.0,3,0.7404
India_000659,RDD2022_India,7,0,0,0,7,0.0,0.0,0.0,0,1,0,1,0.0,0.0,0.0,0.0,0,0,0,0,0.8594,0.9446,1.0,0.0,144.1785,49.6652,418.6884,0.0324,144.1785,49.6652,418.6884,0.0324,0.0,3,0.5761
India_000665,RDD2022_India,4,0,0,0,4,0.0,0.0,0.0,0,1,0,1,0.0,0.0,0.0,0.0,0,0,0,0,0.8689,0.9827,1.0,0.0,124.5621,67.0619,1168.3931,0.0778,124.5621,67.0619,1168.3931,0.0778,0.0,1,0.4532
India_000667,RDD2022_India,1,0,0,0,1,0.0,0.0,0.0,0,1,0,1,0.0,0.0,0.0,0.0,0,0,0,0,0.853,0.9671,1.0,0.0,129.9743,82.2851,174.6881,0.0186,129.9743,82.2851,174.6881,0.0186,0.0,4,0.814
India_000669,RDD2022_India,4,1,0,1,4,0.0,0.0,0.0,0,1,0,1,0.4827,0.4827,0.4827,0.0,0,0,0,0,0.829,0.917,1.0,0.0,159.9215,36.4029,234.5048,0.0244,159.9215,36.4029,234.5048,0.0244,0.0,2,0.7179
India_000676,RDD2022_India,1,1,0,1,1,0.0,0.0,0.0,0,1,0,1,0.2808,0.2808,0.2808,0.0,1,0,1,0,0.849,0.9825,1.0,0.0,144.3471,45.5201,366.7162,0.0404,144.3471,45.5201,366.7162,0.0404,0.0,4,0.5696
India_000678,RDD2022_India,2,0,0,0,2,0.0,0.0,0.0,0,1,0,1,0.0,0.0,0.0,0.0,0,0,0,0,0.8831,0.9643,1.0,0.0,111.4223,72.5737,573.2224,0.0494,111.4223,72.5737,573.2224,0.0494,0.0,0,0.0
India_000680,RDD2022_India,2,0,0,0,2,0.0,0.0,0.0,0,1,0,1,0.0,0.0,0.0,0.0,0,0,0,0,0.8359,0.9212,1.0,0.0,146.1155,70.104,985.5349,0.0833,146.1155,70.104,985.5349,0.0833,0.0,2,0.7004
India_000681,RDD2022_India,1,0,0,0,1,0.0,0.0,0.0,0,1,0,1,0.0,0.0,0.0,0.0,0,0,0,0,0.827,0.9018,1.0,0.0,128.6483,93.2179,590.6117,0.0423,128.6483,93.2179,590.6117,0.0423,0.0,3,0.7601
India_000682,RDD2022_India,2,0,0,0,2,0.0,0.0,0.0,0,1,0,1,0.0,0.0,0.0,0.0,0,0,0,0,0.8929,1.0075,1.0,0.0,119.735,72.5051,95.1937,0.0182,119.735,72.5051,95.1937,0.0182,0.0,1,0.7756
India_000683,RDD2022_India,2,1,0,1,2,0.0,0.0,0.0,0,1,0,1,0.3096,0.3096,0.3096,0.0,1,0,1,0,0.8039,0.8756,1.0,0.0,156.6434,43.6388,658.3061,0.0516,156.6434,43.6388,658.3061,0.0516,0.0,3,0.536
India_000684,RDD2022_India,2,1,0,1,2,0.0,0.0,0.0,0,1,0,1,0.4354,0.4354,0.4354,0.0,0,0,0,0,0.8623,0.9524,1.0,0.0,133.9254,49.3054,274.188,0.0306,133.9254,49.3054,274.188,0.0306,0.0,2,0.7765
India_000685,RDD2022_India,4,0,0,0,4,0.0,0.0,0.0,0,1,0,1,0.0,0.0,0.0,0.0,0,0,0,0,0.8578,0.949,1.0,0.0,160.7366,35.8066,204.7257,0.0226,160.7366,35.8066,204.7257,0.0226,0.0,4,0.6
India_000688,RDD2022_India,1,2,0,2,1,0.0,0.0,0.0,0,1,0,1,0.3773,0.4245,0.33,0.0472,1,0,1,0,0.8507,0.9617,1.0,0.0,124.6349,82.3927,209.2019,0.0195,124.6349,82.3927,209.2019,0.0195,0.0,2,0.7832
India_000690,RDD2022_India,1,1,0,1,1,0.0,0.0,0.0,0,1,0,1,0.5331,0.5331,0.5331,0.0,0,0,0,0,0.7107,0.7893,1.0,0.0,152.7602,59.5265,155.6454,0.0171,152.7602,59.5265,155.6454,0.0171,0.0,3,0.8123
India_000700,RDD2022_India,1,0,0,0,1,0.0,0.0,0.0,0,1,0,1,0.0,0.0,0.0,0.0,0,0,0,0,0.8434,0.9377,1.0,0.0,138.199,77.2295,264.7176,0.0164,138.199,77.2295,264.7176,0.0164,0.0,2,0.8647
India_000701,RDD2022_India,1,0,0,0,1,0.0,0.0,0.0,0,1,0,1,0.0,0.0,0.0,0.0,0,0,0,0,0.8483,0.9354,1.0,0.0,127.1924,81.7437,685.6962,0.0599,127.1924,81.7437,685.6962,0.0599,0.0,1,0.7944
India_000702,RDD2022_India,1,0,0,0,1,0.0,0.0,0.0,0,1,0,1,0.0,0.0,0.0,0.0,0,0,0,0,0.8945,1.012,1.0,0.0,119.0039,78.8488,39.702,0.0149,119.0039,78.8488,39.702,0.0149,0.0,2,0.5984
India_000705,RDD2022_India,3,0,0,0,3,0.0,0.0,0.0,0,1,0,1,0.0,0.0,0.0,0.0,0,0,0,0,0.8786,0.9827,1.0,0.0,149.1573,54.0571,368.1556,0.041,149.1573,54.0571,368.1556,0.041,0.0,1,0.7965
India_000709,RDD2022_India,1,0,0,0,1,0.0,0.0,0.0,0,1,0,1,0.0,0.0,0.0,0.0,0,0,0,0,0.8603,0.9465,1.0,0.0,123.1891,74.3927,589.5584,0.0617,123.1891,74.3927,589.5584,0.0617,0.0,1,0.7731
India_000710,RDD2022_India,3,0,0,0,3,0.0,0.0,0.0,0,1,0,1,0.0,0.0,0.0,0.0,0,0,0,0,0.8254,0.9289,1.0,0.0,153.0776,45.317,163.3116,0.0178,153.0776,45.317,163.3116,0.0178,0.0,2,0.4246
India_000711,RDD2022_India,1,0,0,0,1,0.0,0.0,0.0,0,1,0,1,0.0,0.0,0.0,0.0,0,0,0,0,0.8674,0.9577,1.0,0.0,166.436,49.0165,90.9498,0.021,166.436,49.0165,90.9498,0.021,0.0,1,0.5723
India_000714,RDD2022_India,3,0,0,0,3,0.0,0.0,0.0,0,1,0,1,0.0,0.0,0.0,0.0,0,0,0,0,0.8323,0.9059,1.0,0.0,151.2416,43.886,930.0692,0.0621,151.2416,43.886,930.0692,0.0621,0.0,2,0.5056
India_000715,RDD2022_India,1,0,0,0,1,0.0,0.0,0.0,0,1,0,1,0.0,0.0,0.0,0.0,0,0,0,0,0.8931,0.9988,1.0,0.0,117.1297,77.2748,331.7438,0.0295,117.1297,77.2748,331.7438,0.0295,0.0,3,0.8094
India_000718,RDD2022_India,2,0,0,0,2,0.0,0.0,0.0,0,1,0,1,0.0,0.0,0.0,0.0,0,0,0,0,0.873,0.9704,1.0,0.0,119.5193,82.2178,430.9738,0.0456,119.5193,82.2178,430.9738,0.0456,0.0,1,0.6659
India_000724,RDD2022_India,1,0,0,0,1,0.0,0.0,0.0,0,1,0,1,0.0,0.0,0.0,0.0,0,0,0,0,0.8666,0.991,1.0,0.0,154.0235,60.593,456.9973,0.0543,154.0235,60.593,456.9973,0.0543,0.0,1,0.8173
India_000726,RDD2022_India,1,0,0,0,1,0.0,0.0,0.0,0,1,0,1,0.0,0.0,0.0,0.0,0,0,0,0,0.7947,0.8753,1.0,0.0,139.3352,68.629,300.2348,0.0445,139.3352,68.629,300.2348,0.0445,0.0,1,0.3757
India_000729,RDD2022_India,6,0,0,0,6,0.0,0.0,0.0,0,1,0,1,0.0,0.0,0.0,0.0,0,0,0,0,0.8516,0.9394,1.0,0.0,145.3615,54.3895,215.8407,0.0214,145.3615,54.3895,215.8407,0.0214,0.0,2,0.5841
India_000730,RDD2022_India,1,0,0,0,1,0.0,0.0,0.0,0,1,0,1,0.0,0.0,0.0,0.0,0,0,0,0,0.8141,0.9105,1.0,0.0,131.569,80.4177,1058.043,0.0722,131.569,80.4177,1058.043,0.0722,0.0,2,0.7702
India_000731,RDD2022_India,1,0,0,0,1,0.0,0.0,0.0,0,1,0,1,0.0,0.0,0.0,0.0,0,0,0,0,0.8938,0.9966,1.0,0.0,125.1065,78.1173,986.4489,0.0812,125.1065,78.1173,986.4489,0.0812,0.0,0,0.0
India_000732,RDD2022_India,1,0,0,0,1,0.0,0.0,0.0,0,1,0,1,0.0,0.0,0.0,0.0,0,0,0,0,0.8132,0.9194,1.0,0.0,101.5206,83.2718,798.9917,0.0642,101.5206,83.2718,798.9917,0.0642,0.0,0,0.0
India_000735,RDD2022_India,1,0,0,0,1,0.0,0.0,0.0,0,1,0,1,0.0,0.0,0.0,0.0,0,0,0,0,0.7992,0.9056,1.0,0.0,120.7273,78.149,1875.5564,0.0766,120.7273,78.149,1875.5564,0.0766,0.0,0,0.0
India_000739,RDD2022_India,2,0,0,0,2,0.0,0.0,0.0,0,1,0,1,0.0,0.0,0.0,0.0,0,0,0,0,0.8599,0.9371,1.0,0.0,108.9157,69.0581,272.2797,0.0339,108.9157,69.0581,272.2797,0.0339,0.0,2,0.7539
India_000740,RDD2022_India,1,2,0,2,1,0.0,0.0,0.0,0,1,0,1,0.4787,0.7035,0.2539,0.2248,1,1,1,1,0.8871,1.0225,1.0,0.0,140.0459,87.4482,105.1271,0.0124,140.0459,87.4482,105.1271,0.0124,0.0,0,0.0
India_000742,RDD2022_India,1,0,0,0,1,0.0,0.0,0.0,0,1,0,1,0.0,0.0,0.0,0.0,0,0,0,0,0.6997,0.8331,1.0,0.0,140.2855,63.8617,377.1303,0.0464,140.2855,63.8617,377.1303,0.0464,0.0,5,0.5947
India_000743,RDD2022_India,1,0,0,0,1,0.0,0.0,0.0,0,1,0,1,0.0,0.0,0.0,0.0,0,0,0,0,0.8929,1.0233,1.0,0.0,123.5211,89.7413,719.3948,0.0449,123.5211,89.7413,719.3948,0.0449,0.0,1,0.561
India_000744,RDD2022_India,2,0,0,0,2,0.0,0.0,0.0,0,1,0,1,0.0,0.0,0.0,0.0,0,0,0,0,0.8281,0.9306,1.0,0.0,137.5985,69.4545,518.2056,0.0683,137.5985,69.4545,518.2056,0.0683,0.0,1,0.7921
India_000745,RDD2022_India,2,0,0,0,2,0.0,0.0,0.0,0,1,0,1,0.0,0.0,0.0,0.0,0,0,0,0,0.8089,0.891,1.0,0.0,143.6186,51.9264,213.5262,0.0262,143.6186,51.9264,213.5262,0.0262,0.0,3,0.5748
India_000746,RDD2022_India,1,1,0,1,1,0.0,0.0,0.0,0,1,0,1,0.3183,0.3183,0.3183,0.0,1,0,1,0,0.8239,0.8939,1.0,0.0,148.7246,53.4998,851.4292,0.0571,148.7246,53.4998,851.4292,0.0571,0.0,1,0.6186
India_000747,RDD2022_India,2,0,0,0,2,0.0,0.0,0.0,0,1,0,1,0.0,0.0,0.0,0.0,0,0,0,0,0.8606,0.9573,1.0,0.0,126.7318,81.0757,354.5057,0.0323,126.7318,81.0757,354.5057,0.0323,0.0,2,0.812
India_000748,RDD2022_India,1,0,0,0,1,0.0,0.0,0.0,0,1,0,1,0.0,0.0,0.0,0.0,0,0,0,0,0.8618,0.9617,1.0,0.0,112.4901,76.4181,943.179,0.0766,112.4901,76.4181,943.179,0.0766,0.0,0,0.0
India_000756,RDD2022_India,2,1,0,1,2,0.0,0.0,0.0,0,1,0,1,0.3945,0.3945,0.3945,0.0,1,0,1,0,0.8639,0.9598,1.0,0.0,144.8433,41.4563,326.6824,0.0405,144.8433,41.4563,326.6824,0.0405,0.0,3,0.8316
India_000758,RDD2022_India,1,1,1,0,0,1.0,1.0,1.0,1,0,1,0,0.2685,0.2685,0.2685,0.0,1,0,1,0,0.8495,0.9717,1.0,0.0,134.6167,72.7471,487.3861,0.0349,134.6167,72.7471,487.3861,0.0349,0.0,2,0.807
India_000759,RDD2022_India,3,0,0,0,3,0.0,0.0,0.0,0,1,0,1,0.0,0.0,0.0,0.0,0,0,0,0,0.8883,0.9932,1.0,0.0,150.2891,52.2822,578.8752,0.0557,150.2891,52.2822,578.8752,0.0557,0.0,2,0.7457
India_000760,RDD2022_India,1,1,1,0,0,1.0,1.0,1.0,1,0,1,0,0.3784,0.3784,0.3784,0.0,1,0,1,0,0.887,1.0007,1.0,0.0,100.8255,92.9798,975.4237,0.0406,100.8255,92.9798,975.4237,0.0406,0.0,1,0.6497
India_000763,RDD2022_India,1,0,0,0,1,0.0,0.0,0.0,0,1,0,1,0.0,0.0,0.0,0.0,0,0,0,0,0.8422,0.9588,1.0,0.0,119.4524,83.1323,2332.4283,0.1095,119.4524,83.1323,2332.4283,0.1095,0.0,2,0.4345
India_000765,RDD2022_India,1,0,0,0,1,0.0,0.0,0.0,0,1,0,1,0.0,0.0,0.0,0.0,0,0,0,0,0.8367,0.931,1.0,0.0,145.8496,72.0339,236.1861,0.0248,145.8496,72.0339,236.1861,0.0248,0.0,1,0.4428
India_000768,RDD2022_India,2,0,0,0,2,0.0,0.0,0.0,0,1,0,1,0.0,0.0,0.0,0.0,0,0,0,0,0.8097,0.8883,1.0,0.0,100.3864,79.7834,373.6955,0.0352,100.3864,79.7834,373.6955,0.0352,0.0,3,0.7014
India_000770,RDD2022_India,3,0,0,0,3,0.0,0.0,0.0,0,1,0,1,0.0,0.0,0.0,0.0,0,0,0,0,0.8561,0.9462,1.0,0.0,130.0686,58.1287,426.5167,0.0361,130.0686,58.1287,426.5167,0.0361,0.0,2,0.5663
India_000771,RDD2022_India,1,0,0,0,1,0.0,0.0,0.0,0,1,0,1,0.0,0.0,0.0,0.0,0,0,0,0,0.7975,0.8884,1.0,0.0,157.5694,36.1191,181.791,0.0228,157.5694,36.1191,181.791,0.0228,0.0,2,0.4144
India_000772,RDD2022_India,1,0,0,0,1,0.0,0.0,0.0,0,1,0,1,0.0,0.0,0.0,0.0,0,0,0,0,0.8705,0.96,1.0,0.0,134.7518,67.6273,164.6105,0.0194,134.7518,67.6273,164.6105,0.0194,0.0,1,0.8426
India_000773,RDD2022_India,1,0,0,0,1,0.0,0.0,0.0,0,1,0,1,0.0,0.0,0.0,0.0,0,0,0,0,0.781,0.896,1.0,0.0,149.4417,39.201,416.222,0.0441,149.4417,39.201,416.222,0.0441,0.0,2,0.5567
India_000775,RDD2022_India,3,0,0,0,3,0.0,0.0,0.0,0,1,0,1,0.0,0.0,0.0,0.0,0,0,0,0,0.8871,0.9719,1.0,0.0,115.9887,74.2359,406.398,0.0331,115.9887,74.2359,406.398,0.0331,0.0,1,0.7697
India_000776,RDD2022_India,1,0,0,0,1,0.0,0.0,0.0,0,1,0,1,0.0,0.0,0.0,0.0,0,0,0,0,0.8383,0.9511,1.0,0.0,160.2146,40.1174,280.0272,0.0309,160.2146,40.1174,280.0272,0.0309,0.0,4,0.5609
India_000780,RDD2022_India,2,0,0,0,2,0.0,0.0,0.0,0,1,0,1,0.0,0.0,0.0,0.0,0,0,0,0,0.9074,1.049,1.0,0.0,123.582,82.7368,303.6723,0.033,123.582,82.7368,303.6723,0.033,0.0,1,0.7073
India_000781,RDD2022_India,2,0,0,0,2,0.0,0.0,0.0,0,1,0,1,0.0,0.0,0.0,0.0,0,0,0,0,0.7781,0.883,1.0,0.0,145.6125,68.4202,204.0714,0.0197,145.6125,68.4202,204.0714,0.0197,0.0,1,0.643
India_000782,RDD2022_India,1,2,0,2,1,0.0,0.0,0.0,0,1,0,1,0.3588,0.3982,0.3193,0.0395,2,0,2,0,0.7954,0.8894,1.0,0.0,111.6544,69.4338,495.0661,0.0356,111.6544,69.4338,495.0661,0.0356,0.0,0,0.0
India_000785,RDD2022_India,2,1,0,1,2,0.0,0.0,0.0,0,1,0,1,0.2743,0.2743,0.2743,0.0,1,0,1,0,0.8293,0.9207,1.0,0.0,157.5225,31.7193,49.5533,0.0085,157.5225,31.7193,49.5533,0.0085,0.0,1,0.6145
India_000788,RDD2022_India,2,0,0,0,2,0.0,0.0,0.0,0,1,0,1,0.0,0.0,0.0,0.0,0,0,0,0,0.8895,0.9945,1.0,0.0,127.6485,87.3787,137.4032,0.0149,127.6485,87.3787,137.4032,0.0149,0.0,1,0.6129
India_000789,RDD2022_India,1,1,0,1,1,0.0,0.0,0.0,0,1,0,1,0.3099,0.3099,0.3099,0.0,1,0,1,0,0.8846,0.9694,1.0,0.0,144.3485,51.6011,293.298,0.0276,144.3485,51.6011,293.298,0.0276,0.0,4,0.8005
India_000791,RDD2022_India,3,0,0,0,3,0.0,0.0,0.0,0,1,0,1,0.0,0.0,0.0,0.0,0,0,0,0,0.7604,0.8358,1.0,0.0,154.6149,53.5954,239.5451,0.0267,154.6149,53.5954,239.5451,0.0267,0.0,1,0.4459
India_000796,RDD2022_India,1,0,0,0,1,0.0,0.0,0.0,0,1,0,1,0.0,0.0,0.0,0.0,0,0,0,0,0.857,0.9701,1.0,0.0,150.0727,43.8164,159.5431,0.022,150.0727,43.8164,159.5431,0.022,0.0,3,0.7706
India_000797,RDD2022_India,1,1,0,1,1,0.0,0.0,0.0,0,1,0,1,0.377,0.377,0.377,0.0,1,0,1,0,0.8441,0.9416,1.0,0.0,165.9936,42.8296,175.4335,0.0222,165.9936,42.8296,175.4335,0.0222,0.0,4,0.4113
